player_name,player_key,ppn,player_full_name,matched_by,fuzzy_score,is_correct
Aadarsh Tripathi,69983.0,A. Tripathi,Aadarsh Tripathi,sorted_name,,ok
Aaron Funk,57709.0,A. Funk,Aaron Funk,sorted_name,,ok
Aaron Gil Garcia,58548.0,A. Gil Garcia,Aaron Gil Garcia,sorted_name,,ok
Aaron James Williams,40206.0,A. J. Williams,James Williams Aaron,sorted_name,,ok
Tomas Curras Abasolo,6717.0,T. Curras Abasolo,Tomas Curras Abasolo,sorted_name,,ok
Sami Ben Abdennibi,8143.0,S. Ben Abdennibi,Sami Ben Abdennibi,sorted_name,,ok
Wissam Abderrahman,1948.0,W. Abderrahman,Wissam Abderrahman,sorted_name,,ok
Abdulaziz Usmonjonov,83536.0,A. Usmonjonov,Abdulaziz Usmonjonov,sorted_name,,ok
Abdulhamid Mubarak,14543.0,A. Mubarak,Abdulhamid Mubarak,sorted_name,,ok
Alan Abdullin,76612.0,A. Abdullin,Alan Abdullin,sorted_name,,ok
Damir Abdusamadov,74152.0,D. Abdusamadov,Damir Abdusamadov,sorted_name,,ok
Motoharu Abe,94844.0,M. Abe,Motoharu Abe,sorted_name,,ok
Abel Forger,57239.0,A. Forger,Abel Forger,sorted_name,,ok
Abhinav Sanjeev Shanmugam,1279.0,A. Shanmugam,Sanjeev Shanmugam Abhinav,sorted_name,,ok
Mohamed Ali Abibsi,13016.0,A. Abibsi,Ali Abibsi Mohamed,sorted_name,,ok
Leonardo Aboian,688.0,L. Aboian,Leonardo Aboian,sorted_name,,ok
Valerio Aboian,703.0,V. Aboian,Valerio Aboian,sorted_name,,ok
Abraham Asaba,9194.0,A. Asaba,Abraham Asaba,sorted_name,,ok
Achilles Belkovics,68441.0,A. Belkovics,Achilles Belkovics,sorted_name,,ok
Facundo Diaz Acosta,2002.0,F. Diaz Acosta,Facundo Diaz Acosta,sorted_name,,ok
Adam Farag Cao,75349.0,A. Farag-Cao,Adam Farag-Cao,sorted_name,,ok
Adam Gabor Szoke,74231.0,A. G. Szoke,Gabor Szoke Adam,sorted_name,,ok
Zachary Adam-Gedge,75319.0,Z. Adam-Gedge,Zachary Adam-Gedge,sorted_name,,ok
Adam Heinonen,26150.0,A. Heinonen,Adam Heinonen,sorted_name,,ok
Adam Jilly,58390.0,A. Jilly,Adam Jilly,sorted_name,,ok
Adam Jones,647.0,A. Jones,Adam Jones,sorted_name,,ok
Adam Lynch,71521.0,A. Lynch,Adam Lynch,sorted_name,,ok
Adam Majchrzak,58193.0,A. Majchrzak,Adam Majchrzak,sorted_name,,ok
Adam Panaras,55805.0,A. Panaras,Adam Panaras,sorted_name,,ok
Adam Walton,10070.0,A. Walton,Adam Walton,sorted_name,,ok
Adan Freire Da Silva,38022.0,A. Freire Da Silva,Adan Freire Da Silva,sorted_name,,ok
Dan Added,1854.0,D. Added,Dan Added,sorted_name,,ok
Adhithya Ganesan,54464.0,A. Ganesan,Adhithya Ganesan,sorted_name,,ok
Adil Kalyanpur,775.0,A. Kalyanpur,Adil Kalyanpur,sorted_name,,ok
Adit Sinha,18085.0,A. Sinha,Adit Sinha,sorted_name,,ok
Aditya Vishal Balsekar,37953.0,A. Vishal Balsekar,Aditya Vishal Balsekar,sorted_name,,ok
Aditya Govila,63408.0,A. Govila,Aditya Govila,sorted_name,,ok
Admir Kalender,920.0,A. Kalender,Admir Kalender,sorted_name,,ok
Adolfo Daniel Vallejo,9217.0,D. Vallejo,Daniel Vallejo Adolfo,sorted_name,,ok
Adria Soriano Barrera,1330.0,A. Soriano Barrera,Adria Soriano Barrera,sorted_name,,ok
Stefan Adrian Andreescu,38014.0,S. A. Andreescu,Adrian Andreescu Stefan,sorted_name,,ok
Adrian Andreev,2409.0,A. Andreev,Adrian Andreev,sorted_name,,ok
Adrian Arcon,38999.0,A. Arcon,Adrian Arcon,sorted_name,,ok
Adrian Mannarino,438.0,A. Mannarino,Adrian Mannarino,sorted_name,,ok
Adrian Oetzbach,751.0,A. Oetzbach,Adrian Oetzbach,sorted_name,,ok
Adrien Burdet,40101.0,A. Burdet,Adrien Burdet,sorted_name,,ok
Adrien Gobat,13854.0,A. Gobat,Adrien Gobat,sorted_name,,ok
Laurin Aerne,88314.0,L. Aerne,Laurin Aerne,sorted_name,,ok
Sarp Agabigun,8973.0,S. Agabigun,Sarp Agabigun,sorted_name,,ok
Egor Agafonov,650.0,E. Agafonov,Egor Agafonov,sorted_name,,ok
Franco Agamenone,373.0,F. Agamenone,Franco Agamenone,sorted_name,,ok
Rishab Agarwal,14198.0,R. Agarwal,Rishab Agarwal,sorted_name,,ok
Agassi Rusher,89204.0,A. Rusher,Agassi Rusher,sorted_name,,ok
Parth Aggarwal,1284.0,P. Aggarwal,Parth Aggarwal,sorted_name,,ok
Simone Agostini,13198.0,S. Agostini,Simone Agostini,sorted_name,,ok
Enzo Aguiard,15290.0,E. Aguiard,Enzo Aguiard,sorted_name,,ok
Federico Aguilar Cardozo,38833.0,F. Aguilar Cardozo,Federico Aguilar Cardozo,sorted_name,,ok
Joaquin Aguilar Cardozo,38832.0,J. Aguilar,Joaquin Aguilar Cardozo,sorted_name,,ok
Lautaro Agustin Corthey,55030.0,L. A. Corthey,Agustin Corthey Lautaro,sorted_name,,ok
Lautaro Agustin Falabella,18335.0,L. A. Falabella,Agustin Falabella Lautaro,sorted_name,,ok
Federico Agustin Gomez,717.0,F. A. Gomez,Agustin Gomez Federico,sorted_name,,ok
Thiago Agustin Pernas,91698.0,T. A. Pernas,Agustin Pernas Thiago,sorted_name,,ok
Thiago Agustin Tirante,366.0,T. A. Tirante,Agustin Tirante Thiago,sorted_name,,ok
Roberto Bautista Agut,2734.0,R. Bautista-Agut,Roberto Bautista-Agut,sorted_name,,ok
Michael Agwi,38006.0,M. Agwi,Michael Agwi,sorted_name,,ok
Ahmed Mouhan,23586.0,A. Mouhan,Ahmed Mouhan,sorted_name,,ok
Yassin Ahmed Wageh,90102.0,Y. A. Wageh,Ahmed Wageh Yassin,sorted_name,,ok
Ahmed Zaki,91701.0,A. Zaki,Ahmed Zaki,sorted_name,,ok
Walid Ahouda,791.0,W. Ahouda,Walid Ahouda,sorted_name,,ok
Eric Ahren Moonga,90763.0,E. Ahren Moonga,Eric Ahren Moonga,sorted_name,,ok
Vesa Ahti,38068.0,V. Ahti,Vesa Ahti,sorted_name,,ok
Aidan Kim,9381.0,A. Kim,Aidan Kim,sorted_name,,ok
Aidan Mayo,9216.0,A. Mayo,Aidan Mayo,sorted_name,,ok
Aidan McHugh,875.0,A. McHugh,Aidan McHugh,sorted_name,,ok
Ainius Sabaliauskas,21543.0,A. Sabaliauskas,Ainius Sabaliauskas,sorted_name,,ok
Artur Aiukhanov,90116.0,A. Aiukhanov,Artur Aiukhanov,sorted_name,,ok
Ajay Malik,23375.0,A. Malik,Ajay Malik,sorted_name,,ok
Duje Ajdukovic,392.0,D. Ajdukovic,Duje Ajdukovic,sorted_name,,ok
Ajeet Rai,3224.0,A. Rai,Ajeet Rai,sorted_name,,ok
Akira Santillan,868.0,A. Santillan,Akira Santillan,sorted_name,,ok
Akram El Sallaly,705.0,A. El Sallaly,Akram El Sallaly,sorted_name,,ok
Karim Al-Amin,71900.0,K. Al-Amin,Karim Al-Amin,sorted_name,,ok
Taym Al Azmeh,38100.0,T. Al Azmeh,Taym Al Azmeh,sorted_name,,ok
Alaa Trifi,63836.0,A. Trifi,Alaa Trifi,sorted_name,,ok
Bader Alabdullah,39944.0,B. Alabdullah,Bader Alabdullah,sorted_name,,ok
Alafia Ayeni,2481.0,A. Ayeni,Alafia Ayeni,sorted_name,,ok
Peter Alam,55860.0,P. Alam,Peter Alam,sorted_name,,ok
Shaheed Alam,16555.0,S. Alam,Shaheed Alam,sorted_name,,ok
Alan Bojarski,15216.0,A. Bojarski,Alan Bojarski,sorted_name,,ok
Alan Fernando Rubio Fierros,14088.0,A. F. Rubio Fierros,Fernando Rubio Fierros Alan,sorted_name,,ok
Alan Magadan,60067.0,A. Magadan,Alan Magadan,sorted_name,,ok
Alan Wazny,71082.0,A. Wazny,Alan Wazny,sorted_name,,ok
Benjamin Denis Alarcon,37946.0,B. D. Alarcon,Denis Alarcon Benjamin,sorted_name,,ok
Alastair Gray,2110.0,A. Gray,Alastair Gray,sorted_name,,ok
Rafael De Alba,72766.0,R. De Alba,Rafael De Alba,sorted_name,,ok
Albano Olivetti,5067.0,A. Olivetti,Albano Olivetti,sorted_name,,ok
Fantino Alberca De Las Casas,93495.0,C. F. Alberca d. l.,Fantino Alberca de las Casas,sorted_name,,ok
Albert Pedrico Kravtsov,55487.0,K. A. Pedrico,Albert Pedrico Kravtsov,sorted_name,,ok
Albert Ramos-Vinolas,1090.0,A. Ramos,Albert Ramos-Vinolas,sorted_name,,ok
Filippo Alberti,64840.0,F. Alberti,Filippo Alberti,sorted_name,,ok
Alberto Odiseo Alvarado Berrospi,13760.0,A. O. Alvarado Berrospi,Odiseo Alvarado Berrospi Alberto,sorted_name,,ok
Alberto Barroso Campos,1266.0,A. Barroso Campos,Alberto Barroso Campos,sorted_name,,ok
Alberto Bronzetti,56232.0,A. Bronzetti,Alberto Bronzetti,sorted_name,,ok
Carlo Alberto Caniato,24283.0,C. A. Caniato,Alberto Caniato Carlo,sorted_name,,ok
Carlo Alberto Fossati,37860.0,C. Fossati,Alberto Fossati Carlo,sorted_name,,ok
Genaro Alberto Olivieri,2407.0,G. A. Olivieri,Alberto Olivieri Genaro,sorted_name,,ok
Alberto Lim,61208.0,A. Lim,Alberto Lim,sorted_name,,ok
Alberto Morolli,13166.0,A. Morolli,Alberto Morolli,sorted_name,,ok
Gustavo Albieri,81594.0,G. Albieri,Gustavo Albieri,sorted_name,,ok
Nicolas Moreno De Alboran,1179.0,N. Moreno De Alboran,Nicolas Moreno De Alboran,sorted_name,,ok
Radu Albot,363.0,R. Albot,Radu Albot,sorted_name,,ok
Max Alcala Gurri,678.0,M. Alcala Gurri,Max Alcala Gurri,sorted_name,,ok
Carlos Alcaraz,2382.0,C. Alcaraz,Carlos Alcaraz,sorted_name,,ok
Aldin Setkic,1204.0,A. Setkic,Aldin Setkic,sorted_name,,ok
Alec Beckley,642.0,A. Beckley,Alec Beckley,sorted_name,,ok
Alec Deckers,10019.0,A. Deckers,Alec Deckers,sorted_name,,ok
Alejandro Turriziani Alvarez,38023.0,A. Turriziani Alvarez,Alejandro Turriziani Alvarez,sorted_name,,ok
Alejandro Arcila,52705.0,A. Arcila,Alejandro Arcila,sorted_name,,ok
Alejandro Bancalari,25453.0,A. Bancalari,Alejandro Bancalari,sorted_name,,ok
Alejandro Moro Canas,1331.0,A. Moro Canas,Alejandro Moro Canas,sorted_name,,ok
Alejandro Garcia Carbajal,77249.0,A. G. Carbajal,Garcia Carbajal Alejandro,sorted_name,,ok
Alejandro Davidovich Fokina,2842.0,A. Davidovich Fokina,Alejandro Davidovich Fokina,sorted_name,,ok
Alejandro Lopez Escribano,55549.0,A. Lopez Escribano,Alejandro Lopez Escribano,sorted_name,,ok
Alejandro Hayen,67455.0,A. Hayen,Alejandro Hayen,sorted_name,,ok
Alejandro Jacome Jaramillo,69525.0,A. Jacome Jaramillo,Alejandro Jacome Jaramillo,sorted_name,,ok
Alejandro Juan Mano,52069.0,A. Juan Mano,Alejandro Juan Mano,sorted_name,,ok
Alejandro Melero Kretzer,40168.0,. A. Melero K.,Alejandro Melero Kretzer,sorted_name,,ok
Samuel Alejandro Linde Palacios,67049.0,S. A. Linde P.,Alejandro Linde Palacios Samuel,sorted_name,,ok
Alejandro Manzanera Pertusa,9367.0,A. Manzanera Pertusa,Alejandro Manzanera Pertusa,sorted_name,,ok
Alejandro Moreno,55591.0,A. Moreno,Alejandro Moreno,sorted_name,,ok
Oswaldo Alejandro Reyes Tirado,80506.0,O. A. Reyes T.,Alejandro Reyes Tirado Oswaldo,sorted_name,,ok
Alejandro Tabilo,2982.0,A. Tabilo,Alejandro Tabilo,sorted_name,,ok
Alejo Lorenzo Lingua Lavallen,9594.0,A. L. Lingua Lavallen,Lorenzo Lingua Lavallen Alejo,sorted_name,,ok
Alejo Sanchez Quilez,52692.0,A. Sanchez Quilez,Alejo Sanchez Quilez,sorted_name,,ok
Aleksa Ciric,60100.0,A. Ciric,Aleksa Ciric,sorted_name,,ok
Aleksa Pisaric,39023.0,A. Pisaric,Aleksa Pisaric,sorted_name,,ok
Daniel Aleksandar Amarandei,91823.0,D. A. Amarandei,Aleksandar Amarandei Daniel,sorted_name,,ok
Aleksandar Kovacevic,2978.0,A. Kovacevic,Aleksandar Kovacevic,sorted_name,,ok
Aleksandar Mihailovic,40749.0,A. Mihailovic,Aleksandar Mihailovic,sorted_name,,ok
Aleksandar Vukic,360.0,A. Vukic,Aleksandar Vukic,sorted_name,,ok
Aleksander Chayka,59293.0,A. Chayka,Aleksander Chayka,sorted_name,,ok
Aleksander Orlikowski,9237.0,A. Orlikowski,Aleksander Orlikowski,sorted_name,,ok
Aleksandr Braynin,10487.0,A. Braynin,Aleksandr Braynin,sorted_name,,ok
Aleksandr Lobanov,677.0,A. Lobanov,Aleksandr Lobanov,sorted_name,,ok
Aleksandre Bakshi,1303.0,A. Bakshi,Aleksandre Bakshi,sorted_name,,ok
Aleksi Lofman,12968.0,A. Lofman,Aleksi Lofman,sorted_name,,ok
Alen Mujakic,10228.0,A. Mujakic,Alen Mujakic,sorted_name,,ok
Alexey Aleshchev,49576.0,A. Aleshchev,Alexey Aleshchev,sorted_name,,ok
Alessandro Battiston,68379.0,A. Battiston,Alessandro Battiston,sorted_name,,ok
Alessandro Bellifemine,38105.0,A. Bellifemine,Alessandro Bellifemine,sorted_name,,ok
Alessandro Coccioli,40221.0,A. Coccioli,Alessandro Coccioli,sorted_name,,ok
Alessandro Pecci,2478.0,A. Pecci,Alessandro Pecci,sorted_name,,ok
Alessandro Spadola,14613.0,A. Spadola,Alessandro Spadola,sorted_name,,ok
Alessio Basile,10859.0,A. Basile,Alessio Basile,sorted_name,,ok
Alessio Vasquez,38134.0,G. A. Vasquez,Alessio Vasquez,sorted_name,,ok
Alex Barrena,1324.0,A. Barrena,Alex Barrena,sorted_name,,ok
Alex Bolt,3319.0,A. Bolt,Alex Bolt,sorted_name,,ok
Alex De Gabriele,56988.0,A. Degabriele,Alex De Gabriele,sorted_name,,ok
Alex de Minaur,1106.0,A. De Minaur,Alex De Minaur,sorted_name,,ok
Alex Finkelstein,60823.0,A. Finkelstein,Alex Finkelstein,sorted_name,,ok
Alex Hernandez,1307.0,A. Hernandez,Alex Hernandez,sorted_name,,ok
Alex Jones,38934.0,A. Jones,Alex Jones,sorted_name,,ok
Alex Knaff,5969.0,A. Knaff,Alex Knaff,sorted_name,,ok
Alex Kobelt,11761.0,A. Kobelt,Alex Kobelt,sorted_name,,ok
Alex Kuperstein,38300.0,A. Kuperstein,Alex Kuperstein,sorted_name,,ok
Alex Marti Pujolras,988.0,A. Marti Pujolras,Alex Marti Pujolras,sorted_name,,ok
Alex Martinez,7101.0,A. Martinez,Alex Martinez,sorted_name,,ok
Alex Michelsen,10884.0,A. Michelsen,Alex Michelsen,sorted_name,,ok
Alex Molcan,436.0,A. Molcan,Alex Molcan,sorted_name,,ok
Alex Santino Nuñez Vera,74738.0,A. S. Nunez V.,Santino Nunez Vera Alex,sorted_name,,ok
Alex Rybakov,559.0,A. Rybakov,Alex Rybakov,sorted_name,,ok
Alexander Bernard,1250.0,A. Bernard,Alexander Bernard,sorted_name,,ok
Alexander Blockx,39913.0,A. Blockx,Alexander Blockx,sorted_name,,ok
Alexander Bravo,53435.0,A. Bravo,Alexander Bravo,sorted_name,,ok
Alexander Bublik,1895.0,A. Bublik,Alexander Bublik,sorted_name,,ok
Alexander Chepik,14525.0,A. Chepik,Alexander Chepik,sorted_name,,ok
Alexander Donski,9159.0,A. Donski,Alexander Donski,sorted_name,,ok
Alexander Frusina,22430.0,A. Frusina,Alexander Frusina,sorted_name,,ok
Alexander Glomb,80524.0,A. Glomb,Alexander Glomb,sorted_name,,ok
Alexander Gschiel,96563.0,A. Gschiel,Alexander Gschiel,sorted_name,,ok
Johan Alexander Rodriguez,9221.0,J. A. Rodriguez,Alexander Rodriguez Johan,sorted_name,,ok
Alexander Klintcharov,12680.0,A. Klintcharov,Alexander Klintcharov,sorted_name,,ok
Alexander Kotzen,17373.0,A. Kotzen,Alexander Kotzen,sorted_name,,ok
Alexander Krylov,80522.0,A. Krylov,Alexander Krylov,sorted_name,,ok
Alexander Maggs,59629.0,A. Maggs,Alexander Maggs,sorted_name,,ok
Alexander Orlov,39074.0,A. Orlov,Alexander Orlov,sorted_name,,ok
Alexander Petrov,37928.0,A. Petrov,Alexander Petrov,sorted_name,,ok
Alexander Razeghi,9516.0,A. Razeghi,Alexander Razeghi,sorted_name,,ok
Alexander Ritschard,408.0,A. Ritschard,Alexander Ritschard,sorted_name,,ok
Alexander Shevchenko,566.0,A. Shevchenko,Alexander Shevchenko,sorted_name,,ok
Alexander Stater,53310.0,A. Stater,Alexander Stater,sorted_name,,ok
Alexander Ushakov,81642.0,A. Ushakov,Alexander Ushakov,sorted_name,,ok
Alexander Vasilev,52072.0,A. Vasilev,Alexander Vasilev,sorted_name,,ok
Alexander Vikhlyantsev,19888.0,A. Vikhlyantsev,Alexander Vikhlyantsev,sorted_name,,ok
Alexander Wagner,6317.0,A. Wagner,Alexander Wagner,sorted_name,,ok
Alexander Weis,2023.0,A. Weis,Alexander Weis,sorted_name,,ok
Alexander Zgirovsky,14516.0,A. Zgirovsky,Alexander Zgirovsky,sorted_name,,ok
Alexander Zverev,1980.0,A. Zverev,Alexander Zverev,sorted_name,,ok
Alexandre Aubriot,14024.0,A. Aubriot,Alexandre Aubriot,sorted_name,,ok
Alexandre Muller,374.0,A. Muller,Alexandre Muller,sorted_name,,ok
Alexandre Reco,12894.0,A. Reco,Alexandre Reco,sorted_name,,ok
Yannick Theodor Alexandrescou,68659.0,Y. T. Alexandrescou,Theodor Alexandrescou Yannick,sorted_name,,ok
Alexandru Toubi Hebhang Balan,69110.0,A. T. Hebhang B.,Toubi Hebhang Balan Alexandru,sorted_name,,ok
Ioan Alexandru Chirita,40131.0,A. C. Ioan,Alexandru Chirita Ioan,sorted_name,,ok
Dario Alexandru Ciobotaru,78739.0,D. A. Ciobotaru,Alexandru Ciobotaru Dario,sorted_name,,ok
Mihai Alexandru Coman,37891.0,M. A. Coman,Alexandru Coman Mihai,sorted_name,,ok
Dan Alexandru Tomescu,10543.0,D. A. Tomescu,Alexandru Tomescu Dan,sorted_name,,ok
Alexei Popyrin,1926.0,Al. Popyrin,Alexei Popyrin,sorted_name,,ok
Alexey Vatutin,1878.0,A. Vatutin,Alexey Vatutin,sorted_name,,ok
Alexey Zakharov,9948.0,A. Zakharov,Alexey Zakharov,sorted_name,,ok
Alexis Berquier,63295.0,A. Berquier,Alexis Berquier,sorted_name,,ok
Alexis Canter,1236.0,A. Canter,Alexis Canter,sorted_name,,ok
Alexis Galarneau,557.0,A. Galarneau,Alexis Galarneau,sorted_name,,ok
Alexis Gautier,6628.0,A. Gautier,Alexis Gautier,sorted_name,,ok
Alexis Gurmendi,63093.0,A. Gurmendi,Alexis Gurmendi,sorted_name,,ok
Alfred Almasi,40205.0,A. Almasi,Alfred Almasi,sorted_name,,ok
Alfredo Perez,3778.0,A. Perez,Alfredo Perez,sorted_name,,ok
Ali Habib,947.0,A. Habib,Ali Habib,sorted_name,,ok
Ali Missoum,69972.0,A. Missoum,Ali Missoum,sorted_name,,ok
Ali Yazdani,11166.0,A. Yazdani,Ali Yazdani,sorted_name,,ok
Aliaksandr Liaonenka,13387.0,A. Liaonenka,Aliaksandr Liaonenka,sorted_name,,ok
Felix Auger-Aliassime,2073.0,F. Auger-Aliassime,Felix Auger-Aliassime,sorted_name,,ok
Alibek Kachmazov,1197.0,A. Kachmazov,Alibek Kachmazov,sorted_name,,ok
Mikail Alimli,1887.0,M. Alimli,Mikail Alimli,sorted_name,,ok
Aljaz Jeran,54748.0,A. Jeran,Aljaz Jeran,sorted_name,,ok
Mert Alkaya,8972.0,M. Alkaya,Mert Alkaya,sorted_name,,ok
Mohammad Alkotop,58066.0,M. Alkotop,Mohammad Alkotop,sorted_name,,ok
Mousa Alkotop,11224.0,M. Alkotop,Mousa Alkotop,sorted_name,,ok
Louis Allen,5784.0,L. Allen,Louis Allen,sorted_name,,ok
Izan Almazan Valiente,57826.0,I. Almazan Valiente,Izan Almazan Valiente,sorted_name,,ok
Pedro Andre De Almeida Santos,68047.0,P. A. De Almeida Santos,Andre De Almeida Santos Pedro,sorted_name,,ok
Gustavo Ribeiro De Almeida,40143.0,G. R. De Almeida,Gustavo Ribeiro de Almeida,sorted_name,,ok
Matheus Pucinelli De Almeida,1743.0,M. Pucinelli de Almeida,Matheus Pucinelli de Almeida,sorted_name,,ok
Jose Dominguez Alonso,74771.0,J. Dominguez Alonso,Jose Dominguez Alonso,sorted_name,,ok
Alp Horoz,12173.0,A. Horoz,Alp Horoz,sorted_name,,ok
Collin Altamirano,5917.0,C. Altamirano,Collin Altamirano,sorted_name,,ok
Daniel Altmaier,1099.0,D. Altmaier,Daniel Altmaier,sorted_name,,ok
Rodrigo Alujas,55470.0,. R. Alujas,Rodrigo Alujas,sorted_name,,ok
Patricio Alvarado,37929.0,P. Alvarado,Patricio Alvarado,sorted_name,,ok
Mateo Luis Alvarez Sarmiento,56892.0,M. L. Alvarez Sarmiento,Luis Alvarez Sarmiento Mateo,sorted_name,,ok
Marco Alvarez,67514.0,M. Alvarez,Marco Alvarez,sorted_name,,ok
Nicolas Alvarez Varona,565.0,N. Alvarez Varona,Nicolas Alvarez Varona,sorted_name,,ok
Alvaro Bueno Gil,59839.0,A. Bueno Gil,Alvaro Bueno Gil,sorted_name,,ok
Alvaro Guillen Meza,9230.0,A. Guillen Meza,Alvaro Guillen Meza,sorted_name,,ok
Alvaro Jimenez,72052.0,A. Jimenez,Alvaro Jimenez,sorted_name,,ok
Alvaro Peiro Serrano,38020.0,S. A. Peiro,Alvaro Peiro Serrano,sorted_name,,ok
Felipe Meligeni Alves,357.0,F. Meligeni Alves,Felipe Meligeni Alves,sorted_name,,ok
Mateus Alves,28260.0,M. Alves,Mateus Alves,sorted_name,,ok
Nicolas Rafael Goldberg Alviani,23587.0,N. R. Goldberg Alviani,Rafael Goldberg Alviani Nicolas,sorted_name,,ok
Alvin Nicholas Tudorica,52605.0,A. N. Tudorica,Nicholas Tudorica Alvin,sorted_name,,ok
Amador Salazar,19802.0,A. Salazar,Amador Salazar,sorted_name,,ok
Ramiro Amarilla,59891.0,R. Amarilla,Ramiro Amarilla,sorted_name,,ok
Amaury Raynel,700.0,A. Raynel,Amaury Raynel,sorted_name,,ok
Edison Ambarzumjan,38076.0,E. Ambarzumjan,Edison Ambarzumjan,sorted_name,,ok
Luciano Emanuel Ambrogi,14270.0,L. E. Ambrogi,Emanuel Ambrogi Luciano,sorted_name,,ok
Hamza El Amine,38262.0,A. H. El,Hamza El Amine,sorted_name,,ok
Amine Jamji,81473.0,A. Jamji,Amine Jamji,sorted_name,,ok
Amir Milushev,55761.0,A. Milushev,Amir Milushev,sorted_name,,ok
Amir Omarkhanov,63488.0,A. Omarkhanov,Amir Omarkhanov,sorted_name,,ok
Amirali Ghavam,49345.0,A. Ghavam,Amirali Ghavam,sorted_name,,ok
Amirkhamza Nasridinov,62411.0,A. Nasridinov,Amirkhamza Nasridinov,sorted_name,,ok
Amit Vales,35790.0,A. Vales,Amit Vales,sorted_name,,ok
Ammar Elamin,11185.0,A. Elamin,Ammar Elamin,sorted_name,,ok
Amr Elsayed,676.0,A. Elsayed,Amr Elsayed,sorted_name,,ok
Kai-An Wu,89073.0,Wu Kai An,An Wu Kai,sorted_name,,ok
Anas Bennour Dit Sahli,63834.0,S. A. Bennour D.,Anas Bennour Dit Sahli,sorted_name,,ok
Anas Mazdrashki,63409.0,A. Mazdrashki,Anas Mazdrashki,sorted_name,,ok
Melih Anavatan,68069.0,M. Anavatan,Melih Anavatan,sorted_name,,ok
Fabrizio Andaloro,9568.0,F. Andaloro,Fabrizio Andaloro,sorted_name,,ok
Anders Matta,57161.0,A. Matta,Anders Matta,sorted_name,,ok
Oliver Anderson,67768.0,O. Anderson,Oliver Anderson,sorted_name,,ok
Andres Andrade,6505.0,A. Andrade,Andres Andrade,sorted_name,,ok
Lucas Andrade Da Silva,57484.0,L. Andrade da Silva,Lucas Andrade da Silva,sorted_name,,ok
Paulo Andre Saraiva Dos Santos,10508.0,P. A. Saraiva Dos Santos,Andre Saraiva Dos Santos Paulo,sorted_name,,ok
Oliver Andre Solis Encinas,93885.0,O. A. Solis E.,Andre Solis Encinas Oliver,sorted_name,,ok
Andre Ilagan,37936.0,A. Ilagan,Andre Ilagan,sorted_name,,ok
Seydina Andre,19223.0,S. Andre,Seydina Andre,sorted_name,,ok
Andre Steinbach,73131.0,A. Steinbach,Andre Steinbach,sorted_name,,ok
Andrea Bacaloni,38115.0,A. Bacaloni,Andrea Bacaloni,sorted_name,,ok
Andrea Collarini,2189.0,A. Collarini,Andrea Collarini,sorted_name,,ok
Andrea Colombo,1017.0,A. Colombo,Andrea Colombo,sorted_name,,ok
Andrea De Marchi,63398.0,A. de Marchi,Andrea de Marchi,sorted_name,,ok
Andrea Fiorentini,40088.0,A. Fiorentini,Andrea Fiorentini,sorted_name,,ok
Andrea Gola,2522.0,A. Gola,Andrea Gola,sorted_name,,ok
Andrea Guerrieri,853.0,A. Guerrieri,Andrea Guerrieri,sorted_name,,ok
Marc-Andrea Huesler,1746.0,M. Huesler,Marc-Andrea Huesler,sorted_name,,ok
Andrea M'Chich,38777.0,A. Mchich,Andrea M'Chich,sorted_name,,ok
Andrea Meduri,66628.0,A. Meduri,Andrea Meduri,sorted_name,,ok
Andrea Motta,75576.0,A. Motta,Andrea Motta,sorted_name,,ok
Andrea Paolini,68143.0,A. Paolini,Andrea Paolini,sorted_name,,ok
Andrea Pellegrino,2001.0,A. Pellegrino,Andrea Pellegrino,sorted_name,,ok
Andrea Picchione,8782.0,A. Picchione,Andrea Picchione,sorted_name,,ok
Andrea Vavassori,418.0,A. Vavassori,Andrea Vavassori,sorted_name,,ok
Andreas Messis,81140.0,A. Messis,Andreas Messis,sorted_name,,ok
Andreas Timini,62413.0,A. Timini,Andreas Timini,sorted_name,,ok
Andrei Corneliu Gadoiu,83103.0,A. C. Gadoiu,Corneliu Gadoiu Andrei,sorted_name,,ok
Vlad Andrei Dancu,686.0,V. A. Dancu,Andrei Dancu Vlad,sorted_name,,ok
Andrei Kunitsyn,82604.0,A. Kunitsyn,Andrei Kunitsyn,sorted_name,,ok
Andrej Loncarevic,86674.0,A. Loncarevic,Andrej Loncarevic,sorted_name,,ok
Andrej Nedic,9640.0,. A. Nedic,Andrej Nedic,sorted_name,,ok
Andreja Petrovic,20359.0,A. Petrovic,Andreja Petrovic,sorted_name,,ok
Guido Andreozzi,2960.0,G. Andreozzi,Guido Andreozzi,sorted_name,,ok
Luis Andres Flores Avila,94649.0,L. A. Flores Avila,Andres Flores Avila Luis,sorted_name,,ok
Roman Andres Burruchaga,9596.0,R. A. Burruchaga,Andres Burruchaga Roman,sorted_name,,ok
Andres Fernandez Canovas,40036.0,A. Fernandez Canovas,Andres Fernandez Canovas,sorted_name,,ok
Andres Gabriel Ciurletti,2210.0,A. G. Ciurletti,Gabriel Ciurletti Andres,sorted_name,,ok
Andres Delgadillo,66075.0,A. Delgadillo,Andres Delgadillo,sorted_name,,ok
Andres Martin,1056.0,A. Martin,Andres Martin,sorted_name,,ok
Andres Urquiola Montellano,23667.0,M. A. Urquiola,Andres Urquiola Montellano,sorted_name,,ok
Andres Santamarta Roig,71815.0,A. Santamarta Roig,Andres Santamarta Roig,sorted_name,,ok
Romain Andres,91397.0,R. Andres,Romain Andres,sorted_name,,ok
Andres Urrea,13928.0,A. Urrea,Andres Urrea,sorted_name,,ok
Andrew Delgado,12563.0,A. Delgado,Andrew Delgado,sorted_name,,ok
Andrew Fenty,6696.0,A. Fenty,Andrew Fenty,sorted_name,,ok
Andrew Johnson,32064.0,A. Johnson,Andrew Johnson,sorted_name,,ok
Andrew Paulson,888.0,A. Paulson,Andrew Paulson,sorted_name,,ok
Andrey Chepelev,4061.0,A. Chepelev,Andrey Chepelev,sorted_name,,ok
Andrey Rublev,2847.0,A. Rublev,Andrey Rublev,sorted_name,,ok
Andrin Casanova,31668.0,A. Casanova,Andrin Casanova,sorted_name,,ok
Marcin Andrzejczak,71083.0,M. Andrzejczak,Marcin Andrzejczak,sorted_name,,ok
Andy Nguyen,84675.0,A. Nguyen,Andy Nguyen,sorted_name,,ok
Anes Latifovic,92066.0,A. Latifovic,Anes Latifovic,sorted_name,,ok
Miguel Angel Cabrera,38933.0,M. A. Cabrera,Angel Cabrera Miguel,sorted_name,,ok
Joel Angel Lucero,51077.0,J. Lucero,Angel Lucero Joel,sorted_name,,ok
Lorenzo Angelini,15916.0,L. Angelini,Lorenzo Angelini,sorted_name,,ok
Juan Carlos Prado Angelo,21704.0,J. C. Prado Angelo,Carlos Prado Angelo Juan,sorted_name,,ok
Leonardo Angeloni,81139.0,L. Angeloni,Leonardo Angeloni,sorted_name,,ok
Suk Ann,32471.0,S. Ann,Suk Ann,sorted_name,,ok
Nathan Anthony Barki,10889.0,N. A. Barki,Anthony Barki Nathan,sorted_name,,ok
Anthony Genov,13408.0,A. Genov,Anthony Genov,sorted_name,,ok
Anthony Susanto,39551.0,A. Susanto,Anthony Susanto,sorted_name,,ok
Anthony Wright,7786.0,A. Wright,Anthony Wright,sorted_name,,ok
Jack Anthrop,9212.0,J. Anthrop,Jack Anthrop,sorted_name,,ok
Antoine Berger,39180.0,A. Berger,Antoine Berger,sorted_name,,ok
Antoine Cornut-Chauvinc,6750.0,A. Cornut-Chauvinc,Antoine Cornut-Chauvinc,sorted_name,,ok
Antoine Escoffier,1068.0,A. Escoffier,Antoine Escoffier,sorted_name,,ok
Pierre Antoine Faut,68749.0,P. A. Faut,Antoine Faut Pierre,sorted_name,,ok
Marc Antoine Gaillard,38016.0,M. A. Gaillard,Antoine Gaillard Marc,sorted_name,,ok
Antoine Ghibaudo,9234.0,A. Ghibaudo,Antoine Ghibaudo,sorted_name,,ok
Antoine Hoang,1085.0,A. Hoang,Antoine Hoang,sorted_name,,ok
Pierre Antoine Tailleu,20066.0,P. A. Tailleu,Antoine Tailleu Pierre,sorted_name,,ok
Antoine Vincent,23250.0,A. Vincent,Antoine Vincent,sorted_name,,ok
Antoine Walch,5909.0,A. Walch,Antoine Walch,sorted_name,,ok
Anton Arzhankin,86675.0,A. Arzhankin,Anton Arzhankin,sorted_name,,ok
Anton Chekhov,6838.0,A. Chekhov,Anton Chekhov,sorted_name,,ok
Anton Matusevich,6886.0,A. Matusevich,Anton Matusevich,sorted_name,,ok
Anton Shepp,56171.0,A. Shepp,Anton Shepp,sorted_name,,ok
Antoni Fabre,90113.0,A. Fabre,Antoni Fabre,sorted_name,,ok
Richard Antoni,83883.0,R. Antoni,Richard Antoni,sorted_name,,ok
Antonin Witz,94975.0,A. Witz,Antonin Witz,sorted_name,,ok
Ignacio Antonio Becerra Otarola,10318.0,I. A. Becerra Otarola,Antonio Becerra Otarola Ignacio,sorted_name,,ok
Antonio Caruso,6891.0,A. Caruso,Antonio Caruso,sorted_name,,ok
Daniel Antonio Nunez,9687.0,D. A. Nunez,Antonio Nunez Daniel,sorted_name,,ok
Martin Antonio Vergara Del Puerto,24405.0,M. A. Vergara del Puerto,Antonio Vergara del Puerto Martin,sorted_name,,ok
Joao Antonio,57644.0,J. Antonio,Joao Antonio,sorted_name,,ok
Antonio Prat,10497.0,A. Prat,Antonio Prat,sorted_name,,ok
Antonio Voljavec,50679.0,A. Voljavec,Antonio Voljavec,sorted_name,,ok
Michael Antonius,86725.0,M. Antonius,Michael Antonius,sorted_name,,ok
Christos Antonopoulos,39190.0,C. Antonopoulos,Christos Antonopoulos,sorted_name,,ok
Aoran Wang,2225.0,A. Wang,Aoran Wang,sorted_name,,ok
Filip Apltauer,38923.0,F. Apltauer,Filip Apltauer,sorted_name,,ok
Pedro Araujo,8974.0,P. Araujo,Pedro Araujo,sorted_name,,ok
Juan-Samuel Arauzo-Martinez,7764.0,J. Arauzo-Martinez,Juan-Samuel Arauzo-Martinez,sorted_name,,ok
Romeo Arcuschin,50789.0,R. Arcuschin,Romeo Arcuschin,sorted_name,,ok
Arda Azkara,33897.0,A. Azkara,Arda Azkara,sorted_name,,ok
Arian Barbic,91507.0,A. Barbic,Arian Barbic,sorted_name,,ok
Boris Arias,2213.0,B. Arias,Boris Arias,sorted_name,,ok
Nicolas Esteban Rico Arias,23091.0,N. E. Rico Arias,Esteban Rico Arias Nicolas,sorted_name,,ok
Franco Ariel Vazquez,68041.0,F. A. Vazquez,Ariel Vazquez Franco,sorted_name,,ok
Kaya Arinc,19885.0,K. Arinc,Kaya Arinc,sorted_name,,ok
Aristarkh Safonov,14519.0,A. Safonov,Aristarkh Safonov,sorted_name,,ok
Aristotelis Thanos,749.0,A. Thanos,Aristotelis Thanos,sorted_name,,ok
Arjun Mehrotra,15314.0,A. Mehrotra,Arjun Mehrotra,sorted_name,,ok
Arjun Rathi,38218.0,A. Rathi,Arjun Rathi,sorted_name,,ok
Arklon Huertas Del Pino Cordova,2188.0,A. Huertas Del Pino,Arklon Huertas Del Pino Cordova,sorted_name,,ok
Ignacio De Armas,93540.0,A. I. De,Ignacio De Armas,sorted_name,,ok
Federico Arnaboldi,1240.0,F. Arnaboldi,Federico Arnaboldi,sorted_name,,ok
Matteo Arnaldi,1192.0,M. Arnaldi,Matteo Arnaldi,sorted_name,,ok
Gilles Arnaud Bailly,10840.0,G. A. Bailly,Arnaud Bailly Gilles,sorted_name,,ok
Aron Janos Major,82992.0,A. J. Major,Janos Major Aron,sorted_name,,ok
Iker Gaztambide Arrastia,69712.0,I. Gaztambide Arrastia,Iker Gaztambide Arrastia,sorted_name,,ok
Theo Arribage,21356.0,T. Arribage,Theo Arribage,sorted_name,,ok
Mikael Arseneault,75350.0,M. Arseneault,Mikael Arseneault,sorted_name,,ok
Nicolas Arseneault,71261.0,N. Arseneault,Nicolas Arseneault,sorted_name,,ok
Artem Bogomolov,75802.0,A. Bogomolov,Artem Bogomolov,sorted_name,,ok
Arthur Bellegy,69973.0,A. Bellegy,Arthur Bellegy,sorted_name,,ok
Arthur Bonnaud,28511.0,A. Bonnaud,Arthur Bonnaud,sorted_name,,ok
Arthur Bouquier,1311.0,A. Bouquier,Arthur Bouquier,sorted_name,,ok
Arthur Cazaux,1067.0,A. Cazaux,Arthur Cazaux,sorted_name,,ok
Arthur Fery,8174.0,A. Fery,Arthur Fery,sorted_name,,ok
Arthur Fils,1759.0,A. Fils,Arthur Fils,sorted_name,,ok
Arthur Gea,9210.0,A. Gea,Arthur Gea,sorted_name,,ok
Arthur Laborde,57773.0,A. Laborde,Arthur Laborde,sorted_name,,ok
Arthur Nagel,38026.0,A. Nagel,Arthur Nagel,sorted_name,,ok
Arthur Reymond,1184.0,A. Reymond,Arthur Reymond,sorted_name,,ok
Arthur Rinderknech,1902.0,A. Rinderknech,Arthur Rinderknech,sorted_name,,ok
Arthur Weber,24769.0,A. Weber,Arthur Weber,sorted_name,,ok
Bor Artnak,10846.0,B. Artnak,Bor Artnak,sorted_name,,ok
Artur Kukasian,10851.0,A. Kukasian,Artur Kukasian,sorted_name,,ok
Arturs Zagars,78929.0,A. Zagars,Arturs Zagars,sorted_name,,ok
Erik Arutiunian,13389.0,E. Arutiunian,Erik Arutiunian,sorted_name,,ok
Arvid Nordquist,2216.0,A. Nordquist,Arvid Nordquist,sorted_name,,ok
Aryan Lakshmanan,65410.0,A. Lakshmanan,Aryan Lakshmanan,sorted_name,,ok
Aryan Shah,51257.0,A. Shah,Aryan Shah,sorted_name,,ok
Asahi Harazaki,10864.0,A. Harazaki,Asahi Harazaki,sorted_name,,ok
David Asenov,87066.0,D. Asenov,David Asenov,sorted_name,,ok
Ashton Mcleod,78933.0,A. McLeod,Ashton McLeod,sorted_name,,ok
Aslan Karatsev,1901.0,A. Karatsev,Aslan Karatsev,sorted_name,,ok
Luca Van Assche,1066.0,L. van Assche,Luca van Assche,sorted_name,,ok
Jip Van Assendelft,39118.0,J. van Assendelft,Jip van Assendelft,sorted_name,,ok
Atakan Karahan,40074.0,A. Karahan,Atakan Karahan,sorted_name,,ok
Atharva Sharma,18242.0,A. Sharma,Atharva Sharma,sorted_name,,ok
Bekkhan Atlangeriev,757.0,B. Atlangeriev,Bekkhan Atlangeriev,sorted_name,,ok
Terence Atmane,13091.0,T. Atmane,Terence Atmane,sorted_name,,ok
Attila Boros,13823.0,A. Boros,Attila Boros,sorted_name,,ok
August Holmgren,19536.0,A. Holmgren,August Holmgren,sorted_name,,ok
Diego Augusto Barreto Sanchez,7251.0,D. A. Barreto Sanchez,Augusto Barreto Sanchez Diego,sorted_name,,ok
Ryan Augusto Dos Santos,37940.0,R. Augusto dos Santos,Ryan Augusto dos Santos,sorted_name,,ok
Rafael Augusto Garcia Finetto,93943.0,R. A. Garcia F.,Augusto Garcia Finetto Rafael,sorted_name,,ok
Augusto Mateo Lucarelli,93543.0,A. M. Lucarelli,Mateo Lucarelli Augusto,sorted_name,,ok
Pablo Aunion,59643.0,P. Aunion,Pablo Aunion,sorted_name,,ok
Siwanat Auytayakul,55035.0,S. Auytayakul,Siwanat Auytayakul,sorted_name,,ok
Toprak Avcibasi,40219.0,T. Avcibasi,Toprak Avcibasi,sorted_name,,ok
Axel Garcian,9830.0,A. Garcian,Axel Garcian,sorted_name,,ok
Axel Nefve,8129.0,A. Nefve,Axel Nefve,sorted_name,,ok
Mert Aytekin,79600.0,M. Aytekin,Mert Aytekin,sorted_name,,ok
Aziz Dougaz,798.0,A. Dougaz,Aziz Dougaz,sorted_name,,ok
Aziz Ouakaa,1876.0,A. Ouakaa,Aziz Ouakaa,sorted_name,,ok
Dimitris Azoidis,22255.0,D. Azoides,Dimitris Azoidis,sorted_name,,ok
Azuma Visaya,9384.0,A. Visaya,Azuma Visaya,sorted_name,,ok
Taha Baadi,9881.0,T. Baadi,Taha Baadi,sorted_name,,ok
Devin Badenhorst,14373.0,D. Badenhorst,Devin Badenhorst,sorted_name,,ok
Sergio Badini,51314.0,S. Badini,Sergio Badini,sorted_name,,ok
Roberto Carballes Baena,593.0,R. Carballes Baena,Roberto Carballes Baena,sorted_name,,ok
Nicolas Baena,85340.0,N. Baena,Nicolas Baena,sorted_name,,ok
Sebastian Baez,1101.0,S. Baez,Sebastian Baez,sorted_name,,ok
Facundo Bagnis,1089.0,F. Bagnis,Facundo Bagnis,sorted_name,,ok
Daniel Bagnolini,858.0,D. Bagnolini,Daniel Bagnolini,sorted_name,,ok
Yan Bai,4157.0,Y. Bai,Yan Bai,sorted_name,,ok
Pierre Yves Bailly,9211.0,P. Y. Bailly,Yves Bailly Pierre,sorted_name,,ok
Blu Baker,6655.0,B. Baker,Blu Baker,sorted_name,,ok
David Bakonyi,68637.0,D. Bakonyi,David Bakonyi,sorted_name,,ok
Rafael Kis Balazs,22147.0,R. Kis Balazs,Rafael Kis Balazs,sorted_name,,ok
Manvydas Balciunas,70648.0,M. Balciunas,Manvydas Balciunas,sorted_name,,ok
Enrico Baldisserri,63045.0,E. Baldisserri,Enrico Baldisserri,sorted_name,,ok
Lorenzo Balducci,89923.0,L. Balducci,Lorenzo Balducci,sorted_name,,ok
Felix Balshaw,52682.0,F. Balshaw,Felix Balshaw,sorted_name,,ok
Baltazar Wiger Nordas,88004.0,B. Wiger Nordas,Baltazar Wiger Nordas,sorted_name,,ok
Samir Banerjee,2974.0,S. Banerjee,Samir Banerjee,sorted_name,,ok
Bang Shuo Yin,53620.0,B. S. Yin,Shuo Yin Bang,sorted_name,,ok
Sekou Bangoura,2921.0,S. Bangoura,Sekou Bangoura,sorted_name,,ok
Siddhant Banthia,20374.0,S. Banthia,Siddhant Banthia,sorted_name,,ok
Cosimo Banti,68925.0,C. Banti,Cosimo Banti,sorted_name,,ok
Petr Bar Biryukov,14515.0,B. P. Bar,Petr Bar Biryukov,sorted_name,,ok
Tobia Costanzo Baragiola Mordini,63404.0,T. C. Baragiola Mordini,Costanzo Baragiola Mordini Tobia,sorted_name,,ok
Paul Barbier Gazeu,26613.0,P. Barbier Gazeu,Paul Barbier Gazeu,sorted_name,,ok
Ozan Baris,32559.0,O. Baris,Ozan Baris,sorted_name,,ok
Justin Barki,49889.0,J. Barki,Justin Barki,sorted_name,,ok
Jiri Barnat,901.0,J. Barnat,Jiri Barnat,sorted_name,,ok
Barney Fitzpatrick,88209.0,B. Fitzpatrick,Barney Fitzpatrick,sorted_name,,ok
Niccolo Baroni,25726.0,N. Baroni,Niccolo Baroni,sorted_name,,ok
Javier Barranco Cosano,1877.0,C. J. Barranco,Javier Barranco Cosano,sorted_name,,ok
Juan Ignacio Barraza,93628.0,J. I. Barraza,Ignacio Barraza Juan,sorted_name,,ok
Mateo Barreiros Reyes,10467.0,M. Barreiros Reyes,Mateo Barreiros Reyes,sorted_name,,ok
Gregoire Barrere,1772.0,G. Barrere,Gregoire Barrere,sorted_name,,ok
Victor Barrere,96291.0,V. Barrere,Victor Barrere,sorted_name,,ok
Nicolas Barrientos,4694.0,N. Barrientos,Nicolas Barrientos,sorted_name,,ok
Tomas Barrios Vera,396.0,T. Barrios,Tomas Barrios Vera,sorted_name,,ok
Nikolai Barsukov,71308.0,N. Barsukov,Nikolai Barsukov,sorted_name,,ok
Marcell Bartakovics,57053.0,M. Bartakovics,Marcell Bartakovics,sorted_name,,ok
Hynek Barton,2241.0,H. Barton,Hynek Barton,sorted_name,,ok
Jerry Barton,63941.0,J. Barton,Jerry Barton,sorted_name,,ok
Nishesh Basavareddy,15270.0,N. Basavareddy,Nishesh Basavareddy,sorted_name,,ok
Valentin Basel,10020.0,V. Basel,Valentin Basel,sorted_name,,ok
Mirza Basic,1080.0,M. Basic,Mirza Basic,sorted_name,,ok
Nikola Basic,39050.0,N. Basic,Nikola Basic,sorted_name,,ok
Nikoloz Basilashvili,424.0,N. Basilashvili,Nikoloz Basilashvili,sorted_name,,ok
Pierluigi Basile,69812.0,P. Basile,Pierluigi Basile,sorted_name,,ok
Max Basing,13535.0,M. Basing,Max Basing,sorted_name,,ok
Finn Bass,6503.0,F. Bass,Finn Bass,sorted_name,,ok
Michael Bassem Sobhy,37992.0,M. Bassem Sobhy,Michael Bassem Sobhy,sorted_name,,ok
Pepijn Bastiaansen,56577.0,P. Bastiaansen,Pepijn Bastiaansen,sorted_name,,ok
Bastian Berenz,89140.0,B. Berenz,Bastian Berenz,sorted_name,,ok
Bastian Malla,3380.0,B. Malla,Bastian Malla,sorted_name,,ok
Lawrence Bataljin,6997.0,L. Bataljin,Lawrence Bataljin,sorted_name,,ok
Oriol Roca Batalla,588.0,O. Roca Batalla,Oriol Roca Batalla,sorted_name,,ok
Tudor Batin,58949.0,T. Batin,Tudor Batin,sorted_name,,ok
Daniel Batista,10376.0,D. Batista,Daniel Batista,sorted_name,,ok
Batyr Sapaev,97238.0,B. Sapaev,Batyr Sapaev,sorted_name,,ok
Stepan Baum,49042.0,S. Baum,Stepan Baum,sorted_name,,ok
Bautista De La Pena,65126.0,B. De La Pena,Bautista De La Pena,sorted_name,,ok
Juan Bautista Otegui,9604.0,J. B. Otegui,Bautista Otegui Juan,sorted_name,,ok
Juan Bautista Torres,2085.0,J. B. Torres,Bautista Torres Juan,sorted_name,,ok
Bautista Vilicich,20663.0,B. Vilicich,Bautista Vilicich,sorted_name,,ok
Florent Bax,2105.0,F. Bax,Florent Bax,sorted_name,,ok
Blake Bayldon,871.0,B. Bayldon,Blake Bayldon,sorted_name,,ok
Vladimir Bazilevskiy,40157.0,V. Bazilevskiy,Vladimir Bazilevskiy,sorted_name,,ok
Maxence Beauge,1312.0,M. Beauge,Maxence Beauge,sorted_name,,ok
Simon Beaupain,2470.0,S. Beaupain,Simon Beaupain,sorted_name,,ok
James Beaven,60773.0,J. Beaven,James Beaven,sorted_name,,ok
Dillon Beckles,75801.0,D. Beckles,Dillon Beckles,sorted_name,,ok
Isaac Becroft,2467.0,I. Becroft,Isaac Becroft,sorted_name,,ok
Lautaro Correa Beguerie,64370.0,B. L. Correa,Lautaro Correa Beguerie,sorted_name,,ok
Beibit Zhukayev,579.0,B. Zhukayev,Beibit Zhukayev,sorted_name,,ok
Mattia Bellucci,2112.0,M. Bellucci,Mattia Bellucci,sorted_name,,ok
Illya Beloborodko,2455.0,I. Beloborodko,Illya Beloborodko,sorted_name,,ok
Ben Jones,768.0,B. Jones,Ben Jones,sorted_name,,ok
Ben Shelton,2973.0,B. Shelton,Ben Shelton,sorted_name,,ok
Max Benaim,62372.0,M. Benaim,Max Benaim,sorted_name,,ok
Mehdi Benchakroun,883.0,M. Benchakroun,Mehdi Benchakroun,sorted_name,,ok
Elliot Benchetrit,1879.0,E. Benchetrit,Elliot Benchetrit,sorted_name,,ok
Bengt Johan Reinhard,86331.0,B. J. Reinhard,Johan Reinhard Bengt,sorted_name,,ok
Benito Sanchez Martinez,14025.0,B. Sanchez Martinez,Benito Sanchez Martinez,sorted_name,,ok
Benjamin Bonzi,1771.0,B. Bonzi,Benjamin Bonzi,sorted_name,,ok
Benjamin Chelía,67627.0,B. Chelia,Benjamin Chelia,sorted_name,,ok
Benjamin Zuniga Garcia,71813.0,B. Zuniga Garcia,Benjamin Zuniga Garcia,sorted_name,,ok
Benjamin Thomas George,55610.0,B. T. George,Thomas George Benjamin,sorted_name,,ok
Benjamin Gusic - Wan,28614.0,B. Gusic Wan,Benjamin Gusic Wan,sorted_name,,ok
Benjamin Hannestad,10142.0,B. Hannestad,Benjamin Hannestad,sorted_name,,ok
Benjamin Hassan,1896.0,B. Hassan,Benjamin Hassan,sorted_name,,ok
Benjamin Winter Lopez,977.0,B. Winter Lopez,Benjamin Winter Lopez,sorted_name,,ok
Benjamin Martin,34062.0,B. Martin,Benjamin Martin,sorted_name,,ok
Benjamin O'Connell,82135.0,B. O&apos;Connell,Benjamin O'Connell,sorted_name,,ok
Benjamin Perez,1280.0,B. Perez,Benjamin Perez,sorted_name,,ok
Peter Benjamin Privara,9206.0,P. B. Privara,Benjamin Privara Peter,sorted_name,,ok
Benjamin Pietri,6857.0,B. Pietri,Benjamin Pietri,sorted_name,,ok
Benjamin Torrealba,10319.0,B. Torrealba,Benjamin Torrealba,sorted_name,,ok
Benjamin Vitter,50070.0,B. Vitter,Benjamin Vitter,sorted_name,,ok
Benjamin Willwerth,73862.0,B. Willwerth,Benjamin Willwerth,sorted_name,,ok
Karim Bennani,38298.0,K. Bennani,Karim Bennani,sorted_name,,ok
Reda Bennani,38261.0,R. Bennani,Reda Bennani,sorted_name,,ok
Benoit Paire,429.0,B. Paire,Benoit Paire,sorted_name,,ok
Benoit Torcq,59840.0,B. Torcq,Benoit Torcq,sorted_name,,ok
Lorenzo Beraldo,71812.0,L. Beraldo,Lorenzo Beraldo,sorted_name,,ok
Ricardas Berankis,1767.0,R. Berankis,Ricardas Berankis,sorted_name,,ok
Tristan Berard,65899.0,T. BERARD,Tristan Berard,sorted_name,,ok
Mika Berghaus,79175.0,M. Berghaus,Mika Berghaus,sorted_name,,ok
Zizou Bergs,1064.0,Z. Bergs,Zizou Bergs,sorted_name,,ok
Tomasz Berkieta,37927.0,T. Berkieta,Tomasz Berkieta,sorted_name,,ok
Facundo Bermejo,56192.0,F. Bermejo,Facundo Bermejo,sorted_name,,ok
Bernabe Zapata Miralles,403.0,B. Zapata Miralles,Bernabe Zapata Miralles,sorted_name,,ok
Bernard Tomic,3145.0,B. Tomic,Bernard Tomic,sorted_name,,ok
Bernardo Munk Mesa,13509.0,. B. Munk M.,Bernardo Munk Mesa,sorted_name,,ok
Henry Bernet,57540.0,H. Bernet,Henry Bernet,sorted_name,,ok
Jacopo Berrettini,6984.0,J. Berrettini,Jacopo Berrettini,sorted_name,,ok
Matteo Berrettini,2844.0,M. Berrettini,Matteo Berrettini,sorted_name,,ok
Charles Bertimon,62793.0,C. Bertimon,Charles Bertimon,sorted_name,,ok
Maxence Bertimon,58609.0,M. Bertimon,Maxence Bertimon,sorted_name,,ok
Remy Bertola,1212.0,R. Bertola,Remy Bertola,sorted_name,,ok
Peter Bertran,720.0,P. Bertran,Peter Bertran,sorted_name,,ok
Robin Bertrand,808.0,R. Bertrand,Robin Bertrand,sorted_name,,ok
Dmitry Bessonov,76705.0,D. Bessonov,Dmitry Bessonov,sorted_name,,ok
Sergey Betov,39915.0,S. Betov,Sergey Betov,sorted_name,,ok
Bharath Nishok Kumaran,14544.0,B. N. Kumaran,Nishok Kumaran Bharath,sorted_name,,ok
Woong Bi Lee,93728.0,W. B. Lee,Bi Lee Woong,sorted_name,,ok
Juan Jose Bianchi,69529.0,J. J. Bianchi,Jose Bianchi Juan,sorted_name,,ok
Blaise Bicknell,1251.0,B. Bicknell,Blaise Bicknell,sorted_name,,ok
Fadi Bidan,58948.0,F. Bidan,Fadi Bidan,sorted_name,,ok
Tymur Bieldiugin,53288.0,. T. Bieldiugin,Tymur Bieldiugin,sorted_name,,ok
Viacheslav Bielinskyi,930.0,V. Bielinskyi,Viacheslav Bielinskyi,sorted_name,,ok
Juliusz Bienkiewicz,15213.0,J. Bienkiewicz,Juliusz Bienkiewicz,sorted_name,,ok
Kaylan Bigun,37898.0,K. Bigun,Kaylan Bigun,sorted_name,,ok
Jacopo Bilardo,40192.0,J. Bilardo,Jacopo Bilardo,sorted_name,,ok
Ivan Biletic,68638.0,I. Biletic,Ivan Biletic,sorted_name,,ok
Bill Chan,63395.0,B. Chan,Bill Chan,sorted_name,,ok
Billy Blaydes,37982.0,B. Blaydes,Billy Blaydes,sorted_name,,ok
Billy Harris,1186.0,B. Harris,Billy Harris,sorted_name,,ok
Billy Suarez,75982.0,B. Suarez,Billy Suarez,sorted_name,,ok
Nikita Bilozertsev,64775.0,N. Bilozertsev,Nikita Bilozertsev,sorted_name,,ok
Bingyu Yu,38024.0,B. Yu,Bingyu Yu,sorted_name,,ok
Gregorio Biondolillo,31886.0,G. Biondolillo,Gregorio Biondolillo,sorted_name,,ok
Cade Birrell,25134.0,C. Birrell,Cade Birrell,sorted_name,,ok
Birtan Duran,40113.0,B. Duran,Birtan Duran,sorted_name,,ok
Constantin Bittoun Kouzmine,13283.0,C. Bittoun,Constantin Bittoun Kouzmine,sorted_name,,ok
Bjorn Swenson,38084.0,B. Swenson,Bjorn Swenson,sorted_name,,ok
Henrik Bladelius,61688.0,H. Bladelius,Henrik Bladelius,sorted_name,,ok
Blake Ellis,7890.0,B. Ellis,Blake Ellis,sorted_name,,ok
Blake Mott,3823.0,B. Mott,Blake Mott,sorted_name,,ok
Geoffrey Blancaneaux,409.0,G. Blancaneaux,Geoffrey Blancaneaux,sorted_name,,ok
Dali Blanch,1314.0,D. Blanch,Dali Blanch,sorted_name,,ok
Darwin Blanch,17463.0,D. Blanch,Darwin Blanch,sorted_name,,ok
Ulises Blanch,1862.0,U. Blanch,Ulises Blanch,sorted_name,,ok
Ugo Blanchet,1903.0,U. Blanchet,Ugo Blanchet,sorted_name,,ok
Freddy Blaydes,39189.0,F. Blaydes,Freddy Blaydes,sorted_name,,ok
Wen Bo Fan,88927.0,W. B. Fan,Bo Fan Wen,sorted_name,,ok
Matisse Bobichon,69332.0,. M. Bobichon,Matisse Bobichon,sorted_name,,ok
Dakotah Bobo,67410.0,D. Bobo,Dakotah Bobo,sorted_name,,ok
Bogdan Bobrov,1867.0,B. Bobrov,Bogdan Bobrov,sorted_name,,ok
Lorenzo Bocchi,682.0,L. Bocchi,Lorenzo Bocchi,sorted_name,,ok
Flavio Bocci,88183.0,F. Bocci,Flavio Bocci,sorted_name,,ok
Maikel De Boes,13126.0,M. De Boes,Maikel De Boes,sorted_name,,ok
Daniil Bogatov,76394.0,D. Bogatov,Daniil Bogatov,sorted_name,,ok
Stefan Ilie Bogdan Petre,92968.0,I. B. Petre S.,Bogdan Petre Stefan Ilie,sorted_name,,ok
Bogdan Pavel,15838.0,B. Pavel,Bogdan Pavel,sorted_name,,ok
Bogdan Seleznev,76298.0,B. Seleznev,Bogdan Seleznev,sorted_name,,ok
Enrique Bogo,10517.0,E. Bogo,Enrique Bogo,sorted_name,,ok
Luka Bojicic Ono,59646.0,L. Bojicic Ono,Luka Bojicic Ono,sorted_name,,ok
Jurriaan Bol,54519.0,J. Bol,Jurriaan Bol,sorted_name,,ok
Mathis Bondaz,87791.0,M. Bondaz,Mathis Bondaz,sorted_name,,ok
Oliver Bonding,28596.0,O. Bonding,Oliver Bonding,sorted_name,,ok
Federico Bondioli,37892.0,F. Bondioli,Federico Bondioli,sorted_name,,ok
João Pedro Didoni Bonini,83934.0,J. P. Didoni Bonini,Pedro Didoni Bonini Joao,sorted_name,,ok
Kane Bonsach Ganley,50204.0,G. K. Bonsach,Kane Bonsach Ganley,sorted_name,,ok
Thijs Boogaard,52704.0,T. Boogaard,Thijs Boogaard,sorted_name,,ok
Thanaphat Boosarawongse,58212.0,T. Boosarawongse,Thanaphat Boosarawongse,sorted_name,,ok
Bora Sengul,19520.0,B. Sengul,Bora Sengul,sorted_name,,ok
Leo Borg,810.0,L. Borg,Leo Borg,sorted_name,,ok
Nuno Borges,358.0,N. Borges,Nuno Borges,sorted_name,,ok
Boris Butulija,1281.0,B. Butulija,Boris Butulija,sorted_name,,ok
Boris Fassbender,16016.0,B. Fassbender,Boris Fassbender,sorted_name,,ok
Boris Kozlov,7640.0,B. Kozlov,Boris Kozlov,sorted_name,,ok
Martin Borisiouk,1937.0,M. Borisiouk,Martin Borisiouk,sorted_name,,ok
Maximilian Borisov,77365.0,M. Borisov,Maximilian Borisov,sorted_name,,ok
Borna Coric,3136.0,B. Coric,Borna Coric,sorted_name,,ok
Borna Gojo,377.0,B. Gojo,Borna Gojo,sorted_name,,ok
Leonardo Borrelli,60965.0,L. Borrelli,Leonardo Borrelli,sorted_name,,ok
Pedro Boscardin Dias,2003.0,P. Boscardin Dias,Pedro Boscardin Dias,sorted_name,,ok
Gabriele Bosio,750.0,G. Bosio,Gabriele Bosio,sorted_name,,ok
John Bothma,69709.0,J. Bothma,John Bothma,sorted_name,,ok
Botic van de Zandschulp,2972.0,B. Van De Zandschulp,Botic Van De Zandschulp,sorted_name,,ok
Botond Kisantal,65124.0,B. Kisantal,Botond Kisantal,sorted_name,,ok
Botond Nagy,68636.0,B. Nagy,Botond Nagy,sorted_name,,ok
Cesar Bouchelaghem,38101.0,C. Bouchelaghem,Cesar Bouchelaghem,sorted_name,,ok
Justin Boulais,5767.0,J. Boulais,Justin Boulais,sorted_name,,ok
Lucas Bouquet,966.0,L. Bouquet,Lucas Bouquet,sorted_name,,ok
Mathias Bourgue,1194.0,M. Bourgue,Mathias Bourgue,sorted_name,,ok
Moerani Bouzige,7912.0,M. Bouzige,Moerani Bouzige,sorted_name,,ok
Federico Bove,13407.0,F. Bove,Federico Bove,sorted_name,,ok
Tyler Bowers,36194.0,T. Bowers,Tyler Bowers,sorted_name,,ok
Tristan Boyer,9037.0,T. Boyer,Tristan Boyer,sorted_name,,ok
Brian Bozemoj,32507.0,B. Bozemoj,Brian Bozemoj,sorted_name,,ok
Braden Shick,37912.0,B. Shick,Braden Shick,sorted_name,,ok
Jacob Bradshaw,37971.0,J. Bradshaw,Jacob Bradshaw,sorted_name,,ok
Patrick Brady,9371.0,P. Brady,Patrick Brady,sorted_name,,ok
Breno Braga,63732.0,B. Braga,Breno Braga,sorted_name,,ok
Victor Braga,63731.0,V. Braga,Victor Braga,sorted_name,,ok
Thomas Braithwaite,38299.0,T. Braithwaite,Thomas Braithwaite,sorted_name,,ok
Raul Brancaccio,1873.0,R. Brancaccio,Raul Brancaccio,sorted_name,,ok
Brandon Holt,8158.0,B. Holt,Brandon Holt,sorted_name,,ok
Brandon Nakashima,2838.0,B. Nakashima,Brandon Nakashima,sorted_name,,ok
Brandon Walkin,651.0,B. Walkin,Brandon Walkin,sorted_name,,ok
Liam Branger,39079.0,L. Branger,Liam Branger,sorted_name,,ok
Branko Djuric,37896.0,B. Djuric,Branko Djuric,sorted_name,,ok
Jonah Braswell,38779.0,J. Braswell,Jonah Braswell,sorted_name,,ok
Micah Braswell,12958.0,M. Braswell,Micah Braswell,sorted_name,,ok
Vlad Cristian Breazu,38012.0,V. C. Breazu,Cristian Breazu Vlad,sorted_name,,ok
Matei Florin Breazu,57892.0,M. F. Breazu,Florin Breazu Matei,sorted_name,,ok
Breno Rossetto Urvaneja,52074.0,B. R. Urvaneja,Rossetto Urvaneja Breno,sorted_name,,ok
Timeo Bretin,70606.0,T. Bretin,Timeo Bretin,sorted_name,,ok
Omar Brigida,1275.0,O. Brigida,Omar Brigida,sorted_name,,ok
Henrique Costanzi De Brito,50974.0,B. H. Costanzi D.,Henrique Costanzi De Brito,sorted_name,,ok
Luis Britto,722.0,L. Britto,Luis Britto,sorted_name,,ok
Liam Broady,410.0,L. Broady,Liam Broady,sorted_name,,ok
Jenson Brooksby,2169.0,J. Brooksby,Jenson Brooksby,sorted_name,,ok
Charles Broom,745.0,C. Broom,Charles Broom,sorted_name,,ok
Florian Broska,15199.0,F. Broska,Florian Broska,sorted_name,,ok
Samuel Brosset,10526.0,S. Brosset,Samuel Brosset,sorted_name,,ok
Oskar Brostrom Poulsen,40129.0,O. B. Poulsen,Oskar Poulsen Brostrom,sorted_name,,ok
Gijs Brouwer,581.0,G. Brouwer,Gijs Brouwer,sorted_name,,ok
Oscar Brown,94111.0,O. Brown,Oscar Brown,sorted_name,,ok
Preston Brown,1232.0,P. Brown,Preston Brown,sorted_name,,ok
Noah Brownrigg,81132.0,N. Brownrigg,Noah Brownrigg,sorted_name,,ok
Jack Bruce-Smith,65354.0,J. Bruce-Smith,Jack Bruce-Smith,sorted_name,,ok
Jacob Brumm,8686.0,J. Brumm,Jacob Brumm,sorted_name,,ok
Nicolas Bruna,9689.0,N. Bruna,Nicolas Bruna,sorted_name,,ok
Petr Brunclik,38921.0,P. Brunclik,Petr Brunclik,sorted_name,,ok
Tighe Brunetti,85495.0,T. Brunetti,Tighe Brunetti,sorted_name,,ok
Gianluca Brunkow,55611.0,G. Brunkow,Gianluca Brunkow,sorted_name,,ok
Bruno Fernandez,53136.0,B. Fernandez,Bruno Fernandez,sorted_name,,ok
Bruno Kokot,58140.0,B. Kokot,Bruno Kokot,sorted_name,,ok
Bruno Kuzuhara,662.0,B. Kuzuhara,Bruno Kuzuhara,sorted_name,,ok
Bruno Pujol Navarro,698.0,B. Pujol Navarro,Bruno Pujol Navarro,sorted_name,,ok
Mika Brunold,37882.0,M. Brunold,Mika Brunold,sorted_name,,ok
Bryan Hernandez Cortes,72883.0,C. B. Hernandez,Bryan Hernandez Cortes,sorted_name,,ok
Bryce Nakashima,1249.0,B. N. Nakashima,Bryce Nakashima,sorted_name,,ok
Gage Brymer,794.0,G. Brymer,Gage Brymer,sorted_name,,ok
Yunchaokete Bu,796.0,B. Yunchaokete,Yunchaokete Bu,sorted_name,,ok
Nicolai Budkov Kjaer,55163.0,N. Budkov Kjaer,Nicolai Budkov Kjaer,sorted_name,,ok
Gonzalo Bueno,9209.0,G. Bueno,Gonzalo Bueno,sorted_name,,ok
Nicolas Buitrago,13289.0,N. Buitrago,Nicolas Buitrago,sorted_name,,ok
Peter Buldorini,10866.0,P. Buldorini,Peter Buldorini,sorted_name,,ok
Christopher Bulus,40145.0,C. Bulus,Christopher Bulus,sorted_name,,ok
Emirhan Bulut,39051.0,E. Bulut,Emirhan Bulut,sorted_name,,ok
Evan Burnett,57159.0,E. Burnett,Evan Burnett,sorted_name,,ok
Ignacio Buse,9514.0,I. Buse,Ignacio Buse,sorted_name,,ok
Pablo Carreno Busta,434.0,P. Carreno-Busta,Pablo Carreno-Busta,sorted_name,,ok
Edas Butvilas,9362.0,E. Butvilas,Edas Butvilas,sorted_name,,ok
Buvaysar Gadamauri,12832.0,B. Gadamauri,Buvaysar Gadamauri,sorted_name,,ok
Loren Thomas Byers,38268.0,L. T. Byers,Thomas Byers Loren,sorted_name,,ok
Evan Bynoe,22446.0,E. Bynoe,Evan Bynoe,sorted_name,,ok
Francisco Cabral,12955.0,F. Cabral,Francisco Cabral,sorted_name,,ok
Tiago Cacao,1327.0,T. Cacao,Tiago Cacao,sorted_name,,ok
Pedro Cachin,414.0,P. Cachin,Pedro Cachin,sorted_name,,ok
Gianluca Cadenasso,38798.0,G. Cadenasso,Gianluca Cadenasso,sorted_name,,ok
Cagan Efe Tufekci,58219.0,C. E. Tufekci,Efe Tufekci Cagan,sorted_name,,ok
Caheer Warik,67691.0,C. Warik,Caheer Warik,sorted_name,,ok
Calin Teodor Stirbu,57344.0,C. T. Stirbu,Teodor Stirbu Calin,sorted_name,,ok
Sergio Callejon Hernando,50705.0,H. S. Callejon,Sergio Callejon Hernando,sorted_name,,ok
Filippo Callerio,75671.0,F. Callerio,Filippo Callerio,sorted_name,,ok
Calum Puttergill,2511.0,C. Puttergill,Calum Puttergill,sorted_name,,ok
Giovanni Calvano,12595.0,G. Calvano,Giovanni Calvano,sorted_name,,ok
Calvin Hemery,1206.0,C. Hemery,Calvin Hemery,sorted_name,,ok
Calvin Mueller,90155.0,C. Mueller,Calvin Mueller,sorted_name,,ok
Raphael Calzi,11184.0,R. Calzi,Raphael Calzi,sorted_name,,ok
Enzo Camargo Lima,57479.0,E. Camargo Lima,Enzo Camargo Lima,sorted_name,,ok
Cameron Norrie,1103.0,C. Norrie,Cameron Norrie,sorted_name,,ok
Camilo Ugo Carabelli,401.0,C. Ugo Carabelli,Camilo Ugo Carabelli,sorted_name,,ok
Federico Campana,8773.0,F. Campana,Federico Campana,sorted_name,,ok
Gerard Campana Lee,10845.0,G. C. Lee,Gerard Campana Lee,sorted_name,,ok
Nicholas Campbell,64902.0,N. Campbell,Nicholas Campbell,sorted_name,,ok
Cristian Campese,38830.0,C. Campese,Cristian Campese,sorted_name,,ok
Charlie Camus,10841.0,C. Camus,Charlie Camus,sorted_name,,ok
Cannon Kingsley,3710.0,C. Kingsley,Cannon Kingsley,sorted_name,,ok
Hugo Car,71902.0,H. Car,Hugo Car,sorted_name,,ok
Mateo Carballo,80939.0,M. Carballo,Mateo Carballo,sorted_name,,ok
Lorenzo Carboni,49616.0,L. Carboni,Lorenzo Carboni,sorted_name,,ok
Hugo Cardinaud,52219.0,. H. Cardinaud,Hugo Cardinaud,sorted_name,,ok
Vasilios Caripi,14379.0,V. Caripi,Vasilios Caripi,sorted_name,,ok
Carl Emil Overbeck,20568.0,C. E. Overbeck,Emil Overbeck Carl,sorted_name,,ok
Carl Holder,84558.0,C. Holder,Carl Holder,sorted_name,,ok
Carl Roothman,14375.0,C. Roothman,Carl Roothman,sorted_name,,ok
Carles Cordoba,61814.0,C. Cordoba,Carles Cordoba,sorted_name,,ok
Carles Hernandez,12954.0,C. Hernandez,Carles Hernandez,sorted_name,,ok
Carlos Gimeno Valero,1851.0,C. Gimeno Valero,Carlos Gimeno Valero,sorted_name,,ok
Carlos Giraldi,70094.0,C. Giraldi,Carlos Giraldi,sorted_name,,ok
Carlos Sanchez Jover,584.0,C. Sanchez Jover,Carlos Sanchez Jover,sorted_name,,ok
Carlos Lopez Montagud,975.0,C. Lopez Montagud,Carlos Lopez Montagud,sorted_name,,ok
Carlos Maria Zarate,65990.0,C. M. Zarate,Maria Zarate Carlos,sorted_name,,ok
Carlos Taberner,1974.0,C. Taberner,Carlos Taberner,sorted_name,,ok
Carlos Zerega,82866.0,C. Zerega,Carlos Zerega,sorted_name,,ok
Timothy Carlsson Seger,40133.0,S. T. Carlsson,Timothy Carlsson Seger,sorted_name,,ok
Ignacio Carou,660.0,I. Carou,Ignacio Carou,sorted_name,,ok
Luciano Carraro,10024.0,L. Carraro,Luciano Carraro,sorted_name,,ok
Enrique Carrascosa Diaz,80300.0,D. E. Carrascosa,Enrique Carrascosa Diaz,sorted_name,,ok
Maxi Carrascosa Diaz,80016.0,D. M. Carrascosa,Maxi Carrascosa Diaz,sorted_name,,ok
Pierre Ngijol Carre,94522.0,C. P. Ngijol,Pierre Ngijol Carre,sorted_name,,ok
Matthew Carroll,93602.0,M. Carroll,Matthew Carroll,sorted_name,,ok
David Cristian Carteputreda,56746.0,D. C. Carteputreda,Cristian Carteputreda David,sorted_name,,ok
Hanamichi Carvajal,94995.0,H. Carvajal,Hanamichi Carvajal,sorted_name,,ok
Lucca Helguera Casado,17991.0,L. Helguera Casado,Lucca Helguera Casado,sorted_name,,ok
Hernan Casanova,560.0,H. Casanova,Hernan Casanova,sorted_name,,ok
Casper Christensen,15294.0,C. Christensen,Casper Christensen,sorted_name,,ok
Casper Ruud,430.0,C. Ruud,Casper Ruud,sorted_name,,ok
Murphy Cassone,12744.0,M. Cassone,Murphy Cassone,sorted_name,,ok
Luca Castagnola,819.0,L. Castagnola,Luca Castagnola,sorted_name,,ok
Mateo Castañeda,23581.0,M. Castaneda,Mateo Castaneda,sorted_name,,ok
Luca Castelnuovo,2220.0,L. Castelnuovo,Luca Castelnuovo,sorted_name,,ok
Marcos Castro Fabra,69522.0,F. M. Castro,Marcos Castro Fabra,sorted_name,,ok
Niccolo Catini,37970.0,N. Catini,Niccolo Catini,sorted_name,,ok
Robin Catry,40126.0,R. Catry,Robin Catry,sorted_name,,ok
Leonardo Cattaneo,73645.0,L. Cattaneo,Leonardo Cattaneo,sorted_name,,ok
Fernando Cavallo,34714.0,F. Cavallo,Fernando Cavallo,sorted_name,,ok
Dragos Nicolae Cazacu,38011.0,D. N. Cazacu,Nicolae Cazacu Dragos,sorted_name,,ok
Marco Cecchinato,1095.0,M. Cecchinato,Marco Cecchinato,sorted_name,,ok
Cedric Stanke,13026.0,C. Stanke,Cedric Stanke,sorted_name,,ok
Cedrik-Marcel Stebe,387.0,C. Stebe,Cedrik-Marcel Stebe,sorted_name,,ok
Kuzey Cekirge,973.0,K. Cekirge,Kuzey Cekirge,sorted_name,,ok
Cem Ilkel,1736.0,C. Ilkel,Cem Ilkel,sorted_name,,ok
Joao Vitor Goncalves Ceolin,20846.0,V. Goncalves,Vitor Goncalves Ceolin Joao,sorted_name,,ok
Matyas Cerny,37919.0,M. Cerny,Matyas Cerny,sorted_name,,ok
Francisco Cerundolo,1104.0,F. Cerundolo,Francisco Cerundolo,sorted_name,,ok
Juan Manuel Cerundolo,388.0,J. M. Cerundolo,Manuel Cerundolo Juan,sorted_name,,ok
Cesar Cruz,86761.0,C. Cruz,Cesar Cruz,sorted_name,,ok
Julio Cesar Porras,8799.0,J. Cesar Porras,Julio Cesar Porras,sorted_name,,ok
Cezar Cretu,972.0,C. Cretu,Cezar Cretu,sorted_name,,ok
Cezar Gabriel Papoe,67686.0,C. G. Papoe,Gabriel Papoe Cezar,sorted_name,,ok
Pedro Henrique Chabalgoity,83933.0,P. H. Chabalgoity,Henrique Chabalgoity Pedro,sorted_name,,ok
Credit Chaiyarin,21983.0,C. Chaiyarin,Credit Chaiyarin,sorted_name,,ok
Elijah Cham,72231.0,E. Cham,Elijah Cham,sorted_name,,ok
Duncan Chan,38792.0,D. Chan,Duncan Chan,sorted_name,,ok
Woong Chan Lee,93158.0,W. C. Lee,Chan Lee Woong,sorted_name,,ok
Thanapet Chanta,10126.0,T. Chanta,Thanapet Chanta,sorted_name,,ok
Nick Chappell,1255.0,N. Chappell,Nick Chappell,sorted_name,,ok
Charlelie Cosnet,9208.0,C. Cosnet,Charlelie Cosnet,sorted_name,,ok
Charles Chen,8449.0,C. Chen,Charles Chen,sorted_name,,ok
Charlie Pade,75586.0,C. Pade,Charlie Pade,sorted_name,,ok
Charlie Robertson,51278.0,C. Robertson,Charlie Robertson,sorted_name,,ok
Joshua Charlton,10215.0,J. Charlton,Joshua Charlton,sorted_name,,ok
Yuttana Charoenphon,14459.0,Y. Charoenphon,Yuttana Charoenphon,sorted_name,,ok
Penn Charusorn,88928.0,P. Charusorn,Penn Charusorn,sorted_name,,ok
Chase Ferguson,37866.0,C. Ferguson,Chase Ferguson,sorted_name,,ok
Hitesh Chauhan,65717.0,H. Chauhan,Hitesh Chauhan,sorted_name,,ok
Tito Chavez,29633.0,T. Chavez,Tito Chavez,sorted_name,,ok
Maxime Chazal,1332.0,M. Chazal,Maxime Chazal,sorted_name,,ok
Yan Cheng Chen,57378.0,Y. C. Chen,Cheng Chen Yan,sorted_name,,ok
Xing Dao Chen,54657.0,X. D. Chen,Dao Chen Xing,sorted_name,,ok
Chen Dong,29450.0,C. Dong,Chen Dong,sorted_name,,ok
Ye Chen,87371.0,C. Ye,Chen Ye,sorted_name,,ok
Siu Chi Nicholas Cheng,73804.0,C. N. Cheng S.,Nicholas Cheng Siu Chi,sorted_name,,ok
Jack Cheng,69468.0,J. Cheng,Jack Cheng,sorted_name,,ok
Edoardo cherie Ligniere,37935.0,E. Cherie Ligniere,Edoardo Cherie Ligniere,sorted_name,,ok
Noah Lopez Cherubino,50291.0,N. Lopez Cherubino,Noah Lopez Cherubino,sorted_name,,ok
Mahmoud Chetouane,89864.0,M. chetouane,Mahmoud Chetouane,sorted_name,,ok
Clement Chidekh,7102.0,C. Chidekh,Clement Chidekh,sorted_name,,ok
Chun-Chien Hou,72232.0,C. Hou,Chun-Chien Hou,sorted_name,,ok
John Chin,38180.0,J. Chin,John Chin,sorted_name,,ok
Chirag Duhan,18730.0,C. Duhan,Chirag Duhan,sorted_name,,ok
Jaesung Choe,69052.0,J. Choe,Jaesung Choe,sorted_name,,ok
Jan Choinski,5979.0,J. Choinski,Jan Choinski,sorted_name,,ok
Keshav Chopra,40189.0,K. Chopra,Keshav Chopra,sorted_name,,ok
Chris Rodesch,5980.0,C. Rodesch,Chris Rodesch,sorted_name,,ok
Christian Djonov,78854.0,C. Djonov,Christian Djonov,sorted_name,,ok
Christian Langmo,2021.0,C. Langmo,Christian Langmo,sorted_name,,ok
Christian Sigsgaard,773.0,C. Sigsgaard,Christian Sigsgaard,sorted_name,,ok
Christian Wedel,83888.0,C. Wedel,Christian Wedel,sorted_name,,ok
Stylianos Christodoulou,14470.0,S. Christodoulou,Stylianos Christodoulou,sorted_name,,ok
Pavlos Christoforakis,80073.0,P. Christoforakis,Pavlos Christoforakis,sorted_name,,ok
Christoph Gayk,75574.0,C. Gayk,Christoph Gayk,sorted_name,,ok
Christoph Negritu,5971.0,Ch. Negritu,Christoph Negritu,sorted_name,,ok
Christopher Eubanks,1059.0,C. Eubanks,Christopher Eubanks,sorted_name,,ok
Christopher Li,40225.0,C. Li,Christopher Li,sorted_name,,ok
Christopher O'Connell,421.0,C. O&apos;Connell,Christopher O'Connell,sorted_name,,ok
Christopher Papa,54742.0,C. Papa,Christopher Papa,sorted_name,,ok
Chun-Hsin Tseng,389.0,C. H. Tseng,Hsin Tseng Chun,sorted_name,,ok
Hyeon Chung,3135.0,H. Chung,Hyeon Chung,sorted_name,,ok
Cian Maguire,66634.0,C. Maguire,Cian Maguire,sorted_name,,ok
Niccolò Ciavarella,10879.0,N. Ciavarella,Niccolo Ciavarella,sorted_name,,ok
Roberto Cid Subervi,2956.0,R. Cid Subervi,Roberto Cid Subervi,sorted_name,,ok
Thiago Cigarran,9602.0,T. Cigarran,Thiago Cigarran,sorted_name,,ok
Marin Cilic,2167.0,M. Cilic,Marin Cilic,sorted_name,,ok
Federico Cina,38264.0,F. Cina,Federico Cina,sorted_name,,ok
Cing-Yang Meng,13014.0,C. Meng,Cing-Yang Meng,sorted_name,,ok
Jiri Cizek,38953.0,J. Cizek,Jiri Cizek,sorted_name,,ok
Ezekiel Clark,1257.0,E. Clark,Ezekiel Clark,sorted_name,,ok
Miles Clark,59244.0,M. Clark,Miles Clark,sorted_name,,ok
Jay Clarke,1739.0,J. Clarke,Jay Clarke,sorted_name,,ok
Jose Luis Claro,94061.0,J. L. Claro,Luis Claro Jose,sorted_name,,ok
Gheorghe Claudiu Schinteie,40083.0,G. C. Schinteie,Claudiu Schinteie Gheorghe,sorted_name,,ok
Cleeve Harper,5771.0,C. Harper,Cleeve Harper,sorted_name,,ok
Clement Deleersnyder,24521.0,C. Deleersnyder,Clement Deleersnyder,sorted_name,,ok
Clement Lemire,52678.0,C. Lemire,Clement Lemire,sorted_name,,ok
Clement Tabur,1762.0,C. Tabur,Clement Tabur,sorted_name,,ok
Damien Clerc,83932.0,D. Clerc,Damien Clerc,sorted_name,,ok
Flavio Cobolli,372.0,F. Cobolli,Flavio Cobolli,sorted_name,,ok
Sebastiano Cocola,78741.0,S. Cocola,Sebastiano Cocola,sorted_name,,ok
Ryan Colby,37857.0,R. Colby,Ryan Colby,sorted_name,,ok
Colin Sinclair,6752.0,C. Sinclair,Colin Sinclair,sorted_name,,ok
Enrique Collar,90062.0,E. COLLAR,Enrique Collar,sorted_name,,ok
Sasha Colleu,83918.0,S. Colleu,Sasha Colleu,sorted_name,,ok
Kylian Collignon,54522.0,K. Collignon,Kylian Collignon,sorted_name,,ok
Raphael Collignon,825.0,R. Collignon,Raphael Collignon,sorted_name,,ok
Tibo Colson,961.0,T. Colson,Tibo Colson,sorted_name,,ok
Colton Smith,54466.0,C. Smith,Colton Smith,sorted_name,,ok
Francisco Comesana,2084.0,F. Comesana,Francisco Comesana,sorted_name,,ok
Lorenzo Comino,80521.0,L. Comino,Lorenzo Comino,sorted_name,,ok
Tommaso Compagnucci,851.0,T. Compagnucci,Tommaso Compagnucci,sorted_name,,ok
Congsup Congcar,7210.0,C. Congcar,Congsup Congcar,sorted_name,,ok
James Connel,54463.0,J. Connel,James Connel,sorted_name,,ok
Conner Huertas del Pino,2411.0,C. Huertas Del Pino,Conner Huertas Del Pino,sorted_name,,ok
Connor Doig,78291.0,C. Doig,Connor Doig,sorted_name,,ok
Connor Henry Van Schalkwyk,10849.0,C. H. van Schalkwyk,Henry van Schalkwyk Connor,sorted_name,,ok
Connor Thomson,55376.0,C. Thomson,Connor Thomson,sorted_name,,ok
Conor Gannon,69524.0,C. Gannon,Conor Gannon,sorted_name,,ok
Constant Lestienne,1755.0,C. Lestienne,Constant Lestienne,sorted_name,,ok
Valentino Conte,93922.0,V. Conte,Valentino Conte,sorted_name,,ok
Sergi Perez Contri,4254.0,C. S. Perez,Sergi Perez Contri,sorted_name,,ok
Ethan Cook,33138.0,E. Cook,Ethan Cook,sorted_name,,ok
Stefan Cooper,35788.0,S. Cooper,Stefan Cooper,sorted_name,,ok
Cooper Williams,22429.0,C. Williams,Cooper Williams,sorted_name,,ok
Cooper Woestendick,67327.0,C. Woestendick,Cooper Woestendick,sorted_name,,ok
Kimmer Coppejans,1205.0,K. Coppejans,Kimmer Coppejans,sorted_name,,ok
Hugo Coquelin,9361.0,H. Coquelin,Hugo Coquelin,sorted_name,,ok
Corban Crowther,2477.0,C. Crowther,Corban Crowther,sorted_name,,ok
Sven Corbinais,40197.0,S. Corbinais,Sven Corbinais,sorted_name,,ok
Corentin Denolly,8223.0,C. Denolly,Corentin Denolly,sorted_name,,ok
Corentin Moutet,2674.0,C. Moutet,Corentin Moutet,sorted_name,,ok
Corey Craig,6489.0,C. Craig,Corey Craig,sorted_name,,ok
Federico Coria,433.0,F. Coria,Federico Coria,sorted_name,,ok
Jordan Correia,3150.0,J. Correia,Jordan Correia,sorted_name,,ok
Esteban Talavera Cortes,92128.0,E. Talavera Cortes,Esteban Talavera Cortes,sorted_name,,ok
Felix Corwin,3703.0,F. Corwin,Felix Corwin,sorted_name,,ok
Cosme Rolland De Ravel,54824.0,C. Rolland de Ravel,Cosme Rolland de Ravel,sorted_name,,ok
Milledge Cossu,9609.0,M. Cossu,Milledge Cossu,sorted_name,,ok
Enzo Couacaud,394.0,E. Couacaud,Enzo Couacaud,sorted_name,,ok
Eliakim Coulibaly,11110.0,E. Coulibaly,Eliakim Coulibaly,sorted_name,,ok
Jayden Court,874.0,J. Court,Jayden Court,sorted_name,,ok
Courtney John Lock,1282.0,C. Lock,John Lock Courtney,sorted_name,,ok
Joao Victor Couto Loureiro,9229.0,V. C. Loureiro J.,Couto Loureiro Joao Victor,sorted_name,,ok
Lenny Couturier,68735.0,L. Couturier,Lenny Couturier,sorted_name,,ok
Matteo Covato,57685.0,M. Covato,Matteo Covato,sorted_name,,ok
Nathan Cox,84737.0,N. Cox,Nathan Cox,sorted_name,,ok
Oliver Crawford,945.0,O. Crawford,Oliver Crawford,sorted_name,,ok
Maxime Cressy,2961.0,M. Cressy,Maxime Cressy,sorted_name,,ok
Giacomo Crisostomo,39011.0,G. Crisostomo,Giacomo Crisostomo,sorted_name,,ok
Filip Cristian Jianu,576.0,F. C. Jianu,Cristian Jianu Filip,sorted_name,,ok
Cristian Garin,2071.0,C. Garin,Cristian Garin,sorted_name,,ok
Matei Cristian Onofrei,55589.0,M. C. Onofrei,Cristian Onofrei Matei,sorted_name,,ok
Cristian Rodriguez,7232.0,C. Rodriguez,Cristian Rodriguez,sorted_name,,ok
Gabriele Crivellaro,87125.0,G. Crivellaro,Gabriele Crivellaro,sorted_name,,ok
Glauco Pinheiro Da Cruz Junior,90843.0,G. Pinheiro da Cruz Junior,Glauco Pinheiro da Cruz Junior,sorted_name,,ok
Cruz Hewitt,76018.0,C. Hewitt,Cruz Hewitt,sorted_name,,ok
Juan Cruz Martin Manzano,56246.0,J. C. Martin Manzano,Cruz Martin Manzano Juan,sorted_name,,ok
Karlo Cubelic,752.0,K. Cubelic,Karlo Cubelic,sorted_name,,ok
Sean Cuenin,382.0,S. Cuenin,Sean Cuenin,sorted_name,,ok
Jie Cui,1274.0,J. Cui,Jie Cui,sorted_name,,ok
Daniel Cukierman,634.0,D. Cukierman,Daniel Cukierman,sorted_name,,ok
Julian Cundom,37945.0,J. Cundom,Julian Cundom,sorted_name,,ok
Ivan Marrero Curbelo,4727.0,I. Marrero Curbelo,Ivan Marrero Curbelo,sorted_name,,ok
Julien De Cuyper,17050.0,J. De Cuyper,Julien De Cuyper,sorted_name,,ok
Cyril Vandermeersch,11809.0,C. Vandermeersch,Cyril Vandermeersch,sorted_name,,ok
Cyrus Mahjoob,56260.0,C. Mahjoob,Cyrus Mahjoob,sorted_name,,ok
Stefano D'Agostino,29714.0,S. D&apos;Agostino,Stefano D'Agostino,sorted_name,,ok
S D Prajwal Dev,11781.0,P. Dev S D,Prajwal Dev S D,sorted_name,,ok
Daniel Dutra da Silva,558.0,D. Dutra Da Silva,Daniel Dutra Da Silva,sorted_name,,ok
Joao Lucas Reis Da Silva,2408.0,J. Reis Da Silva,Lucas Reis Da Silva Joao,sorted_name,,ok
Max Dahlin,52070.0,M. Dahlin,Max Dahlin,sorted_name,,ok
Daiki Yoshimura,19886.0,D. Yoshimura,Daiki Yoshimura,sorted_name,,ok
Daisuke Sumizawa,960.0,D. Sumizawa,Daisuke Sumizawa,sorted_name,,ok
Dalibor Svrcina,1754.0,D. Svrcina,Dalibor Svrcina,sorted_name,,ok
Enrico Dalla Valle,5675.0,E. Dalla Valle,Enrico Dalla Valle,sorted_name,,ok
Guillaume Dalmasso,38125.0,. G. Dalmasso,Guillaume Dalmasso,sorted_name,,ok
Miguel Damas,1209.0,M. Damas,Miguel Damas,sorted_name,,ok
Damien Salvestre,19894.0,D. Salvestre,Damien Salvestre,sorted_name,,ok
Damien Wenger,83433.0,D. Wenger,Damien Wenger,sorted_name,,ok
Damir Dzumhur,1079.0,D. Dzumhur,Damir Dzumhur,sorted_name,,ok
Martin Damm,1317.0,M. Damm,Martin Damm,sorted_name,,ok
Dan Martin,23350.0,D. Martin,Dan Martin,sorted_name,,ok
Dane Sweeny,1308.0,D. Sweeny,Dane Sweeny,sorted_name,,ok
Daniel De Jonge,7498.0,D. De Jonge,Daniel De Jonge,sorted_name,,ok
Daniel Domingos,69999.0,D. Domingos,Daniel Domingos,sorted_name,,ok
Daniel Elahi Galan,1735.0,D. E. Galan Riveros,Elahi Galan Daniel,sorted_name,,ok
Daniel Evans,2835.0,D. Evans,Daniel Evans,sorted_name,,ok
Daniel Jade,63427.0,D. Jade,Daniel Jade,sorted_name,,ok
Daniel Jovanovski,63484.0,D. Jovanovski,Daniel Jovanovski,sorted_name,,ok
Daniel Khazime,58964.0,D. Khazime,Daniel Khazime,sorted_name,,ok
Daniel Lara Salmeron,62059.0,D. Lara Salmeron,Daniel Lara Salmeron,sorted_name,,ok
Daniel Little,630.0,D. Little,Daniel Little,sorted_name,,ok
Daniel Masur,411.0,D. Masur,Daniel Masur,sorted_name,,ok
Daniel Michalski,582.0,D. Michalski,Daniel Michalski,sorted_name,,ok
Daniel Milavsky,15277.0,D. Milavsky,Daniel Milavsky,sorted_name,,ok
Daniel Paty,20214.0,D. Paty,Daniel Paty,sorted_name,,ok
Daniel Phillips,54047.0,D. Phillips,Daniel Phillips,sorted_name,,ok
Daniel Rincon,657.0,D. Rincon,Daniel Rincon,sorted_name,,ok
Daniel Salazar,40212.0,D. Salazar,Daniel Salazar,sorted_name,,ok
Daniel Siniakov,899.0,D. Siniakov,Daniel Siniakov,sorted_name,,ok
Taro Daniel,2406.0,T. Daniel,Taro Daniel,sorted_name,,ok
Daniel Tazabekov,87098.0,D. Tazabekov,Daniel Tazabekov,sorted_name,,ok
Daniel Uta,55174.0,D. Uta,Daniel Uta,sorted_name,,ok
Daniel Verbeek,10842.0,D. Verbeek,Daniel Verbeek,sorted_name,,ok
Daniele Minighini,10863.0,D. Minighini,Daniele Minighini,sorted_name,,ok
Daniele Rapagnetta,57079.0,D. Rapagnetta,Daniele Rapagnetta,sorted_name,,ok
Daniil Glinka,780.0,D. Glinka,Daniil Glinka,sorted_name,,ok
Daniil Golubev,14126.0,D. Golubev,Daniil Golubev,sorted_name,,ok
Daniil Kakhniuk,85606.0,D. Kakhniuk,Daniil Kakhniuk,sorted_name,,ok
Daniil Medvedev,1093.0,D. Medvedev,Daniil Medvedev,sorted_name,,ok
Daniil Ostapenkov,13986.0,D. Ostapenkov,Daniil Ostapenkov,sorted_name,,ok
Daniil Piatrouski,85829.0,D. Piatrouski,Daniil Piatrouski,sorted_name,,ok
Daniil Sarksian,40236.0,D. Sarksian,Daniil Sarksian,sorted_name,,ok
Danil Panarin,32546.0,D. Panarin,Danil Panarin,sorted_name,,ok
Savriyan Danilov,9567.0,S. Danilov,Savriyan Danilov,sorted_name,,ok
Dante Pagani,77943.0,D. Pagani,Dante Pagani,sorted_name,,ok
Luciano Darderi,8781.0,L. Darderi,Luciano Darderi,sorted_name,,ok
Darian King,2926.0,D. King,Darian King,sorted_name,,ok
Darius Florin Pop,52236.0,D. F. Pop,Florin Pop Darius,sorted_name,,ok
Darrshan Suresh,27347.0,D. Suresh,Darrshan Suresh,sorted_name,,ok
Sandesh Dattatray Kurale,39184.0,K. S. Dattatray,Sandesh Dattatray Kurale,sorted_name,,ok
David Eichenseher,57708.0,D. Eichenseher,David Eichenseher,sorted_name,,ok
David Fix,55061.0,D. Fix,David Fix,sorted_name,,ok
David Goffin,2385.0,D. Goffin,David Goffin,sorted_name,,ok
David Jeanne-Grandinot,95057.0,D. Jeanne-Grandinot,David Jeanne-Grandinot,sorted_name,,ok
Nicholas David Ionel,564.0,N. D. Ionel,David Ionel Nicholas,sorted_name,,ok
David Jorda Sanchis,2019.0,D. Jorda Sanchis,David Jorda Sanchis,sorted_name,,ok
Luis David Martinez,4298.0,L. D. Martinez,David Martinez Luis,sorted_name,,ok
David Naharro,39194.0,D. Naharro,David Naharro,sorted_name,,ok
David Petrovic,821.0,D. Petrovic,David Petrovic,sorted_name,,ok
David Pichler,927.0,D. Pichler,David Pichler,sorted_name,,ok
David Poljak,895.0,D. Poljak,David Poljak,sorted_name,,ok
Radu David Turcanu,63402.0,R. D. Turcanu,David Turcanu Radu,sorted_name,,ok
Davide Pontoglio,2246.0,D. Pontoglio,Davide Pontoglio,sorted_name,,ok
Davide Tortora,5666.0,D. Tortora,Davide Tortora,sorted_name,,ok
Teodor Davidov,83229.0,T. Davidov,Teodor Davidov,sorted_name,,ok
Dawid Wisniewski,15210.0,D. Wisniewski,Dawid Wisniewski,sorted_name,,ok
Dax Donders,18978.0,D. Donders,Dax Donders,sorted_name,,ok
Nav Dayal,83821.0,N. Dayal,Nav Dayal,sorted_name,,ok
Felipe De Dios,38056.0,F. De Dios,Felipe De Dios,sorted_name,,ok
Edoardo De Filippo,73246.0,E. De Filippo,Edoardo De Filippo,sorted_name,,ok
Fabio De Michele,52939.0,M. F. De,Fabio De Michele,sorted_name,,ok
Santiago De La Fuente,9597.0,S. De La Fuente,Santiago De La Fuente,sorted_name,,ok
Pasquale De Giorgio,8881.0,P. De Giorgio,Pasquale De Giorgio,sorted_name,,ok
Matias Ponce De Leon Gomila,13797.0,M. Ponce de Leon Gomila,Matias Ponce de Leon Gomila,sorted_name,,ok
Inaki Montes-De La Torre,10232.0,I. Montes-De La Torre,Inaki Montes-De La Torre,sorted_name,,ok
Jesse De Jager,13024.0,J. De Jager,Jesse De Jager,sorted_name,,ok
Rodolfo Jauregui Sainz de Rozas,38843.0,S.R. Jauregui,Rodolfo Jauregui Sainz De Rozas,sorted_name,,ok
Jesper de Jong,412.0,J. De Jong,Jesper De Jong,sorted_name,,ok
Jordi Mas De Ugarte,4732.0,J. Mas De Ugarte,Jordi Mas De Ugarte,sorted_name,,ok
Joris De Loore,5169.0,J. De Loore,Joris De Loore,sorted_name,,ok
Kenny De Schepper,990.0,K. De Schepper,Kenny De Schepper,sorted_name,,ok
Reuben De Klerk,70041.0,R. De Klerk,Reuben De Klerk,sorted_name,,ok
Michiel De Krom,4056.0,M. De Krom,Michiel De Krom,sorted_name,,ok
Pieter De Lange,71108.0,P. De Lange,Pieter De Lange,sorted_name,,ok
Matteo De Vincentis,2223.0,M. De Vincentis,Matteo De Vincentis,sorted_name,,ok
Theodore Dean,85191.0,T. Dean,Theodore Dean,sorted_name,,ok
Dean Thurner,3738.0,D. Thurner,Dean Thurner,sorted_name,,ok
Gabriel Debru,398.0,G. Debru,Gabriel Debru,sorted_name,,ok
Diego Dedura,55858.0,D. Dedura-Palomero,Diego Dedura,sorted_name,,ok
Mariano Dedura-Palomero,52646.0,M. Dedura-Palomero,Mariano Dedura-Palomero,sorted_name,,ok
Leo Deflandre,60421.0,L. Deflandre,Leo Deflandre,sorted_name,,ok
Mateo Del Pino,14275.0,M. Del Pino,Mateo Del Pino,sorted_name,,ok
Pierre Delage,778.0,P. Delage,Pierre Delage,sorted_name,,ok
Jake Delaney,7078.0,Ja. Delaney,Jake Delaney,sorted_name,,ok
Jesse Delaney,14306.0,Je. Delaney,Jesse Delaney,sorted_name,,ok
Liam Delicata,11178.0,L. Delicata,Liam Delicata,sorted_name,,ok
Vito Dell'Elba,39003.0,V. Dell&apos;Elba,Vito Dell'Elba,sorted_name,,ok
Matthew Dellavedova,1258.0,M. Dellavedova,Matthew Dellavedova,sorted_name,,ok
Hugo Dellien,2980.0,H. Dellien,Hugo Dellien,sorted_name,,ok
Emilien Demanet,62513.0,E. Demanet,Emilien Demanet,sorted_name,,ok
Jake Dembo,95207.0,J. Dembo,Jake Dembo,sorted_name,,ok
Yaroslav Demin,7395.0,Y. Demin,Yaroslav Demin,sorted_name,,ok
Guy Den Ouden,1935.0,G. Den Ouden,Guy Den Ouden,sorted_name,,ok
Deney Wassermann,661.0,D. Wassermann,Deney Wassermann,sorted_name,,ok
Denis Klok,2101.0,D. Klok,Denis Klok,sorted_name,,ok
Denis Petak,30785.0,D. Petak,Denis Petak,sorted_name,,ok
Denis Shapovalov,431.0,D. Shapovalov,Denis Shapovalov,sorted_name,,ok
Denis Yevseyev,569.0,D. Yevseyev,Denis Yevseyev,sorted_name,,ok
Ivan Denisov,776.0,I. Denisov,Ivan Denisov,sorted_name,,ok
Dennis Novak,1753.0,D. Novak,Dennis Novak,sorted_name,,ok
Jeffrey Von Der Schulenburg,10231.0,J. Von der Schulenburg,Jeffrey Von der Schulenburg,sorted_name,,ok
Marc Van Der Merwe,69706.0,M. M. Van D.,Marc Van Der Merwe,sorted_name,,ok
Martin Van Der Meerschen,7999.0,M. Van Der Meerschen,Martin Van Der Meerschen,sorted_name,,ok
Derek Pham,878.0,D. Pham,Derek Pham,sorted_name,,ok
Timofei Derepasko,52054.0,T. Derepasko,Timofei Derepasko,sorted_name,,ok
Thomas Deschamps,9964.0,T. Deschamps,Thomas Deschamps,sorted_name,,ok
Matias Franco Descotte,3900.0,M. F. Descotte,Franco Descotte Matias,sorted_name,,ok
Julian Desousa,56053.0,J. Desousa,Julian DeSousa,sorted_name,,ok
Dev Javia,939.0,D. Javia,Dev Javia,sorted_name,,ok
Dhakshineswar Suresh,18341.0,D. Suresh,Dhakshineswar Suresh,sorted_name,,ok
Manas Dhamne,54470.0,M. Dhamne,Manas Dhamne,sorted_name,,ok
Dheeraj Kodancha Srinivasan,25123.0,D. Kodancha Srinivasan,Dheeraj Kodancha Srinivasan,sorted_name,,ok
Rahul Dhokia,38077.0,R. Dhokia,Rahul Dhokia,sorted_name,,ok
Gian Matias Di Natale,13542.0,G. M. DI Natale,Matias Di Natale Gian,sorted_name,,ok
Gianluca Di Nicola,1931.0,G. Di Nicola,Gianluca Di Nicola,sorted_name,,ok
Gabriel Diallo,9909.0,G. Diallo,Gabriel Diallo,sorted_name,,ok
Dian Nedev,19427.0,D. Nedev,Dian Nedev,sorted_name,,ok
Ryan Dickerson,38039.0,R. Dickerson,Ryan Dickerson,sorted_name,,ok
Diego Duran,87126.0,D. Duran,Diego Duran,sorted_name,,ok
Diego Fernandez Flores,976.0,D. Fernandez Flores,Diego Fernandez Flores,sorted_name,,ok
Diego Jarry Fillol,69945.0,D. Jarry Fillol,Diego Jarry Fillol,sorted_name,,ok
Diego Schwartzman,67.0,D. Schwartzman,Diego Schwartzman,sorted_name,,ok
Dylan Dietrich,10865.0,D. Dietrich,Dylan Dietrich,sorted_name,,ok
Mario Mansilla Diez,984.0,M. Mansilla Diez,Mario Mansilla Diez,sorted_name,,ok
Steven Diez,1975.0,S. Diez,Steven Diez,sorted_name,,ok
Digvijaypratap Singh,7098.0,D. Singh,Digvijaypratap Singh,sorted_name,,ok
Matic Dimic,728.0,M. Dimic,Matic Dimic,sorted_name,,ok
Dimitar Kuzmanov,371.0,D. Kuzmanov,Dimitar Kuzmanov,sorted_name,,ok
Dimitris Sakellaridis,38623.0,D. Sakellaridis,Dimitris Sakellaridis,sorted_name,,ok
Grigor Dimitrov,2384.0,G. Dimitrov,Grigor Dimitrov,sorted_name,,ok
Dinko Dinev,10850.0,D. Dinev,Dinko Dinev,sorted_name,,ok
Dingzheng Nima,68302.0,D. Nima,Dingzheng Nima,sorted_name,,ok
Dino Prizmic,10869.0,D. Prizmic,Dino Prizmic,sorted_name,,ok
Diogo Marques,15387.0,D. Marques,Diogo Marques,sorted_name,,ok
Diogo Morais,39921.0,D. Morais,Diogo Morais,sorted_name,,ok
Laslo Djere,2386.0,L. Djere,Laslo Djere,sorted_name,,ok
Novak Djokovic,1905.0,N. Djokovic,Novak Djokovic,sorted_name,,ok
Djordje Sapic,87421.0,D. Sapic,Djordje Sapic,sorted_name,,ok
Nikola Djosic,51949.0,N. Djosic,Nikola Djosic,sorted_name,,ok
Nikola Djukic Valera,68641.0,V. N. Djukic,Nikola Djukic Valera,sorted_name,,ok
Yassine Dlimi,14468.0,Y. Dlimi,Yassine Dlimi,sorted_name,,ok
Dmitrii Vasilev,49815.0,D. Vasilev,Dmitrii Vasilev,sorted_name,,ok
Dmitry Dolzhenkov,23829.0,D. Dolzhenkov,Dmitry Dolzhenkov,sorted_name,,ok
Dmitry Kopilevich,80515.0,D. Kopilevich,Dmitry Kopilevich,sorted_name,,ok
Dmitry Popko,1758.0,D. Popko,Dmitry Popko,sorted_name,,ok
Dmytro Shirokyi,74446.0,D. Shirokyi,Dmytro Shirokyi,sorted_name,,ok
Joao Vitor Scramin Do Lago,86276.0,J. V. Scramin do Lago,Vitor Scramin do Lago Joao,sorted_name,,ok
Matej Dodig,28615.0,M. Dodig,Matej Dodig,sorted_name,,ok
Mathys Domenc,68179.0,M. Domenc,Mathys Domenc,sorted_name,,ok
Joao Domingues,561.0,J. Domingues,Joao Domingues,sorted_name,,ok
Dominic Stricker,379.0,D. Stricker,Dominic Stricker,sorted_name,,ok
Dominick Mosejczuk,73861.0,D. Mosejczuk,Dominick Mosejczuk,sorted_name,,ok
Dominik Kellovsky,8684.0,D. Kellovsky,Dominik Kellovsky,sorted_name,,ok
Dominik Koepfer,2830.0,D. Koepfer,Dominik Koepfer,sorted_name,,ok
Dominik Palan,741.0,D. Palan,Dominik Palan,sorted_name,,ok
Dominik Recek,7497.0,D. Recek,Dominik Recek,sorted_name,,ok
Dominique Rolland,55112.0,D. Rolland,Dominique Rolland,sorted_name,,ok
Sebastian Dominko,2221.0,S. Dominko,Sebastian Dominko,sorted_name,,ok
Sid Donarski,13510.0,S. Donarski,Sid Donarski,sorted_name,,ok
Dong Ju Kim,10296.0,D. J. Kim,Ju Kim Dong,sorted_name,,ok
Zhenxiong Dong,53307.0,Z. Dong,Zhenxiong Dong,sorted_name,,ok
Etienne Donnet,40125.0,E. Donnet,Etienne Donnet,sorted_name,,ok
Dorian Juszczak,74206.0,D. Juszczak,Dorian Juszczak,sorted_name,,ok
Dorian Tremblay,13796.0,D. Tremblay,Dorian Tremblay,sorted_name,,ok
Martin Doskocil,56490.0,M. Doskocil,Martin Doskocil,sorted_name,,ok
Stefan Dostanic,37907.0,S. Dostanic,Stefan Dostanic,sorted_name,,ok
Dragos Nicolae Madaras,1860.0,N. Madaras,Nicolae Madaras Dragos,sorted_name,,ok
Jack Draper,7011.0,J. Draper,Jack Draper,sorted_name,,ok
Liam Draxl,3696.0,L. Draxl,Liam Draxl,sorted_name,,ok
Thomas Drayton,65742.0,T. Drayton,Thomas Drayton,sorted_name,,ok
Drazen Petrovic,37909.0,D. Petrovic,Drazen Petrovic,sorted_name,,ok
Felipe Dreer,83801.0,F. Dreer,Felipe Dreer,sorted_name,,ok
Drew Van Orderlain,15273.0,D. Van Orderlain,Drew Van Orderlain,sorted_name,,ok
Ivan Dreycopp,14272.0,I. Dreycopp,Ivan Dreycopp,sorted_name,,ok
Titouan Droguet,8926.0,T. Droguet,Titouan Droguet,sorted_name,,ok
Malanqi Du,5056.0,M. Du,Malanqi Du,sorted_name,,ok
Duarte Vale,6502.0,D. Vale,Duarte Vale,sorted_name,,ok
Mikhail Dubrouski,38278.0,M. Dubrouski,Mikhail Dubrouski,sorted_name,,ok
Ha Minh Duc Vu,38231.0,Vu Ha Minh Duc,Duc Vu Ha Minh,sorted_name,,ok
James Duckworth,1900.0,J. Duckworth,James Duckworth,sorted_name,,ok
Filip Duda,1319.0,F. Duda,Filip Duda,sorted_name,,ok
Remy Dugardin,89618.0,R. Dugardin,Remy Dugardin,sorted_name,,ok
Duje Markovina,49022.0,D. Markovina,Duje Markovina,sorted_name,,ok
Vincent Dullinger,76950.0,V. Dullinger,Vincent Dullinger,sorted_name,,ok
Tomas Dummer Macedo,99828.0,T. Dummer Macedo,Tomas Dummer Macedo,sorted_name,,ok
Tuncay Duran,14315.0,T. Duran,Tuncay Duran,sorted_name,,ok
Yanis Ghazouani Durand,58961.0,Y. Ghazouani Durand,Yanis Ghazouani Durand,sorted_name,,ok
Viktor Durasovic,1201.0,V. Durasovic,Viktor Durasovic,sorted_name,,ok
Gian Durrer,94272.0,G. Durrer,Gian Durrer,sorted_name,,ok
Dusan Lajovic,2675.0,D. Lajovic,Dusan Lajovic,sorted_name,,ok
Dusan Obradovic,941.0,D. Obradovic,Dusan Obradovic,sorted_name,,ok
Maximus Dussault,73843.0,M. Dussault,Maximus Dussault,sorted_name,,ok
Louis Dussin,4259.0,L. Dussin,Louis Dussin,sorted_name,,ok
Michael Dylan Jimenez,74232.0,M. D. Jimenez,Dylan Jimenez Michael,sorted_name,,ok
Dylan Long,77244.0,D. Long,Dylan Long,sorted_name,,ok
Yurii Dzhavakian,9694.0,Y. Dzhavakian,Yurii Dzhavakian,sorted_name,,ok
Moez Echargui,1207.0,M. Echargui,Moez Echargui,sorted_name,,ok
John Echeverria,1328.0,J. Echeverria,John Echeverria,sorted_name,,ok
Kevin Edengren,62412.0,K. Edengren,Kevin Edengren,sorted_name,,ok
Kyle Edmund,3221.0,K. Edmund,Kyle Edmund,sorted_name,,ok
Edoardo Zanada,21852.0,E. Zanada,Edoardo Zanada,sorted_name,,ok
Edouard Villoslada,20215.0,E. Villoslada,Edouard Villoslada,sorted_name,,ok
Joao Eduardo Schiessl,22055.0,J. E. Schiessl,Eduardo Schiessl Joao,sorted_name,,ok
Eduardo Ribeiro,6712.0,E. Ribeiro,Eduardo Ribeiro,sorted_name,,ok
Edward Etty,89162.0,E. Etty,Edward Etty,sorted_name,,ok
Tomislav Edward Papac,14310.0,T. E. Papac,Edward Papac Tomislav,sorted_name,,ok
Edward Winter,3318.0,E. Winter,Edward Winter,sorted_name,,ok
Eero Vasa,765.0,E. Vasa,Eero Vasa,sorted_name,,ok
Oskari Eerola,86805.0,O. Eerola,Oskari Eerola,sorted_name,,ok
Melios Efstathiou,11182.0,M. Efstathiou,Melios Efstathiou,sorted_name,,ok
Mustafa Ege Sik,80801.0,M. E. Sik,Ege Sik Mustafa,sorted_name,,ok
Franco Emanuel Egea,5023.0,F. E. Egea,Emanuel Egea Franco,sorted_name,,ok
Egor Gerasimov,368.0,E. Gerasimov,Egor Gerasimov,sorted_name,,ok
Egor Pleshivtsev,62037.0,E. Pleshivtsev,Egor Pleshivtsev,sorted_name,,ok
Nino Ehrenschneider,10101.0,N. Ehrenschneider,Nino Ehrenschneider,sorted_name,,ok
Felix Einig,17610.0,F. Einig,Felix Einig,sorted_name,,ok
Elmar Ejupovic,1881.0,E. Ejupovic,Elmar Ejupovic,sorted_name,,ok
Elgin Khoeblal,39929.0,E. Khoeblal,Elgin Khoeblal,sorted_name,,ok
Eli Stephenson,56459.0,E. Stephenson,Eli Stephenson,sorted_name,,ok
Gastao Elias,404.0,G. Elias,Gastao Elias,sorted_name,,ok
Elias Julian Werner,74278.0,E. J. Werner,Julian Werner Elias,sorted_name,,ok
Elias Sumann,86464.0,E. Sumann,Elias Sumann,sorted_name,,ok
Elias Ymer,1082.0,E. Ymer,Elias Ymer,sorted_name,,ok
Gabriel Elicha Navas,37991.0,G. Elicha Navas,Gabriel Elicha Navas,sorted_name,,ok
Elijah Sanogo,89559.0,E. Sanogo,Elijah Sanogo,sorted_name,,ok
Elijah Strode,37976.0,E. Strode,Elijah Strode,sorted_name,,ok
Eliot Spizzirri,2983.0,E. Spizzirri,Eliot Spizzirri,sorted_name,,ok
Elmer Moller,39675.0,E. Moeller,Elmer Moller,sorted_name,,ok
Samyar Elyasi,53619.0,S. Elyasi,Samyar Elyasi,sorted_name,,ok
Emanuel Ivanisevic,68656.0,E. Ivanisevic,Emanuel Ivanisevic,sorted_name,,ok
Jake Van Emburgh,9027.0,J. Van Emburgh,Jake Van Emburgh,sorted_name,,ok
Emil Rast,73814.0,E. Rast,Emil Rast,sorted_name,,ok
Emil Ruusuvuori,1770.0,E. Ruusuvuori,Emil Ruusuvuori,sorted_name,,ok
Emile Hudd,8645.0,E. Hudd,Emile Hudd,sorted_name,,ok
Emiliano Jorquera,84288.0,E. Jorquera,Emiliano Jorquera,sorted_name,,ok
Emilien Voisin,9693.0,E. Voisin,Emilien Voisin,sorted_name,,ok
Emilio Nava,567.0,E. Nava,Emilio Nava,sorted_name,,ok
Emon Van Loben Sels,55504.0,E. van Loben Sels,Emon van Loben Sels,sorted_name,,ok
Justin Engel,55060.0,J. Engel,Justin Engel,sorted_name,,ok
Enmanuel Munoz,19461.0,E. Munoz,Enmanuel Munoz,sorted_name,,ok
Enzo Wallart,9136.0,E. Wallart,Enzo Wallart,sorted_name,,ok
Ishaque Eqbal,805.0,I. Eqbal,Ishaque Eqbal,sorted_name,,ok
Yanki Erel,10541.0,Y. Erel,Yanki Erel,sorted_name,,ok
Ergi Kirkin,1863.0,E. Kirkin,Ergi Kirkin,sorted_name,,ok
Mathys Erhard,668.0,M. Erhard,Mathys Erhard,sorted_name,,ok
Eric Hadigian,15305.0,E. Hadigian,Eric Hadigian,sorted_name,,ok
Eric Vanshelboim,1196.0,E. Vanshelboim,Eric Vanshelboim,sorted_name,,ok
Erik Grevelius,51578.0,E. Grevelius,Erik Grevelius,sorted_name,,ok
Jonas Eriksson Ziverts,37917.0,J. Eriksson Ziverts,Jonas Eriksson Ziverts,sorted_name,,ok
Sebastian Eriksson,40059.0,S. Eriksson,Sebastian Eriksson,sorted_name,,ok
Tarek Erlewein,86329.0,T. Erlewein,Tarek Erlewein,sorted_name,,ok
Ernesto Escobedo,402.0,E. Escobedo,Ernesto Escobedo,sorted_name,,ok
Hernando Jose Escurra Isnardi,2215.0,H. J. Escurra Isnardi,Jose Escurra Isnardi Hernando,sorted_name,,ok
Espen Lagarde,67103.0,E. Lagarde,Espen Lagarde,sorted_name,,ok
Lorenzo Esquici,10504.0,L. Esquici,Lorenzo Esquici,sorted_name,,ok
Essa Qabazard,12621.0,E. Qabazard,Essa Qabazard,sorted_name,,ok
Rafael Segado Esteve,17464.0,E. R. Segado,Rafael Segado Esteve,sorted_name,,ok
Juan Estevez,54079.0,J. Estevez,Juan Estevez,sorted_name,,ok
Tomas Martin Etcheverry,1777.0,T. M. Etcheverry,Martin Etcheverry Tomas,sorted_name,,ok
Ethan Quinn,9225.0,E. Quinn,Ethan Quinn,sorted_name,,ok
Eudald Gonzalez,80824.0,E. Gonzalez,Eudald Gonzalez,sorted_name,,ok
Evan Furness,1765.0,E. Furness,Evan Furness,sorted_name,,ok
Evan Zhu,578.0,E. Zhu,Evan Zhu,sorted_name,,ok
Gabriel Evans,710.0,G. Evans,Gabriel Evans,sorted_name,,ok
Evgenii Tiurnev,1861.0,E. Tiurnev,Evgenii Tiurnev,sorted_name,,ok
Evgeny Karlovskiy,575.0,E. Karlovskiy,Evgeny Karlovskiy,sorted_name,,ok
Evgeny Philippov,670.0,E. Philippov,Evgeny Philippov,sorted_name,,ok
Ewen Lumsden,57565.0,E. Lumsden,Ewen Lumsden,sorted_name,,ok
Maxwell Exsted,51618.0,M. Exsted,Maxwell Exsted,sorted_name,,ok
Eyad Reda Ezzat Mohamed Sherif,94269.0,R. E. Mohamed S. E.,Ezzat Mohamed Sherif Eyad Reda,sorted_name,,ok
Jonathan Eysseric,5493.0,J. Eysseric,Jonathan Eysseric,sorted_name,,ok
Ezequiel Monferrer,9378.0,E. Monferrer,Ezequiel Monferrer,sorted_name,,ok
Ezequiel Simonit,23192.0,E. Simonit,Ezequiel Simonit,sorted_name,,ok
Fabian Marozsan,10148.0,F. Marozsan,Fabian Marozsan,sorted_name,,ok
Fabien Salle,54136.0,F. Salle,Fabien Salle,sorted_name,,ok
Fabio Fognini,1091.0,F. Fognini,Fabio Fognini,sorted_name,,ok
Fabrizio Karol Pio Osti,66083.0,K. P. Osti F.,Pio Osti Fabrizio Karol,sorted_name,,ok
Facundo Juarez,8880.0,F. Juarez,Facundo Juarez,sorted_name,,ok
Facundo Mena,378.0,F. Mena,Facundo Mena,sorted_name,,ok
Ilyas Milad Fahim,67947.0,I. M. Fahim,Milad Fahim Ilyas,sorted_name,,ok
Fajing Sun,876.0,F. Sun,Fajing Sun,sorted_name,,ok
Peter Fajta,923.0,P. Fajta,Peter Fajta,sorted_name,,ok
Reece Falck,15085.0,R. Falck,Reece Falck,sorted_name,,ok
Fanming Meng,87025.0,F. Meng,Fanming Meng,sorted_name,,ok
Sebastian Fanselow,571.0,S. Fanselow,Sebastian Fanselow,sorted_name,,ok
Luca Fantini,20905.0,L. Fantini,Luca Fantini,sorted_name,,ok
Fares Zakaria,79642.0,F. Zakaria,Fares Zakaria,sorted_name,,ok
Jaime Faria,824.0,J. Faria,Jaime Faria,sorted_name,,ok
Tomas Farjat,9600.0,T. Farjat,Tomas Farjat,sorted_name,,ok
Matisse Farzam,67513.0,M. Farzam,Matisse Farzam,sorted_name,,ok
Nerman Fatic,1904.0,N. Fatic,Nerman Fatic,sorted_name,,ok
Romain Faucon,2222.0,R. Faucon,Romain Faucon,sorted_name,,ok
Thomas Faurel,65519.0,T. Faurel,Thomas Faurel,sorted_name,,ok
Fausto Tabacco,1295.0,F. Tabacco,Fausto Tabacco,sorted_name,,ok
Jacob Fearnley,12951.0,J. Fearnley,Jacob Fearnley,sorted_name,,ok
Federico Garbero,74150.0,F. Garbero,Federico Garbero,sorted_name,,ok
Federico Guarducci,82366.0,F. Guarducci,Federico Guarducci,sorted_name,,ok
Federico Iannaccone,5673.0,F. Iannaccone,Federico Iannaccone,sorted_name,,ok
Federico Salomone,14204.0,F. Salomone,Federico Salomone,sorted_name,,ok
Federico Valle,38982.0,F. Valle,Federico Valle,sorted_name,,ok
Federico Zeballos,1253.0,F. Zeballos,Federico Zeballos,sorted_name,,ok
Kilian Feldbausch,1297.0,K. Feldbausch,Kilian Feldbausch,sorted_name,,ok
Luis Felipe Miguel,23302.0,L. F. Miguel,Felipe Miguel Luis,sorted_name,,ok
Felipe Pinzon Moreno,23582.0,F. Pinzon Moreno,Felipe Pinzon Moreno,sorted_name,,ok
Felipe Vazquez,79817.0,F. Vazquez,Felipe Vazquez,sorted_name,,ok
Felix Gill,1208.0,F. Gill,Felix Gill,sorted_name,,ok
Felix Mischker,39085.0,F. Mischker,Felix Mischker,sorted_name,,ok
Ferdinand Livet Novkirichka,68450.0,N. F. Livet,Ferdinand Livet Novkirichka,sorted_name,,ok
Fermin Tenti,684.0,F. Tenti,Fermin Tenti,sorted_name,,ok
Rodrigo Fernandes,15402.0,R. Fernandes,Rodrigo Fernandes,sorted_name,,ok
Mario Gonzalez Fernandez,15921.0,M. Gonzalez Fernandez,Mario Gonzalez Fernandez,sorted_name,,ok
Fernando Yamacita,1248.0,F. Yamacita,Fernando Yamacita,sorted_name,,ok
Roger Pascual Ferra,17585.0,. R. Pascual F.,Roger Pascual Ferra,sorted_name,,ok
Francesco Ferrari,37856.0,F. Ferrari,Francesco Ferrari,sorted_name,,ok
Gianmarco Ferrari,658.0,G. Ferrari,Gianmarco Ferrari,sorted_name,,ok
Frederico Ferreira Silva,585.0,F. Ferreira Silva,Frederico Ferreira Silva,sorted_name,,ok
Roberto Ferrer Guimaraes,93639.0,R. Ferrer Guimaraes,Roberto Ferrer Guimaraes,sorted_name,,ok
Xavier Ferrer Mateo,83652.0,M. X. Ferrer,Xavier Ferrer Mateo,sorted_name,,ok
Lorenzo Ferri,10877.0,L. Ferri,Lorenzo Ferri,sorted_name,,ok
Juan Pablo Ficovich,420.0,J. P. Ficovich,Pablo Ficovich Juan,sorted_name,,ok
Maximilian Figl,40081.0,M. Figl,Maximilian Figl,sorted_name,,ok
Karol Filar,15548.0,K. Filar,Karol Filar,sorted_name,,ok
Jefferson Wendler Filho,57793.0,J. Wendler Filho,Jefferson Wendler Filho,sorted_name,,ok
Filiberto Fumagalli,39919.0,F. Fumagalli,Filiberto Fumagalli,sorted_name,,ok
Filip Gustafsson,51973.0,F. Gustafsson,Filip Gustafsson,sorted_name,,ok
Jakub Filip,57536.0,J. Filip,Jakub Filip,sorted_name,,ok
Filip Jeff Planinsek,40154.0,F. J. Planinsek,Jeff Planinsek Filip,sorted_name,,ok
Filip Krolo,62340.0,F. Krolo,Filip Krolo,sorted_name,,ok
Filip Misolic,594.0,F. Misolic,Filip Misolic,sorted_name,,ok
Filip Peliwo,1313.0,F. Peliwo,Filip Peliwo,sorted_name,,ok
Filip Pieczonka,15221.0,F. Pieczonka,Filip Pieczonka,sorted_name,,ok
Filip Stidell,74999.0,F. Stidell,Filip Stidell,sorted_name,,ok
Filippo Francesco Garbero,70265.0,F. F. Garbero,Francesco Garbero Filippo,sorted_name,,ok
Filippo Mazzola,52609.0,F. Mazzola,Filippo Mazzola,sorted_name,,ok
Filippo Moroni,8324.0,F. Moroni,Filippo Moroni,sorted_name,,ok
Filippo Romano,39002.0,F. Romano,Filippo Romano,sorted_name,,ok
Filippo Speziali,2248.0,F. Speziali,Filippo Speziali,sorted_name,,ok
Finn Murgett,8169.0,F. Murgett,Finn Murgett,sorted_name,,ok
Finn Willman,94154.0,F. Willman,Finn Willman,sorted_name,,ok
Ryan Fishback,52052.0,R. Fishback,Ryan Fishback,sorted_name,,ok
Sergi Fita Juan,75358.0,S. Fita Juan,Sergi Fita Juan,sorted_name,,ok
Jesse Flores,725.0,J. Flores,Jesse Flores,sorted_name,,ok
Flynn Thomas,70746.0,F. Thomas,Flynn Thomas,sorted_name,,ok
Fnu Nidunjianzan,22428.0,F. Nidunjianzan,Fnu Nidunjianzan,sorted_name,,ok
Patrick Foley,8166.0,P. Foley,Patrick Foley,sorted_name,,ok
Luc Fomba,28815.0,L. Fomba,Luc Fomba,sorted_name,,ok
Sergey Fomin,570.0,S. Fomin,Sergey Fomin,sorted_name,,ok
Matteo Fondriest,40216.0,M. Fondriest,Matteo Fondriest,sorted_name,,ok
Giovanni Fonio,1855.0,G. Fonio,Giovanni Fonio,sorted_name,,ok
Fons Van Sambeek,38110.0,F. Van Sambeek,Fons Van Sambeek,sorted_name,,ok
Joao Fonseca,40058.0,J. Fonseca,Joao Fonseca,sorted_name,,ok
Oriol Font,65792.0,O. Font,Oriol Font,sorted_name,,ok
Matthew Forbes,58222.0,M. Forbes,Matthew Forbes,sorted_name,,ok
Jonas Forejtek,2086.0,J. Forejtek,Jonas Forejtek,sorted_name,,ok
Francesco Forti,1191.0,F. Forti,Francesco Forti,sorted_name,,ok
Jeffrey Fradkin,78730.0,J. Fradkin,Jeffrey Fradkin,sorted_name,,ok
Frances Tiafoe,2846.0,F. Tiafoe,Frances Tiafoe,sorted_name,,ok
Francesco Maestrelli,1180.0,F. Maestrelli,Francesco Maestrelli,sorted_name,,ok
Francesco Passaro,8442.0,F. Passaro,Francesco Passaro,sorted_name,,ok
Francisco Tomas Geschwind,27497.0,F. T. Geschwind,Tomas Geschwind Francisco,sorted_name,,ok
Juan Francisco Munoz,93130.0,J. F. Munoz,Francisco Munoz Juan,sorted_name,,ok
Francisco Rocha,12972.0,F. Rocha,Francisco Rocha,sorted_name,,ok
Franco Ribero,8144.0,F. Ribero,Franco Ribero,sorted_name,,ok
Franco Roncadelli,823.0,F. Roncadelli,Franco Roncadelli,sorted_name,,ok
François Musitelli,21084.0,F. Musitelli,Francois Musitelli,sorted_name,,ok
Frazier Rengifo,23580.0,F. Rengifo,Frazier Rengifo,sorted_name,,ok
Freddie Ridout,28599.0,F. Ridout,Freddie Ridout,sorted_name,,ok
Freddy Murray,59058.0,F. Murray,Freddy Murray,sorted_name,,ok
Valdemar Frederik Pape,20775.0,V. F. Pape,Frederik Pape Valdemar,sorted_name,,ok
Fredrik Krogh Solheim,73420.0,F. K. Solheim,Krogh Solheim Fredrik,sorted_name,,ok
Jose Freitas,71306.0,J. Freitas,Jose Freitas,sorted_name,,ok
Karl Friberg,759.0,K. Friberg,Karl Friberg,sorted_name,,ok
Taylor Fritz,2832.0,T. Fritz,Taylor Fritz,sorted_name,,ok
Fryderyk Lechno-Wasiutynski,53799.0,F. Lechno-Wasiutynski,Fryderyk Lechno-Wasiutynski,sorted_name,,ok
Viktor Frydrych,28613.0,V. Frydrych,Viktor Frydrych,sorted_name,,ok
Hong-Lin Fu,38926.0,H. Fu,Hong-Lin Fu,sorted_name,,ok
Tsz Fu Wong,62930.0,T. F. Wong,Fu Wong Tsz,sorted_name,,ok
Marton Fucsovics,2833.0,M. Fucsovics,Marton Fucsovics,sorted_name,,ok
Matyas Fuele,918.0,M. Fuele,Matyas Fuele,sorted_name,,ok
Sora Fukuda,5213.0,S. Fukuda,Sora Fukuda,sorted_name,,ok
Fumin Jiang,80790.0,F. Jiang,Fumin Jiang,sorted_name,,ok
Marco Furlanetto,9466.0,M. Furlanetto,Marco Furlanetto,sorted_name,,ok
Gabor Hornung,32300.0,G. Hornung,Gabor Hornung,sorted_name,,ok
Gabriel Ghetu,69520.0,G. Ghetu,Gabriel Ghetu,sorted_name,,ok
Gabriel Matuszewski,40094.0,G. Matuszewski,Gabriel Matuszewski,sorted_name,,ok
Gabriel Roveri Sidney,10468.0,G. Roveri Sidney,Gabriel Roveri Sidney,sorted_name,,ok
Gabriel Schenekenberg,39170.0,G. Schenekenberg,Gabriel Schenekenberg,sorted_name,,ok
Gabriele Maria Noce,679.0,G. M. Noce,Maria Noce Gabriele,sorted_name,,ok
Gabriele Pennaforti,652.0,G. Pennaforti,Gabriele Pennaforti,sorted_name,,ok
Gabriele Piraino,1245.0,G. Piraino,Gabriele Piraino,sorted_name,,ok
Gabriele Volpi,64524.0,G. Volpi,Gabriele Volpi,sorted_name,,ok
Gabriele Vulpitta,52676.0,G. Vulpitta,Gabriele Vulpitta,sorted_name,,ok
Thomas Nicholas Gadecki,58841.0,T. N. Gadecki,Nicholas Gadecki Thomas,sorted_name,,ok
Gael Monfils,2845.0,G. Monfils,Gael Monfils,sorted_name,,ok
Lorenzo Gagliardo,10021.0,L. Gagliardo,Lorenzo Gagliardo,sorted_name,,ok
Jerrid Gaines Jr,89206.0,J. Gaines,Jerrid Gaines Jr,sorted_name,,ok
Ivan Gakhov,574.0,I. Gakhov,Ivan Gakhov,sorted_name,,ok
Romain Gales,13250.0,R. Gales,Romain Gales,sorted_name,,ok
Jon Gamble,87073.0,J. Gamble,Jon Gamble,sorted_name,,ok
Giammarco Gandolfi,10853.0,G. Gandolfi,Giammarco Gandolfi,sorted_name,,ok
Sai Karteek Reddy Ganta,18241.0,S. K. Reddy Ganta,Reddy Ganta Sai Karteek,sorted_name,,ok
Valentin Garay,50788.0,V. Garay,Valentin Garay,sorted_name,,ok
Jordi Garcia Mestre,18161.0,J. Garcia Mestre,Jordi Garcia Mestre,sorted_name,,ok
Nicolas Garcia Longo,55063.0,N. Garcia Longo,Nicolas Garcia Longo,sorted_name,,ok
Luis Garcia Paez,70968.0,L. Garcia Paez,Luis Garcia Paez,sorted_name,,ok
Raul Garcia,39586.0,R. Garcia,Raul Garcia,sorted_name,,ok
Sergio Ingles Garre,80887.0,S. Ingles Garre,Sergio Ingles Garre,sorted_name,,ok
Garrett Johns,7637.0,G. Johns,Garrett Johns,sorted_name,,ok
Mauricio Schtulmann Gasca,80886.0,M. Schtulmann Gasca,Mauricio Schtulmann Gasca,sorted_name,,ok
Kanan Gasimov,30151.0,K. Gasimov,Kanan Gasimov,sorted_name,,ok
Gasper Matijasic,71505.0,G. Matijasic,Gasper Matijasic,sorted_name,,ok
Richard Gasquet,1094.0,R. Gasquet,Richard Gasquet,sorted_name,,ok
Hugo Gaston,1102.0,H. Gaston,Hugo Gaston,sorted_name,,ok
Vilius Gaubas,9385.0,V. Gaubas,Vilius Gaubas,sorted_name,,ok
Gauthier Onclin,818.0,G. Onclin,Gauthier Onclin,sorted_name,,ok
Kaua Lorenzo Santos Gava,60594.0,K. L. Santos G.,Lorenzo Santos Gava Kaua,sorted_name,,ok
Pietro Gava,93942.0,P. Gava,Pietro Gava,sorted_name,,ok
Gavin Goode,85957.0,G. Goode,Gavin Goode,sorted_name,,ok
Gavin Young,56781.0,G. Young,Gavin Young,sorted_name,,ok
Liam Gavrielides,10540.0,L. Gavrielides,Liam Gavrielides,sorted_name,,ok
Syl Gaxherri,56005.0,S. Gaxherri,Syl Gaxherri,sorted_name,,ok
Michael Geerts,587.0,M. Geerts,Michael Geerts,sorted_name,,ok
Marek Gengel,1321.0,M. Gengel,Marek Gengel,sorted_name,,ok
Tanguy Genier,58020.0,T. Genier,Tanguy Genier,sorted_name,,ok
Tom Gentzsch,2501.0,T. Gentzsch,Tom Gentzsch,sorted_name,,ok
George Goldhoff,5766.0,G. Goldhoff,George Goldhoff,sorted_name,,ok
George Lazarov,21806.0,G. Lazarov,George Lazarov,sorted_name,,ok
George Loffhagen,7006.0,G. Loffhagen,George Loffhagen,sorted_name,,ok
Saba George Nanobashvili,51971.0,G. Nanobashvili Saba,George Nanobashvili Saba,sorted_name,,ok
Georgi Georgiev,73247.0,G. Georgiev,Georgi Georgiev,sorted_name,,ok
Georgii Kravchenko,2106.0,G. Kravchenko,Georgii Kravchenko,sorted_name,,ok
Thomas Gerbaud,66956.0,T. Gerbaud,Thomas Gerbaud,sorted_name,,ok
Lucas Gerch,1971.0,L. Gerch,Lucas Gerch,sorted_name,,ok
Gergely Madarasz,834.0,G. Madarasz,Gergely Madarasz,sorted_name,,ok
Geun Jun Kim,25650.0,G. J. Kim,Jun Kim Geun,sorted_name,,ok
Santiago Giamichelle,55062.0,S. Giamichelle,Santiago Giamichelle,sorted_name,,ok
Gian Gruenig,73133.0,G. Gruenig,Gian Gruenig,sorted_name,,ok
Gian Luca Tanner,13127.0,G. L. Tanner,Luca Tanner Gian,sorted_name,,ok
Gian Marco Ortenzi,1182.0,G. M. Ortenzi,Marco Ortenzi Gian,sorted_name,,ok
Gianluca Mager,1757.0,G. Mager,Gianluca Mager,sorted_name,,ok
Giannicola Misasi,21354.0,G. Misasi,Giannicola Misasi,sorted_name,,ok
Kelly Giese,86770.0,K. Giese,Kelly Giese,sorted_name,,ok
Matteo Gigante,1187.0,M. Gigante,Matteo Gigante,sorted_name,,ok
Gilbert Klier Junior,9595.0,G. Klier Junior,Gilbert Klier Junior,sorted_name,,ok
Gilberto Ravasio,84713.0,G. Ravasio,Gilberto Ravasio,sorted_name,,ok
Giles Hussey,627.0,G. Hussey,Giles Hussey,sorted_name,,ok
Sebastian Gima,2015.0,S. Gima,Sebastian Gima,sorted_name,,ok
Igor Gimenez,8681.0,I. Gimenez,Igor Gimenez,sorted_name,,ok
Pablo Masjuan Ginel,38046.0,P. Masjuan Ginel,Pablo Masjuan Ginel,sorted_name,,ok
Giorgio Tabacco,14127.0,G. Tabacco,Giorgio Tabacco,sorted_name,,ok
Rafael Giotis,672.0,R. Giotis,Rafael Giotis,sorted_name,,ok
Giovanni Mpetshi Perricard,9222.0,G. Mpetshi Perricard,Giovanni Mpetshi Perricard,sorted_name,,ok
Giovanni Oradini,862.0,G. Oradini,Giovanni Oradini,sorted_name,,ok
Umberto Maria Giovannini,8925.0,U. M. Giovannini,Maria Giovannini Umberto,sorted_name,,ok
Marcos Giron,1766.0,M. Giron,Marcos Giron,sorted_name,,ok
Giulio Perego,15278.0,G. Perego,Giulio Perego,sorted_name,,ok
Giulio Zeppieri,376.0,G. Zeppieri,Giulio Zeppieri,sorted_name,,ok
Massimo Giunta,37933.0,M. Giunta,Massimo Giunta,sorted_name,,ok
Giuseppe La Vela,8323.0,G. La Vela,Giuseppe La Vela,sorted_name,,ok
Giuseppe Tresca,8772.0,G. Tresca,Giuseppe Tresca,sorted_name,,ok
Lorenzo Giustino,370.0,L. Giustino,Lorenzo Giustino,sorted_name,,ok
Gleb Sakharov,7108.0,G. Sakharov,Gleb Sakharov,sorted_name,,ok
Glib Sekachov,76826.0,G. Sekachov,Glib Sekachov,sorted_name,,ok
Michael Gloeckler,936.0,M. Gloeckler,Michael Gloeckler,sorted_name,,ok
Nicholas Godsick,9375.0,N. Godsick,Nicholas Godsick,sorted_name,,ok
Vignesh Gogineni,86747.0,V. Gogineni,Vignesh Gogineni,sorted_name,,ok
Segundo Goity Zapico,58211.0,S. Goity Zapico,Segundo Goity Zapico,sorted_name,,ok
Gokberk Saritas,13540.0,G. Saritas,Gokberk Saritas,sorted_name,,ok
Peter Goldsteiner,854.0,P. Goldsteiner,Peter Goldsteiner,sorted_name,,ok
Norbert Gombos,397.0,N. Gombos,Norbert Gombos,sorted_name,,ok
Juan Sebastian Gomez,712.0,J. S. Gomez,Sebastian Gomez Juan,sorted_name,,ok
Pablo Martinez Gomez,49886.0,P. Martinez Gomez,Pablo Martinez Gomez,sorted_name,,ok
Goncalo Marques,58113.0,G. Marques,Goncalo Marques,sorted_name,,ok
Gonzalo Oliveira,1965.0,G. Oliveira,Gonzalo Oliveira,sorted_name,,ok
Gonzalo Villanueva,5181.0,G. Villanueva,Gonzalo Villanueva,sorted_name,,ok
Gonzalo Zeitune,55064.0,G. Zeitune,Gonzalo Zeitune,sorted_name,,ok
Lars Goran Verwerft,72780.0,L. G. Verwerft,Goran Verwerft Lars,sorted_name,,ok
Gorazd Srbljak,968.0,G. Srbljak,Gorazd Srbljak,sorted_name,,ok
Mikhail Gorokhov,23830.0,M. Gorokhov,Mikhail Gorokhov,sorted_name,,ok
Sebastian Gorzny,9519.0,S. Gorzny,Sebastian Gorzny,sorted_name,,ok
Govind Nanda,2968.0,G. Nanda,Govind Nanda,sorted_name,,ok
Joao Graca,70350.0,J. Graca,Joao Graca,sorted_name,,ok
Tobia Grandinetti,38310.0,T. Grandinetti,Tobia Grandinetti,sorted_name,,ok
William Grant,7309.0,W. Grant,William Grant,sorted_name,,ok
Spencer Gray,69223.0,S. Gray,Spencer Gray,sorted_name,,ok
Gray Voelzke,83187.0,G. Voelzke,Gray Voelzke,sorted_name,,ok
Gregor Hausberger,56006.0,G. Hausberger,Gregor Hausberger,sorted_name,,ok
Gregor Ramskogler,38038.0,G. Ramskogler,Gregor Ramskogler,sorted_name,,ok
Hugo Grenier,1073.0,H. Grenier,Hugo Grenier,sorted_name,,ok
Ivan Gretskiy,76308.0,I. Gretskiy,Ivan Gretskiy,sorted_name,,ok
Matteo Gribaldo,89613.0,M. Gribaldo,Matteo Gribaldo,sorted_name,,ok
Tallon Griekspoor,427.0,T. Griekspoor,Tallon Griekspoor,sorted_name,,ok
Grigoriy Lomakin,1869.0,G. Lomakin,Grigoriy Lomakin,sorted_name,,ok
Grigory Shebekin,49590.0,G. Shebekin,Grigory Shebekin,sorted_name,,ok
Valentino Grippo,74381.0,V. Grippo,Valentino Grippo,sorted_name,,ok
Maxim Groysman,90126.0,M. Groysman,Maxim Groysman,sorted_name,,ok
Gus Grumet,73860.0,G. Grumet,Gus Grumet,sorted_name,,ok
Sebastian Grundtvig Jorgensen,69469.0,S. G. Jorgensen,Grundtvig Jorgensen Sebastian,sorted_name,,ok
Oskar Grzegorzewski,53731.0,O. Grzegorzewski,Oskar Grzegorzewski,sorted_name,,ok
Jeremy Gschwendtner,60151.0,J. Gschwendtner,Jeremy Gschwendtner,sorted_name,,ok
Valentin Guadagno,77366.0,V. Guadagno,Valentin Guadagno,sorted_name,,ok
Lucca Guercio,57894.0,L. Guercio,Lucca Guercio,sorted_name,,ok
Sascha Gueymard Wayenburg,1742.0,S. Gueymard Wayenburg,Sascha Gueymard Wayenburg,sorted_name,,ok
Guido Ivan Justo,7249.0,G. I. Justo,Ivan Justo Guido,sorted_name,,ok
Guilherme Valdoleiros,36835.0,G. Valdoleiros,Guilherme Valdoleiros,sorted_name,,ok
Joaquin Guilleme,30582.0,J. Guilleme,Joaquin Guilleme,sorted_name,,ok
Guillermo Tunas,80782.0,G. Tunas,Guillermo Tunas,sorted_name,,ok
Manuel Guinard,440.0,M. Guinard,Manuel Guinard,sorted_name,,ok
Svyatoslav Gulin,13386.0,S. Gulin,Svyatoslav Gulin,sorted_name,,ok
Robert Guna,73138.0,R. Guna,Robert Guna,sorted_name,,ok
Gunawan Trismuwantara,29692.0,G. Trismuwantara,Gunawan Trismuwantara,sorted_name,,ok
Jonas Gundacker,69497.0,J. GUNDACKER,Jonas Gundacker,sorted_name,,ok
Thomas Gunzinger,88419.0,T. Gunzinger,Thomas Gunzinger,sorted_name,,ok
Volodymyr Gurenko,76969.0,V. Gurenko,Volodymyr Gurenko,sorted_name,,ok
Gustaf Strom,30970.0,G. Strom,Gustaf Strom,sorted_name,,ok
Gustavo Heide,2410.0,G. Heide,Gustavo Heide,sorted_name,,ok
Oscar Jose Gutierrez,974.0,J. Gutierrez Oscar,Jose Gutierrez Oscar,sorted_name,,ok
Niklas Guttau,6023.0,N. Guttau,Niklas Guttau,sorted_name,,ok
Guy Orly Iradukunda,6511.0,G. Iradukunda,Orly Iradukunda Guy,sorted_name,,ok
Javier Guzman,16528.0,J. Guzman,Javier Guzman,sorted_name,,ok
Robin Haase,577.0,R. Haase,Robin Haase,sorted_name,,ok
Hady Habib,1949.0,H. Habib,Hady Habib,sorted_name,,ok
Stefan Horia Haita,63401.0,S. H. Haita,Horia Haita Stefan,sorted_name,,ok
Mikalai Haliak,896.0,M. Haliak,Mikalai Haliak,sorted_name,,ok
John Hallquist Lithen,53232.0,J. Hallquist Lithen,John Hallquist Lithen,sorted_name,,ok
Kornel Halmos,70125.0,K. Halmos,Kornel Halmos,sorted_name,,ok
Quentin Halys,1925.0,Q. Halys,Quentin Halys,sorted_name,,ok
Hamad Medjedovic,2677.0,H. Medjedovic,Hamad Medjedovic,sorted_name,,ok
Hamish Stewart,38208.0,H. Stewart,Hamish Stewart,sorted_name,,ok
Hamza Karmoussi,25456.0,H. Karmoussi,Hamza Karmoussi,sorted_name,,ok
Samir Hamza Reguig,1283.0,S. Hamza Reguig,Samir Hamza Reguig,sorted_name,,ok
Xirui Han,59305.0,X. Han,Xirui Han,sorted_name,,ok
Keaton Hance,15332.0,K. Hance,Keaton Hance,sorted_name,,ok
Tim Handel,12606.0,T. Handel,Tim Handel,sorted_name,,ok
Tom Hands,8167.0,T. Hands,Tom Hands,sorted_name,,ok
Yannick Hanfmann,1764.0,Y. Hanfmann,Yannick Hanfmann,sorted_name,,ok
Kabir Hans,50060.0,K. Hans,Kabir Hans,sorted_name,,ok
Max Hans Rehberg,3604.0,M. H. Rehberg,Hans Rehberg Max,sorted_name,,ok
Hanyi Liu,1270.0,H. Liu,Hanyi Liu,sorted_name,,ok
Tsung-Hao Huang,792.0,T. Huang,Tsung-Hao Huang,sorted_name,,ok
Jun Hao Luo,84922.0,J. H. Luo,Hao Luo Jun,sorted_name,,ok
Hao Sheng Koay,40195.0,H. S. Koay,Sheng Koay Hao,sorted_name,,ok
Haoyuan Huang,714.0,H. Huang,Haoyuan Huang,sorted_name,,ok
Nick Hardt,1853.0,N. Hardt,Nick Hardt,sorted_name,,ok
Harold Huens,38142.0,H. Huens,Harold Huens,sorted_name,,ok
Harold Mayot,1189.0,H. Mayot,Harold Mayot,sorted_name,,ok
Lloyd Harris,2834.0,L. Harris,Lloyd Harris,sorted_name,,ok
Harry Pugh,63399.0,H. Pugh,Harry Pugh,sorted_name,,ok
Harry Thursfield,56221.0,H. Thursfield,Harry Thursfield,sorted_name,,ok
Harry Wendelken,7009.0,H. Wendelken,Harry Wendelken,sorted_name,,ok
Jonas Pelle Hartenstein,38133.0,J. P. Hartenstein,Pelle Hartenstein Jonas,sorted_name,,ok
Ruben Hartig,54652.0,R. Hartig,Ruben Hartig,sorted_name,,ok
Hugo Hashimoto,71814.0,H. Hashimoto,Hugo Hashimoto,sorted_name,,ok
Henri Haupt,66629.0,H. Haupt,Henri Haupt,sorted_name,,ok
Julius Maximilian Haus,85493.0,J. M. Haus,Maximilian Haus Julius,sorted_name,,ok
Ryan Haviland,7711.0,R. Haviland,Ryan Haviland,sorted_name,,ok
Mark Havlicek,898.0,M. Havlicek,Mark Havlicek,sorted_name,,ok
Kohei Hayashi,68704.0,K. Hayashi,Kohei Hayashi,sorted_name,,ok
Hayato Matsuoka,38778.0,H. Matsuoka,Hayato Matsuoka,sorted_name,,ok
Hayden Jones,10219.0,H. Jones,Hayden Jones,sorted_name,,ok
Hayden Shoemake,79830.0,H. Shoemake,Hayden Shoemake,sorted_name,,ok
Shinji Hazawa,744.0,S. Hazawa,Shinji Hazawa,sorted_name,,ok
Hazem Naw,1337.0,H. Naw,Hazem Naw,sorted_name,,ok
Hunter Heck,10172.0,H. Heck,Hunter Heck,sorted_name,,ok
Lukas Hellum-Lilleengen,2484.0,L. Hellum Lilleengen,Lukas Hellum-Lilleengen,sorted_name,,ok
Jim Hendrikx,57139.0,J. Hendrikx,Jim Hendrikx,sorted_name,,ok
Nicholas Heng,52391.0,N. Heng,Nicholas Heng,sorted_name,,ok
Philip Henning,23664.0,P. Henning,Philip Henning,sorted_name,,ok
Henri Squire,907.0,H. Squire,Henri Squire,sorted_name,,ok
Henrik Villanger,78567.0,H. Villanger,Henrik Villanger,sorted_name,,ok
Henrique Ortenblad Nogueira,93923.0,N. H. Ortenblad,Henrique Ortenblad Nogueira,sorted_name,,ok
Henrique Rocha,827.0,H. Rocha,Henrique Rocha,sorted_name,,ok
Henry Lieberman,59411.0,H. Lieberman,Henry Lieberman,sorted_name,,ok
Henry Ren,90030.0,H. Ren,Henry Ren,sorted_name,,ok
Henry Searle,38784.0,H. Searle,Henry Searle,sorted_name,,ok
Pierre-Hugues Herbert,1748.0,P. Herbert,Pierre-Hugues Herbert,sorted_name,,ok
Louis Van Herck,54685.0,L. Van Herck,Louis Van Herck,sorted_name,,ok
Samuel Heredia,66890.0,S. Heredia,Samuel Heredia,sorted_name,,ok
Herman Hoeyeraal,70317.0,H. Hoeyeraal,Herman Hoeyeraal,sorted_name,,ok
Louis Herman,13696.0,L. Herman,Louis Herman,sorted_name,,ok
Kaeri Hernandez Mariona,23884.0,K. Hernandez Mariona,Kaeri Hernandez Mariona,sorted_name,,ok
Sergio Luis Hernandez Ramirez,9650.0,S. L. Hernandez R.,Luis Hernandez Ramirez Sergio,sorted_name,,ok
Sergio Planella Hernandez,74773.0,H. S. Planella,Sergio Planella Hernandez,sorted_name,,ok
Theo Herrmann,72360.0,T. Herrmann,Theo Herrmann,sorted_name,,ok
James Van Herzeele,29461.0,J. Van Herzeele,James Van Herzeele,sorted_name,,ok
Sean Hess,699.0,S. Hess,Sean Hess,sorted_name,,ok
Hidde Schoenmakers,83916.0,H. Schoenmakers,Hidde Schoenmakers,sorted_name,,ok
Hien Pham,25133.0,H. Pham,Hien Pham,sorted_name,,ok
Liam Hignett,15241.0,L. Hignett,Liam Hignett,sorted_name,,ok
Rinky Hijikata,3317.0,R. Hijikata,Rinky Hijikata,sorted_name,,ok
Hikaru Shiraishi,13697.0,H. Shiraishi,Hikaru Shiraishi,sorted_name,,ok
Trey Hilderbrand,11005.0,T. Hilderbrand,Trey Hilderbrand,sorted_name,,ok
Nico Hipfl,69921.0,N. Hipfl,Nico Hipfl,sorted_name,,ok
Hiroki Moriya,3202.0,H. Moriya,Hiroki Moriya,sorted_name,,ok
Hiroki Sakagawa,53987.0,H. Sakagawa,Hiroki Sakagawa,sorted_name,,ok
Hiromasa Koyama,78931.0,H. Koyama,Hiromasa Koyama,sorted_name,,ok
Yuya Hirose,84610.0,Y. Hirose,Yuya Hirose,sorted_name,,ok
Philip Hjorth,40067.0,P. Hjorth,Philip Hjorth,sorted_name,,ok
Min Ho Ko,93354.0,M. H. Ko,Ho Ko Min,sorted_name,,ok
Ray Ho,790.0,R. Ho,Ray Ho,sorted_name,,ok
Sean Hodkin,2512.0,S. Hodkin,Sean Hodkin,sorted_name,,ok
Moritz Hoffmann,56111.0,M. Hoffmann,Moritz Hoffmann,sorted_name,,ok
Ronald Hohmann,3716.0,R. Hohmann,Ronald Hohmann,sorted_name,,ok
Vladimir Holban,77607.0,V. Holban,Vladimir Holban,sorted_name,,ok
Holger Rune,437.0,H. Rune,Holger Rune,sorted_name,,ok
Nicolas Hollender,38205.0,N. Hollender,Nicolas Hollender,sorted_name,,ok
Maximilian Homberg,21176.0,M. Homberg,Maximilian Homberg,sorted_name,,ok
Patrik Homola,60457.0,P. Homola,Patrik Homola,sorted_name,,ok
Naoya Honda,39537.0,N. Honda,Naoya Honda,sorted_name,,ok
Ye Hongyu,49384.0,Y. Hongyu,Ye Hongyu,sorted_name,,ok
Ji Hoon Son,4559.0,J. H. Son,Hoon Son Ji,sorted_name,,ok
Luke Hooper,55150.0,L. Hooper,Luke Hooper,sorted_name,,ok
Michel Hopp,912.0,M. Hopp,Michel Hopp,sorted_name,,ok
James Hopper,12717.0,J. Hopper,James Hopper,sorted_name,,ok
Ondrej Horak,10040.0,O. Horak,Ondrej Horak,sorted_name,,ok
Toru Horie,51633.0,T. Horie,Toru Horie,sorted_name,,ok
Ryusuke Horiuchi,38293.0,R. Horiuchi,Ryusuke Horiuchi,sorted_name,,ok
Lucas Horve,40134.0,L. Horve,Lucas Horve,sorted_name,,ok
Ty Host,63481.0,T. Host,Ty Host,sorted_name,,ok
Max Houkes,1243.0,M. Houkes,Max Houkes,sorted_name,,ok
Hoyoung Roh,66327.0,H. Roh,Hoyoung Roh,sorted_name,,ok
Jan Hrazdil,37883.0,J. Hrazdil,Jan Hrazdil,sorted_name,,ok
Matic Hribar,93204.0,M. Hribar,Matic Hribar,sorted_name,,ok
William Hsieh,65456.0,W. Hsieh,William Hsieh,sorted_name,,ok
Yu Hsiou Hsu,867.0,H. Hsu Yu,Hsiou Hsu Yu,sorted_name,,ok
Hubert Hurkacz,2841.0,H. Hurkacz,Hubert Hurkacz,sorted_name,,ok
Hudson Rivera,37899.0,H. Rivera,Hudson Rivera,sorted_name,,ok
Hugo Maia,37997.0,H. Maia,Hugo Maia,sorted_name,,ok
Hugo Ouzilou,68657.0,H. Ouzilou,Hugo Ouzilou,sorted_name,,ok
Victor Hugo Remondy Pagotto,65080.0,V. H. Remondy P.,Hugo Remondy Pagotto Victor,sorted_name,,ok
Hugo Pierre,13253.0,H. Pierre,Hugo Pierre,sorted_name,,ok
Ugo Humbert,1105.0,U. Humbert,Ugo Humbert,sorted_name,,ok
Millen Hurrion,12967.0,M. Hurrion,Millen Hurrion,sorted_name,,ok
Nicolas Hurtado Novoa,86277.0,N. Hurtado Novoa,Nicolas Hurtado Novoa,sorted_name,,ok
Jae Hwan Kim,4110.0,J. H. Kim,Hwan Kim Jae,sorted_name,,ok
Kai-I Wang,57394.0,K. Wang,Kai-i Wang,sorted_name,,ok
Volodymyr Iakubenko,60816.0,V. Iakubenko,Volodymyr Iakubenko,sorted_name,,ok
Petr Iamachkine,17611.0,P. Iamachkine,Petr Iamachkine,sorted_name,,ok
Nicolas Ian Kotzen,57122.0,N. I. Kotzen,Ian Kotzen Nicolas,sorted_name,,ok
Ian Mayew,66627.0,I. Mayew,Ian Mayew,sorted_name,,ok
Nikita Ianin,23831.0,N. Ianin,Nikita Ianin,sorted_name,,ok
Iannis Miletich,60454.0,I. Miletich,Iannis Miletich,sorted_name,,ok
Karim Ibrahim,675.0,K. Ibrahim,Karim Ibrahim,sorted_name,,ok
Ymerali Ibraimi,78978.0,Y. Ibraimi,Ymerali Ibraimi,sorted_name,,ok
Rakhimbek Ibrakhimov,38277.0,R. Ibrakhimov,Rakhimbek Ibrakhimov,sorted_name,,ok
Taisei Ichikawa,2018.0,T. Ichikawa,Taisei Ichikawa,sorted_name,,ok
Ids Waterbolk,93132.0,I. Waterbolk,Ids Waterbolk,sorted_name,,ok
Leonardo Iemmi,88820.0,L. Iemmi,Leonardo Iemmi,sorted_name,,ok
Nicolas Ifi,61403.0,N. Ifi,Nicolas Ifi,sorted_name,,ok
Samir Iftikhar,10224.0,S. Iftikhar,Samir Iftikhar,sorted_name,,ok
Ignacio Monzon,685.0,I. Monzon,Ignacio Monzon,sorted_name,,ok
Ignacio Novo,23827.0,I. Novo,Ignacio Novo,sorted_name,,ok
Uladzimir Ignatik,7491.0,U. Ignatik,Uladzimir Ignatik,sorted_name,,ok
Ilya Ignatov,85925.0,I. Ignatov,Ilya Ignatov,sorted_name,,ok
Igor Kudriashov,9218.0,I. Kudriashov,Igor Kudriashov,sorted_name,,ok
Igor Marcondes,3679.0,I. Marcondes,Igor Marcondes,sorted_name,,ok
Iiro Vasa,9934.0,I. Vasa,Iiro Vasa,sorted_name,,ok
Iker Urribarrens Ramirez,50072.0,I. Urribarrens Ramirez,Iker Urribarrens Ramirez,sorted_name,,ok
Iker Sevilla,70706.0,I. Sevilla,Iker Sevilla,sorted_name,,ok
Ilia Simakin,1238.0,I. Simakin,Ilia Simakin,sorted_name,,ok
Ilias Zimmermann,15182.0,I. Zimmermann,Ilias Zimmermann,sorted_name,,ok
Ilija Palavestra,69060.0,I. Palavestra,Ilija Palavestra,sorted_name,,ok
Iliyan Radulov,38103.0,I. Radulov,Iliyan Radulov,sorted_name,,ok
Illya Marchenko,573.0,I. Marchenko,Illya Marchenko,sorted_name,,ok
Ilya Ivashka,432.0,I. Ivashka,Ilya Ivashka,sorted_name,,ok
Ilya Snitari,11114.0,I. Snitari,Ilya Snitari,sorted_name,,ok
Shintaro Imai,5216.0,S. Imai,Shintaro Imai,sorted_name,,ok
Masamichi Imamura,10276.0,M. Imamura,Masamichi Imamura,sorted_name,,ok
Imanol Lopez Morillo,991.0,I. Lopez Morillo,Imanol Lopez Morillo,sorted_name,,ok
Paul Inchauspe,17436.0,P. Inchauspe,Inchauspe Paul,sorted_name,,ok
Johannes Ingildsen,2502.0,J. Ingildsen,Johannes Ingildsen,sorted_name,,ok
Yuichiro Inui,13090.0,Y. Inui,Yuichiro Inui,sorted_name,,ok
Ioannis Kountourakis,732.0,I. Kountourakis,Ioannis Kountourakis,sorted_name,,ok
Ioannis Xilas,19218.0,I. Xilas,Ioannis Xilas,sorted_name,,ok
Nicola Ion,89689.0,N. Ion,Nicola Ion,sorted_name,,ok
Isaac Lhomond,69610.0,I. Lhomond,Isaac Lhomond,sorted_name,,ok
Isaac Nortey,39008.0,I. Nortey,Isaac Nortey,sorted_name,,ok
Isac Stroemberg,40174.0,I. Stroemberg,Isac Stroemberg,sorted_name,,ok
Isaiah Strode,1256.0,I. Strode,Isaiah Strode,sorted_name,,ok
Kokoro Isomura,9226.0,K. Isomura,Kokoro Isomura,sorted_name,,ok
Issei Okamura,7372.0,I. Okamura,Issei Okamura,sorted_name,,ok
Tatsuma Ito,2979.0,T. Ito,Tatsuma Ito,sorted_name,,ok
Shion Itsusaki,76703.0,S. Itsusaki,Shion Itsusaki,sorted_name,,ok
Ivan Iutkin,68731.0,I. Iutkin,Ivan Iutkin,sorted_name,,ok
Ivan Ivanov,57825.0,I. Ivanov,Ivan Ivanov,sorted_name,,ok
Ivan Liutarevich,955.0,I. Liutarevich,Ivan Liutarevich,sorted_name,,ok
Ivan Nedelko,766.0,I. Nedelko,Ivan Nedelko,sorted_name,,ok
Mihail Ivanov,38307.0,M. Ivanov,Mihail Ivanov,sorted_name,,ok
Saveliy Ivanov,38317.0,S. Ivanov,Saveliy Ivanov,sorted_name,,ok
Kalin Ivanovski,1296.0,K. Ivanovski,Kalin Ivanovski,sorted_name,,ok
Rafael Izquierdo Luque,57566.0,R. Izquierdo Luque,Rafael Izquierdo Luque,sorted_name,,ok
Nikolas Sanchez Izquierdo,591.0,N. Sanchez Izquierdo,Nikolas Sanchez Izquierdo,sorted_name,,ok
Jack Pinnington Jones,1858.0,J. Pinnington Jones,Jack Pinnington Jones,sorted_name,,ok
Jack Karlsson Wistrand,38069.0,W. J. Karlsson,Jack Karlsson Wistrand,sorted_name,,ok
Jack Kennedy,68750.0,J. Kennedy,Jack Kennedy,sorted_name,,ok
Jack Loge,38176.0,J. Loge,Jack Loge,sorted_name,,ok
Jack Loutit,10844.0,J. Loutit,Jack Loutit,sorted_name,,ok
Jack Satterfield,79358.0,J. Satterfield,Jack Satterfield,sorted_name,,ok
Jack Secord,73845.0,J. Secord,Jack Secord,sorted_name,,ok
Jackson Ross,67656.0,J. Ross,Jackson Ross,sorted_name,,ok
Ryder Jackson,12991.0,R. Jackson,Ryder Jackson,sorted_name,,ok
Jacopo Vasami,73841.0,J. Vasami,Jacopo Vasami,sorted_name,,ok
Kyrian Jacquet,1335.0,K. Jacquet,Kyrian Jacquet,sorted_name,,ok
Jaden Weekes,10861.0,J. Weekes,Jaden Weekes,sorted_name,,ok
Nicolas Jadoun,52645.0,N. Jadoun,Nicolas Jadoun,sorted_name,,ok
Jagger Leach,58210.0,J. Leach,Jagger Leach,sorted_name,,ok
Raghav Jaisinghani,38050.0,R. Jaisinghani,Raghav Jaisinghani,sorted_name,,ok
Jakub Jedrzejczak,57410.0,J. Jedrzejczak,Jakub Jedrzejczak,sorted_name,,ok
Jakub Kroslak,37989.0,J. Kroslak,Jakub Kroslak,sorted_name,,ok
Jakub Mensik,902.0,J. Mensik,Jakub Mensik,sorted_name,,ok
Jakub Nicod,2516.0,J. Nicod,Jakub Nicod,sorted_name,,ok
Jakub Paul,1966.0,J. Paul,Jakub Paul,sorted_name,,ok
Jakub Vrba,83545.0,J. Vrba,Jakub Vrba,sorted_name,,ok
James McCabe,1882.0,J. McCabe,James McCabe,sorted_name,,ok
Ryan James Storrie,8035.0,R. J. Storrie,James Storrie Ryan,sorted_name,,ok
James Story,38266.0,J. Story,James Story,sorted_name,,ok
James Watt,40233.0,J. Watt,James Watt,sorted_name,,ok
Jamie Mackenzie,78985.0,J. Mackenzie,Jamie Mackenzie,sorted_name,,ok
Jan Jermar,10038.0,J. Jermar,Jan Jermar,sorted_name,,ok
Jan Klimas,56408.0,J. Klimas,Jan Klimas,sorted_name,,ok
Jan Kobierski,1300.0,J. Kobierski,Jan Kobierski,sorted_name,,ok
Jan Kumstat,38839.0,J. Kumstat,Jan Kumstat,sorted_name,,ok
Jan Kupcic,25272.0,J. Kupcic,Jan Kupcic,sorted_name,,ok
Jan-Lennard Struff,2831.0,J-L. Struff,Jan-Lennard Struff,sorted_name,,ok
Jan Sadzik,88816.0,J. Sadzik,Jan Sadzik,sorted_name,,ok
Jan Sebesta,18059.0,J. Sebesta,Jan Sebesta,sorted_name,,ok
Jan Wygona,87143.0,J. Wygona,Jan Wygona,sorted_name,,ok
Yunseok Jang,38065.0,Y. Jang,Yunseok Jang,sorted_name,,ok
Jangjun Kim,37932.0,J. Kim,Jangjun Kim,sorted_name,,ok
Vlado Jankanj,67917.0,V. Jankanj,Vlado Jankanj,sorted_name,,ok
Jannik Opitz,23522.0,J. Opitz,Jannik Opitz,sorted_name,,ok
Jannik Sinner,2072.0,J. Sinner,Jannik Sinner,sorted_name,,ok
Jarno Jans,23376.0,J. Jans,Jarno Jans,sorted_name,,ok
William Jansen,37890.0,W. Jansen,William Jansen,sorted_name,,ok
Oskar Jansson,51438.0,O. Jansson,Oskar Jansson,sorted_name,,ok
Maxime Janvier,580.0,M. Janvier,Maxime Janvier,sorted_name,,ok
Jarrod Joyce,63397.0,J. Joyce,Jarrod Joyce,sorted_name,,ok
Nicolas Jarry,400.0,N. Jarry,Nicolas Jarry,sorted_name,,ok
Reid Jarvis,85105.0,R. Jarvis,Reid Jarvis,sorted_name,,ok
Omar Jasika,1261.0,O. Jasika,Omar Jasika,sorted_name,,ok
Jason Jung,390.0,J. Jung,Jason Jung,sorted_name,,ok
Jason Kubler,364.0,J. Kubler,Jason Kubler,sorted_name,,ok
Jasper Lai,39193.0,J. Lai,Jasper Lai,sorted_name,,ok
Jasza Szajrych,654.0,J. Szajrych,Jasza Szajrych,sorted_name,,ok
Jaume Munar,2083.0,J. Munar,Jaume Munar,sorted_name,,ok
Javier Molino,985.0,J. Molino,Javier Molino,sorted_name,,ok
Saahith Jayaraman,65461.0,S. Jayaraman,Saahith Jayaraman,sorted_name,,ok
Jea Moon Lee,4334.0,J. M. Lee,Moon Lee Jea,sorted_name,,ok
Jelle Sels,586.0,J. Sels,Jelle Sels,sorted_name,,ok
Yeong-Seok Jeong,38292.0,Y. Jeong,Yeong-Seok Jeong,sorted_name,,ok
Yeonsu Jeong,32066.0,Y. Jeong,Yeonsu Jeong,sorted_name,,ok
Jeremy Jin,10214.0,J. Jin,Jeremy Jin,sorted_name,,ok
Jeremy Schifris,7496.0,J. Schifris,Jeremy Schifris,sorted_name,,ok
Jeremy Zhang,10870.0,J. Zhang,Jeremy Zhang,sorted_name,,ok
Jerome Kym,1304.0,J. Kym,Jerome Kym,sorted_name,,ok
Yuquan Jin,11701.0,Y. Jin,Yuquan Jin,sorted_name,,ok
Jirat Navasirisomboon,9829.0,J. Navasirisomboon,Jirat Navasirisomboon,sorted_name,,ok
Jiri Lehecka,2959.0,J. Lehecka,Jiri Lehecka,sorted_name,,ok
Jiri Vesely,2673.0,J. Vesely,Jiri Vesely,sorted_name,,ok
Stephane Pierre-Jo Kamendje,76952.0,S. P. Kamendje,Pierre-Jo Kamendje Stephane,sorted_name,,ok
Joan Nadal,69144.0,J. Nadal,Joan Nadal,sorted_name,,ok
Joao Portugal,73016.0,J. Portugal,Joao Portugal,sorted_name,,ok
Lorenzo Joaquin Rodriguez,14085.0,L. J. Rodriguez,Joaquin Rodriguez Lorenzo,sorted_name,,ok
Rafael Jodar,50323.0,R. Jodar,Rafael Jodar,sorted_name,,ok
Joe Leather,57896.0,J. Leather,Joe Leather,sorted_name,,ok
Joe Tyler,38217.0,J. Tyler,Joe Tyler,sorted_name,,ok
Joel Meda,90127.0,J. Meda,Joel Meda,sorted_name,,ok
Johan Oscar Lien,89202.0,J. O. Lien,Oscar Lien Johan,sorted_name,,ok
Johan Nikles,428.0,J. Nikles,Johan Nikles,sorted_name,,ok
Johannus Monday,10071.0,J. Monday,Johannus Monday,sorted_name,,ok
Oliver Johansson,90128.0,O. Johansson,Oliver Johansson,sorted_name,,ok
John Sperle,13694.0,J. Sperle,John Sperle,sorted_name,,ok
Spencer Johnson,2851.0,S. Johnson,Spencer Johnson,sorted_name,,ok
Noah Johnston,68734.0,N. Johnston,Noah Johnston,sorted_name,,ok
Jonas Kucera,72210.0,J. Kucera,Jonas Kucera,sorted_name,,ok
Jonas Schaer,37985.0,J. Schaer,Jonas Schaer,sorted_name,,ok
Jonathan Mridha,2500.0,J. Mridha,Jonathan Mridha,sorted_name,,ok
Maximus Jones,680.0,M. Jones,Maximus Jones,sorted_name,,ok
Miles Jones,14087.0,M. Jones,Miles Jones,sorted_name,,ok
Roan Jones,9363.0,R. Jones,Roan Jones,sorted_name,,ok
Scott Jones,4513.0,S. Jones,Scott Jones,sorted_name,,ok
Sander Jong,39928.0,A. M. Jong,Sander Jong,sorted_name,,ok
Yong Joon Park,69227.0,Y. J. Park,Joon Park Yong,sorted_name,,ok
Jordan Lee,5568.0,J. Lee,Jordan Lee,sorted_name,,ok
Phillip Jordan,38263.0,P. Jordan,Phillip Jordan,sorted_name,,ok
Jordan Thompson,207.0,J. Thompson,Jordan Thompson,sorted_name,,ok
Tomas Jordi Leston,89139.0,T. J. Leston,Jordi Leston Tomas,sorted_name,,ok
Jorge Plans,4047.0,J. Plans,Jorge Plans,sorted_name,,ok
Joris Moret,13867.0,J. Moret,Joris Moret,sorted_name,,ok
Luis Jose Nakamine,56998.0,L. J. Nakamine,Jose Nakamine Luis,sorted_name,,ok
Jose Pereira,3896.0,J. Pereira,Jose Pereira,sorted_name,,ok
Joshua Lapadat,37924.0,J. Lapadat,Joshua Lapadat,sorted_name,,ok
Joshua Peck,9190.0,J. Peck,Joshua Peck,sorted_name,,ok
Joshua Sheehy,1254.0,J. Sheehy,Joshua Sheehy,sorted_name,,ok
Josip Simundza,50324.0,J. Simundza,Josip Simundza,sorted_name,,ok
Petar Jovanovic,37949.0,P. Jovanovic,Petar Jovanovic,sorted_name,,ok
Nikola Jovic,56794.0,N. Jovic,Nikola Jovic,sorted_name,,ok
Viktor Jovic,841.0,V. Jovic,Viktor Jovic,sorted_name,,ok
Jozef Kovalik,1065.0,J. Kovalik,Jozef Kovalik,sorted_name,,ok
Patrick Jozwicki,73580.0,P. Jozwicki,Patrick Jozwicki,sorted_name,,ok
Juan Manuel La Serna,10017.0,J. M. La Serna,Manuel La Serna Juan,sorted_name,,ok
Juan Sebastian Osorio,13923.0,J. S. Osorio,Sebastian Osorio Juan,sorted_name,,ok
Juan Pablo Paz,1325.0,J. P. Paz,Pablo Paz Juan,sorted_name,,ok
Juan Pablo Varillas,391.0,J. P. Varillas,Pablo Varillas Juan,sorted_name,,ok
Paul Jubb,385.0,P. Jubb,Paul Jubb,sorted_name,,ok
William Jucha,52553.0,W. Jucha,William Jucha,sorted_name,,ok
Kristijan Juhas,18862.0,K. Juhas,Kristijan Juhas,sorted_name,,ok
Jules Leroux,77603.0,J. Leroux,Jules Leroux,sorted_name,,ok
Jules Marie,6618.0,J. Marie,Jules Marie,sorted_name,,ok
Julian Valenzuela,79192.0,J. Valenzuela,Julian Valenzuela,sorted_name,,ok
Julien Penzlin,20017.0,J. Penzlin,Julien Penzlin,sorted_name,,ok
Jumpei Yamasaki,5515.0,J. Yamasaki,Jumpei Yamasaki,sorted_name,,ok
Manel Lazaro Juncadella,70517.0,M. Lazaro Juncadella,Manel Lazaro Juncadella,sorted_name,,ok
Juncheng Shang,2413.0,J. Shang,Juncheng Shang,sorted_name,,ok
Jurij Rodionov,416.0,J. Rodionov,Jurij Rodionov,sorted_name,,ok
Justas Trainauskas,92464.0,J. Trainauskas,Justas Trainauskas,sorted_name,,ok
Justin Lenders,88313.0,J. Lenders,Justin Lenders,sorted_name,,ok
Justin Roberts,6287.0,J. Roberts,Justin Roberts,sorted_name,,ok
Justin Schlageter,60968.0,J. Schlageter,Justin Schlageter,sorted_name,,ok
Pawel Juszczak,1190.0,P. Cias,Pawel Juszczak,sorted_name,,ok
Pawel Juszczak,66855.0,P. Juszczak,Pawel Juszczak,sorted_name,,ok
Ramazan Kaan Oktay,85926.0,R. K. Oktay,Kaan Oktay Ramazan,sorted_name,,ok
Kacper Knitter,74207.0,K. Knitter,Kacper Knitter,sorted_name,,ok
Kacper Szymkowiak,67375.0,K. Szymkowiak,Kacper Szymkowiak,sorted_name,,ok
Kai Thompson,89121.0,K. Thompson,Kai Thompson,sorted_name,,ok
Kai Wehnelt,2459.0,K. Wehnelt,Kai Wehnelt,sorted_name,,ok
Kaichi Uchida,568.0,K. Uchida,Kaichi Uchida,sorted_name,,ok
Kaigaoge Kang,90131.0,K. Kang,Kaigaoge Kang,sorted_name,,ok
Kaito Uesugi,37934.0,K. Uesugi,Kaito Uesugi,sorted_name,,ok
Karlo Kajin,81046.0,K. Kajin,Karlo Kajin,sorted_name,,ok
Vit Kalina,30786.0,V. Kalina,Vit Kalina,sorted_name,,ok
Niki Kaliyanda Poonacha,1323.0,N. Kaliyanda Poonacha,Niki Kaliyanda Poonacha,sorted_name,,ok
Markos Kalovelonis,1938.0,M. Kalovelonis,Markos Kalovelonis,sorted_name,,ok
Madhwin Kamath,18134.0,M. Kamath,Madhwin Kamath,sorted_name,,ok
Udit Kamboj,77031.0,U. Kamboj,Udit Kamboj,sorted_name,,ok
Kamil Majchrzak,1096.0,K. Majchrzak,Kamil Majchrzak,sorted_name,,ok
Marcel Kamrowski,15215.0,M. Kamrowski,Marcel Kamrowski,sorted_name,,ok
Ku Keon Kang,40037.0,K. Kang Ku,Keon Kang Ku,sorted_name,,ok
Kyle Kang,9518.0,K. Kang,Kyle Kang,sorted_name,,ok
Mitsuki Wei Kang Leong,38273.0,W. K. Leong M.,Kang Leong Mitsuki Wei,sorted_name,,ok
Mickael Kaouk,68730.0,M. Kaouk,Mickael Kaouk,sorted_name,,ok
Karan Singh,8537.0,K. Singh,Karan Singh,sorted_name,,ok
Karen Khachanov,435.0,K. Khachanov,Karen Khachanov,sorted_name,,ok
Toshiki Karigyo,81134.0,T. Karigyo,Toshiki Karigyo,sorted_name,,ok
Karim-Mohamed Maamoun,5292.0,K.M. Maamoun,Karim-Mohamed Maamoun,sorted_name,,ok
Ronit Karki,73842.0,R. Karki,Ronit Karki,sorted_name,,ok
Karl Kazuma Lee,55113.0,K. K. Lee,Kazuma Lee Karl,sorted_name,,ok
Karl Poling,8886.0,K. Poling,Karl Poling,sorted_name,,ok
Karlis Ozolins,13125.0,K. Ozolins,Karlis Ozolins,sorted_name,,ok
Noah Karma,68927.0,N. Karma,Noah Karma,sorted_name,,ok
Karol Malirz,57480.0,K. Malirz,Karol Malirz,sorted_name,,ok
Milos Karol,817.0,M. Karol,Milos Karol,sorted_name,,ok
Tarun Karra,75672.0,T. Karra,Tarun Karra,sorted_name,,ok
Pranav Karthik,75800.0,P. Karthik,Pranav Karthik,sorted_name,,ok
Karue Sell,8218.0,K. Sell,Karue Sell,sorted_name,,ok
Kase Schinnerer,68733.0,K. Schinnerer,Kase Schinnerer,sorted_name,,ok
Kasidit Samrej,10124.0,K. Samrej,Kasidit Samrej,sorted_name,,ok
Maks Kasnikowski,1242.0,M. Kasnikowski,Maks Kasnikowski,sorted_name,,ok
Kaspar Mathes,89695.0,K. Mathes,Kaspar Mathes,sorted_name,,ok
Kasra Rahmani,73847.0,K. Rahmani,Kasra Rahmani,sorted_name,,ok
Ruslan Kastsiukevich,63095.0,R. Kastsiukevich,Ruslan Kastsiukevich,sorted_name,,ok
Sho Katayama,3801.0,S. Katayama,Sho Katayama,sorted_name,,ok
Patrick Kaukovalta,53289.0,P. Kaukovalta,Patrick Kaukovalta,sorted_name,,ok
Kazuma Kawachi,784.0,K. Kawachi,Kazuma Kawachi,sorted_name,,ok
Yuta Kawahashi,10335.0,Y. Kawahashi,Yuta Kawahashi,sorted_name,,ok
Kazuki Nishiwaki,9655.0,K. Nishiwaki,Kazuki Nishiwaki,sorted_name,,ok
Miomir Kecmanovic,2848.0,M. Kecmanovic,Miomir Kecmanovic,sorted_name,,ok
Keegan Rice,38846.0,K. Rice,Keegan Rice,sorted_name,,ok
Keegan Smith,6011.0,K. Smith,Keegan Smith,sorted_name,,ok
Keenan Mayo,5770.0,K. Mayo,Keenan Mayo,sorted_name,,ok
Kei Nishikori,2985.0,K. Nishikori,Kei Nishikori,sorted_name,,ok
Keisuke Saitoh,1326.0,K. Saitoh,Keisuke Saitoh,sorted_name,,ok
Yannik Kelm,55032.0,Y. Kelm,Yannik Kelm,sorted_name,,ok
Kelsey Stevenson,740.0,K. Stevenson,Kelsey Stevenson,sorted_name,,ok
Kenta Miyoshi,10873.0,K. Miyoshi,Kenta Miyoshi,sorted_name,,ok
Kenzo Koistila Larsson,39068.0,K. Koistila Larsson,Kenzo Koistila Larsson,sorted_name,,ok
Kerem Yilmaz,65986.0,K. Yilmaz,Kerem Yilmaz,sorted_name,,ok
Maan Kesharwani,74450.0,M. Kesharwani,Maan Kesharwani,sorted_name,,ok
Mariano Kestelboim,8896.0,M. Kestelboim,Mariano Kestelboim,sorted_name,,ok
Yousaf Khalil,74517.0,Y. Khalil,Yousaf Khalil,sorted_name,,ok
Yusuf Khamis,39535.0,Y. Khamis,Yusuf Khamis,sorted_name,,ok
Roman Kharlamov,75803.0,R. Kharlamov,Roman Kharlamov,sorted_name,,ok
Khololwam Montsi,786.0,K. Montsi,Khololwam Montsi,sorted_name,,ok
Khumoyun Sultanov,6983.0,K. Sultanov,Khumoyun Sultanov,sorted_name,,ok
Kian Vakili,38045.0,K. Vakili,Kian Vakili,sorted_name,,ok
Nicolas Kicker,1756.0,N. Kicker,Nicolas Kicker,sorted_name,,ok
Szymon Kielan,9659.0,S. Kielan,Szymon Kielan,sorted_name,,ok
Yuta Kikuchi,23537.0,Y. Kikuchi,Yuta Kikuchi,sorted_name,,ok
Orel Kimhi,629.0,O. Kimhi,Orel Kimhi,sorted_name,,ok
Kiranpal Pannu,3225.0,K. Pannu,Kiranpal Pannu,sorted_name,,ok
Strong Kirchheimer,3706.0,S. Kirchheimer,Strong Kirchheimer,sorted_name,,ok
Koray Kirci,1244.0,K. Kirci,Koray Kirci,sorted_name,,ok
Kirill Kivattsev,1944.0,K. Kivattsev,Kirill Kivattsev,sorted_name,,ok
Stian Klaassen,54520.0,S. Klaassen,Stian Klaassen,sorted_name,,ok
Matt Kleiman,75575.0,M. Kleiman,Matt Kleiman,sorted_name,,ok
Lukas Klein,1969.0,L. Klein,Lukas Klein,sorted_name,,ok
Martin Klizan,3144.0,M. Klizan,Martin Klizan,sorted_name,,ok
Ko Suzuki,23191.0,K. Suzuki,Ko Suzuki,sorted_name,,ok
Krittin Koaykul,13537.0,K. Koaykul,Krittin Koaykul,sorted_name,,ok
Nicolas Kobelt,32548.0,N. Kobelt,Nicolas Kobelt,sorted_name,,ok
Toby Kodat,716.0,T. A. Kodat,Toby Kodat,sorted_name,,ok
Kody Pearson,13158.0,K. Pearson,Kody Pearson,sorted_name,,ok
Rein Koenders,73581.0,R. Koenders,Rein Koenders,sorted_name,,ok
Luc Koenig,14347.0,L. Koenig,Luc Koenig,sorted_name,,ok
Noritaka Koizumi,59061.0,N. Koizumi,Noritaka Koizumi,sorted_name,,ok
Koki Matsuda,37969.0,K. Matsuda,Koki Matsuda,sorted_name,,ok
Thanasi Kokkinakis,426.0,T. Kokkinakis,Thanasi Kokkinakis,sorted_name,,ok
Zdenek Kolar,384.0,Z. Kolar,Zdenek Kolar,sorted_name,,ok
Weiyi Kong,71493.0,W. Kong,Weiyi Kong,sorted_name,,ok
Yuhei Kono,58843.0,Y. Kono,Yuhei Kono,sorted_name,,ok
Samuil Konov,24089.0,S. Konov,Samuil Konov,sorted_name,,ok
Vadym Konovchuk,81141.0,V. Konovchuk,Vadym Konovchuk,sorted_name,,ok
Konstantin Zhzhenov,9231.0,K. Zhzhenov,Konstantin Zhzhenov,sorted_name,,ok
Valentin Kopeikin,62038.0,V. Kopeikin,Valentin Kopeikin,sorted_name,,ok
Sandro Kopp,848.0,S. Kopp,Sandro Kopp,sorted_name,,ok
Vit Kopriva,1083.0,V. Kopriva,Vit Kopriva,sorted_name,,ok
Sebastian Korda,2840.0,S. Korda,Sebastian Korda,sorted_name,,ok
Stefan Kostic,53284.0,S. Kostic,Stefan Kostic,sorted_name,,ok
Thomas Kostka,60456.0,T. Kostka,Thomas Kostka,sorted_name,,ok
Kosuke Ogura,711.0,K. Ogura,Kosuke Ogura,sorted_name,,ok
Kosuke Shibano,76704.0,K. Shibano,Kosuke Shibano,sorted_name,,ok
Pavel Kotov,415.0,P. Kotov,Pavel Kotov,sorted_name,,ok
Moise Kouame,68751.0,M. Kouame,Moise Kouame,sorted_name,,ok
Tilen Kovac,65987.0,T. Kovac,Tilen Kovac,sorted_name,,ok
Stefan Kozlov,1087.0,S. Kozlov,Stefan Kozlov,sorted_name,,ok
Michal Krajci,38845.0,M. Krajci,Michal Krajci,sorted_name,,ok
Liam Krall,25008.0,L. Krall,Liam Krall,sorted_name,,ok
Kriish Tyagi,40363.0,K. Tyagi,Kriish Tyagi,sorted_name,,ok
Kris Van Wyk,38111.0,K. van Wyk,Kris van Wyk,sorted_name,,ok
Kristjan Tamm,785.0,K. Tamm,Kristjan Tamm,sorted_name,,ok
Makar Krivoshchekov,73806.0,M. Krivoshchekov,Makar Krivoshchekov,sorted_name,,ok
Matic Kriznik,38847.0,M. Kriznik,Matic Kriznik,sorted_name,,ok
Veljko Krstic,19892.0,. V. Krstic,Veljko Krstic,sorted_name,,ok
Mitchell Krueger,1751.0,M. Krueger,Mitchell Krueger,sorted_name,,ok
Martin Krumich,906.0,M. Krumich,Martin Krumich,sorted_name,,ok
Oleksii Krutykh,1177.0,O. Krutykh,Oleksii Krutykh,sorted_name,,ok
Kuan-Yi Lee,15304.0,K. Lee,Kuan-Yi Lee,sorted_name,,ok
Kuang Qing Xu,60967.0,K. Q. Xu,Qing Xu Kuang,sorted_name,,ok
Moritz Kudernatsch,68003.0,M. Kudernatsch,Moritz Kudernatsch,sorted_name,,ok
Matt Kuhar,1247.0,M. Kuhar,Matt Kuhar,sorted_name,,ok
Nicola Kuhn,583.0,N. Kuhn,Nicola Kuhn,sorted_name,,ok
Mikhail Kukushkin,2970.0,M. Kukushkin,Mikhail Kukushkin,sorted_name,,ok
Melvin Kumar,67977.0,M. Kumar,Melvin Kumar,sorted_name,,ok
Nitin Kumar Sinha,18088.0,N. K. Sinha,Kumar Sinha Nitin,sorted_name,,ok
Pranav Kumar,38138.0,P. Kumar,Pranav Kumar,sorted_name,,ok
Rethin Pranav Senthil Kumar,63910.0,R. P. Senthil Kumar,Pranav Senthil Kumar Rethin,sorted_name,,ok
Takuya Kumasaka,20616.0,T. Kumasaka,Takuya Kumasaka,sorted_name,,ok
Kunanan Pantaratorn,78441.0,K. Pantaratorn,Kunanan Pantaratorn,sorted_name,,ok
Yusuke Kusuhara,39158.0,Y. Kusuhara,Yusuke Kusuhara,sorted_name,,ok
Thai-Son Kwiatkowski,2958.0,T. S. Kwiatkowski,Son Kwiatkowski Thai,sorted_name,,ok
Soonwoo Kwon,1098.0,S. Kwon,Soonwoo Kwon,sorted_name,,ok
Kyle Overmyer,63677.0,K. Overmyer,Kyle Overmyer,sorted_name,,ok
Kyle Seelig,1237.0,K. Seelig,Kyle Seelig,sorted_name,,ok
Patrick Kypson,8130.0,P. Kypson,Patrick Kypson,sorted_name,,ok
Nick Kyrgios,2984.0,N. Kyrgios,Nick Kyrgios,sorted_name,,ok
Lachlan Vickery,69059.0,L. Vickery,Lachlan Vickery,sorted_name,,ok
Oscar Lacides,49887.0,O. Lacides,Oscar Lacides,sorted_name,,ok
Laelson Rodrigues,22562.0,L. Rodrigues,Laelson Rodrigues,sorted_name,,ok
Leo Lagarrigue,64960.0,L. Lagarrigue,Leo Lagarrigue,sorted_name,,ok
Linus Lagerbohm,55587.0,L. Lagerbohm,Linus Lagerbohm,sorted_name,,ok
Pavel Lagutin,80068.0,P. Lagutin,Pavel Lagutin,sorted_name,,ok
Yazid Lahjomri,85183.0,Y. Lahjomri,Yazid Lahjomri,sorted_name,,ok
Mark Lajal,731.0,M. Lajal,Mark Lajal,sorted_name,,ok
Tristan Lamasine,1973.0,T. Lamasine,Tristan Lamasine,sorted_name,,ok
Martin Landaluce,39864.0,M. Landaluce,Martin Landaluce,sorted_name,,ok
Lewie Lane,6024.0,L. Lane,Lewie Lane,sorted_name,,ok
Tomas Lanik,14540.0,T. Lanik,Tomas Lanik,sorted_name,,ok
Valentin Lapalu,13092.0,V. Lapalu,Valentin Lapalu,sorted_name,,ok
Louis Larue,74727.0,L. Larue,Louis Larue,sorted_name,,ok
Noel Larwig,13460.0,N. Larwig,Noel Larwig,sorted_name,,ok
Lasse Poertner,57545.0,L. Poertner,Lasse Poertner,sorted_name,,ok
Marcel Latak,89239.0,M. Latak,Marcel Latak,sorted_name,,ok
Stefan Latinovic,54682.0,S. Latinovic,Stefan Latinovic,sorted_name,,ok
Laurence Teunissen,87316.0,L. Teunissen,Laurence Teunissen,sorted_name,,ok
Laurent Lokoli,1076.0,L. Lokoli,Laurent Lokoli,sorted_name,,ok
Lautaro Midon,10018.0,L. Midon,Lautaro Midon,sorted_name,,ok
Lautaro Rocha,93247.0,L. Rocha,Lautaro Rocha,sorted_name,,ok
Matteo Lavizzari,38879.0,M. Lavizzari,Matteo Lavizzari,sorted_name,,ok
Rhys Lawlor,70745.0,R. Lawlor,Rhys Lawlor,sorted_name,,ok
Lazar Vojinovic,13195.0,L. Vojinovic,Lazar Vojinovic,sorted_name,,ok
Manuel Lazic,65681.0,M. Lazic,Manuel Lazic,sorted_name,,ok
Leandro Riedi,1092.0,L. Riedi,Leandro Riedi,sorted_name,,ok
Learner Tien,10520.0,L. Tien,Learner Tien,sorted_name,,ok
Leevi Saatela,772.0,L. Saatela,Leevi Saatela,sorted_name,,ok
Timo Legout,916.0,T. Legout,Timo Legout,sorted_name,,ok
Nikos Lehmann,55031.0,N. Lehmann,Nikos Lehmann,sorted_name,,ok
Wilson Leite,5469.0,W. Leite,Wilson Leite,sorted_name,,ok
Lenny Petit,67689.0,L. Petit,Lenny Petit,sorted_name,,ok
Leo Matthysen,69710.0,L. Matthysen,Leo Matthysen,sorted_name,,ok
Leo Raquillet,24770.0,L. Raquillet,Leo Raquillet,sorted_name,,ok
Leo Raquin,76923.0,L. Raquin,Leo Raquin,sorted_name,,ok
Leo Vithoontien,38128.0,L. Vithoontien,Leo Vithoontien,sorted_name,,ok
Leon Sloboda,86677.0,L. Sloboda,Leon Sloboda,sorted_name,,ok
Leonardo Malgaroli,15252.0,L. Malgaroli,Leonardo Malgaroli,sorted_name,,ok
Leonardo Primucci,75588.0,L. Primucci,Leonardo Primucci,sorted_name,,ok
Leonardo Rossi,37988.0,L. Rossi,Leonardo Rossi,sorted_name,,ok
Leonardo Suarez,84897.0,L. Suarez,Leonardo Suarez,sorted_name,,ok
Leonardo Taddia,6890.0,L. Taddia,Leonardo Taddia,sorted_name,,ok
Leonid Sheyngezikht,756.0,L. Sheyngezikht,Leonid Sheyngezikht,sorted_name,,ok
Vasco Leote Prata,38113.0,P. V. Leote,Vasco Leote Prata,sorted_name,,ok
Loan Lestir,38774.0,L. Lestir,Loan Lestir,sorted_name,,ok
Lev Seidman,86751.0,L. Seidman,Lev Seidman,sorted_name,,ok
Leyton Rivera,20776.0,L. Rivera,Leyton Rivera,sorted_name,,ok
Li Tu,1883.0,L. Tu,Li Tu,sorted_name,,ok
Wenfu Li,9950.0,W. Li,Wenfu Li,sorted_name,,ok
Zekai Li,879.0,Z. Li,Zekai Li,sorted_name,,ok
Olle Sonesson Lidholt,69521.0,L. O. Sonesson,Olle Sonesson Lidholt,sorted_name,,ok
Lilian Marmousez,835.0,L. Marmousez,Lilian Marmousez,sorted_name,,ok
Victor Lilov,656.0,V. Lilov,Victor Lilov,sorted_name,,ok
Tung-Lin Wu,1062.0,Wu Tung-Lin,Tung-Lin Wu,sorted_name,,ok
Linang Xiao,38140.0,L. Xiao,Linang Xiao,sorted_name,,ok
Linghao Zhang,3410.0,L. Zhang,Linghao Zhang,sorted_name,,ok
Lingxi Zhao,80929.0,L. Zhao,Lingxi Zhao,sorted_name,,ok
Mika Lipp,9228.0,M. Lipp,Mika Lipp,sorted_name,,ok
Lucca Liu,73579.0,L. LIU,Lucca Liu,sorted_name,,ok
Shaoyun Liu,53308.0,S. Liu,Shaoyun Liu,sorted_name,,ok
Pablo Llamas Ruiz,987.0,P. Llamas Ruiz,Pablo Llamas Ruiz,sorted_name,,ok
Loann Massard,38776.0,. L. Massard,Loann Massard,sorted_name,,ok
Loic Namigandet Tenguere,57897.0,L. Namigandet Tenguere,Loic Namigandet Tenguere,sorted_name,,ok
Thando Longwe-Smit,63094.0,T. Longwe-Smit,Thando Longwe-Smit,sorted_name,,ok
Thijmen Loof,13374.0,T. Loof,Thijmen Loof,sorted_name,,ok
Tim Loosen,39933.0,T. Loosen,Tim Loosen,sorted_name,,ok
Niels Lootsma,7995.0,N. Lootsma,Niels Lootsma,sorted_name,,ok
Luka Talan Lopatic,62392.0,L. L. Talan,Luka Talan Lopatic,sorted_name,,ok
Noah Lopez,982.0,N. Lopez,Noah Lopez,sorted_name,,ok
Santiago Lora,23673.0,S. Lora,Santiago Lora,sorted_name,,ok
Mikolaj Lorens,15224.0,M. Lorens,Mikolaj Lorens,sorted_name,,ok
Lorenzo Lorusso,38060.0,L. Lorusso,Lorenzo Lorusso,sorted_name,,ok
Lorenzo Musetti,2849.0,L. Musetti,Lorenzo Musetti,sorted_name,,ok
Lorenzo Rottoli,837.0,L. Rottoli,Lorenzo Rottoli,sorted_name,,ok
Lorenzo Sciahbasi,32336.0,. L. Sciahbasi,Lorenzo Sciahbasi,sorted_name,,ok
Lorenzo Sonego,2843.0,L. Sonego,Lorenzo Sonego,sorted_name,,ok
Loris Pourroy,19726.0,L. Pourroy,Loris Pourroy,sorted_name,,ok
Louay Makke,66448.0,L. Makke,Louay Makke,sorted_name,,ok
Louis Tessa,8769.0,L. Tessa,Louis Tessa,sorted_name,,ok
Louis Wessels,1955.0,L. Wessels,Louis Wessels,sorted_name,,ok
Pengyu Lu,55489.0,P. Lu,Pengyu Lu,sorted_name,,ok
Luca Nardi,386.0,L. Nardi,Luca Nardi,sorted_name,,ok
Luca Parenti,54265.0,L. Parenti,Luca Parenti,sorted_name,,ok
Luca Potenza,2235.0,L. Potenza,Luca Potenza,sorted_name,,ok
Luca Pow,53787.0,L. Pow,Luca Pow,sorted_name,,ok
Luca Preda,52607.0,L. Preda,Luca Preda,sorted_name,,ok
Luca Staeheli,9360.0,L. Staeheli,Luca Staeheli,sorted_name,,ok
Luca Wiedenmann,38169.0,L. Wiedenmann,Luca Wiedenmann,sorted_name,,ok
Lucas Marionneau,66957.0,L. Marionneau,Lucas Marionneau,sorted_name,,ok
Lucas Miedler,1210.0,L. Miedler,Lucas Miedler,sorted_name,,ok
Lucas Pouille,1774.0,L. Pouille,Lucas Pouille,sorted_name,,ok
Lucas Poullain,1315.0,L. Poullain,Lucas Poullain,sorted_name,,ok
Lucas Renard,2233.0,L. Renard,Lucas Renard,sorted_name,,ok
Lucca Pinto,13924.0,L. Pinto,Lucca Pinto,sorted_name,,ok
Lucio Ratti,10022.0,L. Ratti,Lucio Ratti,sorted_name,,ok
Zoran Ludoski,56233.0,Z. Ludoski,Zoran Ludoski,sorted_name,,ok
Ludovico Vaccari,59599.0,L. Vaccari,Ludovico Vaccari,sorted_name,,ok
Lui Maxted,37938.0,L. Maxted,Lui Maxted,sorted_name,,ok
Noah Regas Luis,39044.0,L. N. Regas,Noah Regas Luis,sorted_name,,ok
Piet Luis Pinter,67777.0,P. L. Pinter,Luis Pinter Piet,sorted_name,,ok
Luka Mikrut,938.0,L. Mikrut,Luka Mikrut,sorted_name,,ok
Luka Pavlovic,2103.0,L. Pavlovic,Luka Pavlovic,sorted_name,,ok
Lukas Neumayer,2022.0,L. Neumayer,Lukas Neumayer,sorted_name,,ok
Lukas Palovic,2462.0,L. Palovic,Lukas Palovic,sorted_name,,ok
Lukas Pokorny,935.0,L. Pokorny,Lukas Pokorny,sorted_name,,ok
Luke Simkiss,55375.0,L. Simkiss,Luke Simkiss,sorted_name,,ok
Lun Obrul,54054.0,L. Obrul,Lun Obrul,sorted_name,,ok
Orlando Luz,4053.0,O. Luz,Orlando Luz,sorted_name,,ok
Mac Visser,78369.0,M. Visser,Mac Visser,sorted_name,,ok
Tomas Machac,2981.0,T. Machac,Tomas Machac,sorted_name,,ok
Maciej Matuszczyk,83890.0,M. Matuszczyk,Maciej Matuszczyk,sorted_name,,ok
Maciej Rajski,2099.0,M. Rajski,Maciej Rajski,sorted_name,,ok
Mackenzie McDonald,2839.0,M. McDonald,Mackenzie McDonald,sorted_name,,ok
Mae Malige,53274.0,M. Malige,Mae Malige,sorted_name,,ok
Maik Steiner,1273.0,M. Steiner,Maik Steiner,sorted_name,,ok
Marc Majdandzic,52681.0,M. Majdandzic,Marc Majdandzic,sorted_name,,ok
Peter Makk,15664.0,P. Makk,Peter Makk,sorted_name,,ok
Makoto Ochi,2460.0,M. Ochi,Makoto Ochi,sorted_name,,ok
Marko Maksimovic,51626.0,M. Maksimovic,Marko Maksimovic,sorted_name,,ok
Markus Malaszszak,56784.0,. M. Malaszszak,Markus Malaszszak,sorted_name,,ok
Martin Maldonado,86639.0,M. Maldonado,Martin Maldonado,sorted_name,,ok
Nemanja Malesevic,19404.0,N. Malesevic,Nemanja Malesevic,sorted_name,,ok
Richard Mallory,68705.0,R. Mallory,Richard Mallory,sorted_name,,ok
Patrick Maloney,37922.0,P. Maloney,Patrick Maloney,sorted_name,,ok
Manish Sureshkumar,1334.0,M. Sureshkumar,Manish Sureshkumar,sorted_name,,ok
William Manning,73248.0,W. Manning,William Manning,sorted_name,,ok
Skander Mansouri,1211.0,S. Mansouri,Skander Mansouri,sorted_name,,ok
Manuel Mazza,695.0,M. Mazza,Manuel Mazza,sorted_name,,ok
Manuel Mouilleron Salvo,38057.0,M. Mouilleron Salvo,Manuel Mouilleron Salvo,sorted_name,,ok
Manuel Plunger,40085.0,M. Plunger,Manuel Plunger,sorted_name,,ok
Vardan Manukyan,55114.0,V. Manukyan,Vardan Manukyan,sorted_name,,ok
Marat Sharipov,830.0,M. Sharipov,Marat Sharipov,sorted_name,,ok
Marc Polmans,2735.0,M. Polmans,Marc Polmans,sorted_name,,ok
Marcel Zielinski,27904.0,M. Zielinski,Marcel Zielinski,sorted_name,,ok
Marcello Serafini,971.0,M. Serafini,Marcello Serafini,sorted_name,,ok
Marco Migliorati,94443.0,M. Migliorati,Marco Migliorati,sorted_name,,ok
Marco Trungelliti,395.0,M. Trungelliti,Marco Trungelliti,sorted_name,,ok
Pedro Vives Marcos,4051.0,P. Vives Marcos,Pedro Vives Marcos,sorted_name,,ok
Marcus Walters,7014.0,M. Walters,Marcus Walters,sorted_name,,ok
Mariano Navone,949.0,M. Navone,Mariano Navone,sorted_name,,ok
Mariano Tammaro,11979.0,M. Tammaro,Mariano Tammaro,sorted_name,,ok
Tomas Marin,86080.0,T. Marin,Tomas Marin,sorted_name,,ok
Mihai Razvan Marinescu,40066.0,M. R. Marinescu,Razvan Marinescu Mihai,sorted_name,,ok
Pavle Marinkov,38851.0,P. Marinkov,Pavle Marinkov,sorted_name,,ok
Pietro Marino,13087.0,P. Marino,Pietro Marino,sorted_name,,ok
Mario Martinez Serrano,68640.0,S. M. Martinez,Mario Martinez Serrano,sorted_name,,ok
Mark Wallner,33583.0,M. Wallner,Mark Wallner,sorted_name,,ok
Mark Whitehouse,738.0,M. Whitehouse,Mark Whitehouse,sorted_name,,ok
Marko Mesarovic,40064.0,M. Mesarovic,Marko Mesarovic,sorted_name,,ok
Marko Miladinovic,8931.0,M. Miladinovic,Marko Miladinovic,sorted_name,,ok
Marko Nikolic,58549.0,M. Nikolic,Marko Nikolic,sorted_name,,ok
Marko Topo,833.0,M. Topo,Marko Topo,sorted_name,,ok
Viktor Markov,38104.0,V. Markov,Viktor Markov,sorted_name,,ok
Sasa Markovic,38963.0,S. Markovic,Sasa Markovic,sorted_name,,ok
Milan Markovits,61678.0,M. Markovits,Milan Markovits,sorted_name,,ok
Markus Molder,55148.0,M. Molder,Markus Molder,sorted_name,,ok
Marlon Vankan,1265.0,M. Vankan,Marlon Vankan,sorted_name,,ok
Norbert Marosik,64837.0,N. Marosik,Norbert Marosik,sorted_name,,ok
Noah Martens,92835.0,N. Martens,Noah Martens,sorted_name,,ok
Maximilian Marterer,1070.0,M. Marterer,Maximilian Marterer,sorted_name,,ok
Pol Martin Tiffon,1338.0,P. Martin Tiffon,Pol Martin Tiffon,sorted_name,,ok
Martin Sabas,59647.0,M. Sabas,Martin Sabas,sorted_name,,ok
Toby Martin,2517.0,T. Martin,Toby Martin,sorted_name,,ok
Matteo Martineau,1185.0,M. Martineau,Matteo Martineau,sorted_name,,ok
Mikel Martinez,38047.0,M. Martinez,Mikel Martinez,sorted_name,,ok
Mirko Martinez,800.0,M. Martinez,Mirko Martinez,sorted_name,,ok
Pedro Martinez,1775.0,P. Martinez,Pedro Martinez,sorted_name,,ok
Tomas Martinez,58881.0,T. Martinez,Tomas Martinez,sorted_name,,ok
Mateo Martinovic,48921.0,M. Martinovic,Mateo Martinovic,sorted_name,,ok
Martins Rocens,12769.0,M. Rocens,Martins Rocens,sorted_name,,ok
Martyn Pawelski,14023.0,M. Pawelski,Martyn Pawelski,sorted_name,,ok
Marvin Moeller,7349.0,M. Moeller,Marvin Moeller,sorted_name,,ok
Vincent Marysko,54889.0,V. Marysko,Vincent Marysko,sorted_name,,ok
Tomohiro Masabayashi,14348.0,T. Masabayashi,Tomohiro Masabayashi,sorted_name,,ok
Nikita Mashtakov,14638.0,N. Mashtakov,Nikita Mashtakov,sorted_name,,ok
Mason Naumovski,40738.0,M. Naumovski,Mason Naumovski,sorted_name,,ok
Simone Massellani,96534.0,S. Massellani,Simone Massellani,sorted_name,,ok
Matas Vasiliauskas,869.0,M. Vasiliauskas,Matas Vasiliauskas,sorted_name,,ok
Mate Valkusz,563.0,M. Valkusz,Mate Valkusz,sorted_name,,ok
Matei Todoran,54888.0,M. Todoran,Matei Todoran,sorted_name,,ok
Matei Varbanciu,87263.0,M. Varbanciu,Matei Varbanciu,sorted_name,,ok
Mateya Stanisavljevic,70649.0,M. Stanisavljevic,Mateya Stanisavljevic,sorted_name,,ok
Mathieu Scaglia,1278.0,M. Scaglia,Mathieu Scaglia,sorted_name,,ok
Mathys Picard,92463.0,M. Picard,Mathys Picard,sorted_name,,ok
Matias Soto,9035.0,M. Soto,Matias Soto,sorted_name,,ok
Matija Pecotic,2676.0,M. Pecotic,Matija Pecotic,sorted_name,,ok
Mats Rosenkranz,1850.0,M. Rosenkranz,Mats Rosenkranz,sorted_name,,ok
Ryuki Matsuda,793.0,R. Matsuda,Ryuki Matsuda,sorted_name,,ok
Shu Matsuoka,68361.0,S. Matsuoka,Shu Matsuoka,sorted_name,,ok
Matt Ponchet,17612.0,M. Ponchet,Matt Ponchet,sorted_name,,ok
Matteo Mesaglio,74709.0,M. Mesaglio,Matteo Mesaglio,sorted_name,,ok
Matteo Sciahbasi,71811.0,M. Sciahbasi,Matteo Sciahbasi,sorted_name,,ok
Matthew Rankin,10856.0,M. Rankin,Matthew Rankin,sorted_name,,ok
Matthew Segura,8400.0,M. Segura,Matthew Segura,sorted_name,,ok
Matthew Summers,39195.0,M. Summers,Matthew Summers,sorted_name,,ok
Matthew Thomson,69528.0,M. Thomson,Matthew Thomson,sorted_name,,ok
Matthias Ujvary,38072.0,M. Ujvary,Matthias Ujvary,sorted_name,,ok
Mattia Nannelli,76611.0,M. Nannelli,Mattia Nannelli,sorted_name,,ok
Mattias Pisanu,90409.0,M. Pisanu,Mattias Pisanu,sorted_name,,ok
Mattias Southcombe,40169.0,M. Southcombe,Mattias Southcombe,sorted_name,,ok
Max Schoenhaus,56893.0,M. Schoenhaus,Max Schoenhaus,sorted_name,,ok
Max Stenzer,66319.0,M. Stenzer,Max Stenzer,sorted_name,,ok
Max Villar,94122.0,M. Villar,Max Villar,sorted_name,,ok
Max Westphal,9233.0,M. Westphal,Max Westphal,sorted_name,,ok
Max Wiskandt,9110.0,M. Wiskandt,Max Wiskandt,sorted_name,,ok
Maxence Rivet,51078.0,M. Rivet,Maxence Rivet,sorted_name,,ok
Maxim Mrva,38850.0,M. Mrva,Maxim Mrva,sorted_name,,ok
Maxim Shin,37966.0,M. Shin,Maxim Shin,sorted_name,,ok
Maxim Zhukov,2209.0,M. Zhukov,Maxim Zhukov,sorted_name,,ok
Maximilian Neuchrist,897.0,M. Neuchrist,Maximilian Neuchrist,sorted_name,,ok
Maximilian Oezcelik,92110.0,M. Oezcelik,Maximilian Oezcelik,sorted_name,,ok
Maximilian Todorov,11749.0,M. Todorov,Maximilian Todorov,sorted_name,,ok
Maximo Zeitune,66326.0,M. Zeitune,Maximo Zeitune,sorted_name,,ok
Maximus Zavier Wong,49888.0,M. Z. Wong,Zavier Wong Maximus,sorted_name,,ok
Maxwell Mckennon,39941.0,M. McKennon,Maxwell McKennon,sorted_name,,ok
Will Mayew,52053.0,W. Mayew,Will Mayew,sorted_name,,ok
Mwendwa Mbithi,719.0,M. Mbithi,Mwendwa Mbithi,sorted_name,,ok
Tristan McCormick,20665.0,T. McCormick,Tristan McCormick,sorted_name,,ok
Niels McDonald,73846.0,N. McDonald,Niels McDonald,sorted_name,,ok
Michele Mecarelli,78934.0,M. Mecarelli,Michele Mecarelli,sorted_name,,ok
Mees Rottgering,53790.0,M. Rottgering,Mees Rottgering,sorted_name,,ok
Rohan Mehra,38055.0,R. Mehra,Rohan Mehra,sorted_name,,ok
Nicolas Mejia,7641.0,N. Mejia,Nicolas Mejia,sorted_name,,ok
Vladislav Melnic,23349.0,V. Melnic,Vladislav Melnic,sorted_name,,ok
Silvio Mencaglia,74710.0,S. Mencaglia,Silvio Mencaglia,sorted_name,,ok
Rodrigo Pacheco Mendez,8762.0,M. R. Pacheco,Rodrigo Pacheco Mendez,sorted_name,,ok
Tadeo Meneo,63065.0,T. Meneo,Tadeo Meneo,sorted_name,,ok
Stefan Menichella,38251.0,S. Menichella,Stefan Menichella,sorted_name,,ok
thomas Menzel,62137.0,T. Menzel,Thomas Menzel,sorted_name,,ok
Mert Naci Turker,11692.0,M. N. Turker,Naci Turker Mert,sorted_name,,ok
S Mert Ozdemir,13025.0,S. M. Ozdemir,Mert Ozdemir S,sorted_name,,ok
Patrik Meszaros,58191.0,P. Meszaros,Patrik Meszaros,sorted_name,,ok
Michael Mmoh,439.0,M. Mmoh,Michael Mmoh,sorted_name,,ok
Michael Vrbensky,1947.0,M. Vrbensky,Michael Vrbensky,sorted_name,,ok
Michael Zheng,9515.0,M. Zheng,Michael Zheng,sorted_name,,ok
Michael Zhu,7126.0,M. Zhu,Michael Zhu,sorted_name,,ok
Michal Novansky,14022.0,M. Novansky,Michal Novansky,sorted_name,,ok
Radovan Michalik,15597.0,R. Michalik,Radovan Michalik,sorted_name,,ok
Michalis Sakellaridis,17584.0,M. Sakellaridis,Michalis Sakellaridis,sorted_name,,ok
Michele Ribecai,40082.0,M. Ribecai,Michele Ribecai,sorted_name,,ok
Petr Michnev,7495.0,P. Michnev,Petr Michnev,sorted_name,,ok
Przemyslaw Michocki,39001.0,P. Michocki,Przemyslaw Michocki,sorted_name,,ok
Miha Vetrih,38260.0,M. Vetrih,Miha Vetrih,sorted_name,,ok
Radu Mihai Papoe,15768.0,R. M. Papoe,Mihai Papoe Radu,sorted_name,,ok
Mika Petkovic,63396.0,M. Petkovic,Mika Petkovic,sorted_name,,ok
Mikael Ymer,1976.0,M. Ymer,Mikael Ymer,sorted_name,,ok
Mikal Statham,38270.0,M. Statham,Mikal Statham,sorted_name,,ok
Milos Mikovic,54471.0,M. Mikovic,Milos Mikovic,sorted_name,,ok
Nik Mikovic,51377.0,N. Mikovic,Nik Mikovic,sorted_name,,ok
Milan Welte,1264.0,M. Welte,Milan Welte,sorted_name,,ok
Yanaki Milev,13372.0,Y. Milev,Yanaki Milev,sorted_name,,ok
Mili Poljicak,943.0,M. Poljicak,Mili Poljicak,sorted_name,,ok
Ognjen Milic,52882.0,O. Milic,Ognjen Milic,sorted_name,,ok
Miljan Zekic,1978.0,M. Zekic,Miljan Zekic,sorted_name,,ok
Milosz Sroka,69676.0,M. Sroka,Milosz Sroka,sorted_name,,ok
Minghui Zhang,59301.0,M. Zhang,Minghui Zhang,sorted_name,,ok
Zhou Mingzhou,53521.0,Z. Mingzhou,Zhou Mingzhou,sorted_name,,ok
William Mirarchi,81689.0,W. Mirarchi,William Mirarchi,sorted_name,,ok
Mitchell Sheldon,23690.0,M. Sheldon,Mitchell Sheldon,sorted_name,,ok
Shunsuke Mitsui,22253.0,S. Mitsui,Shunsuke Mitsui,sorted_name,,ok
Moein Moazam,74448.0,M. Moazam,Moein Moazam,sorted_name,,ok
Shintaro Mochizuki,1880.0,S. Mochizuki,Shintaro Mochizuki,sorted_name,,ok
Yuki Mochizuki,10334.0,Y. Mochizuki,Yuki Mochizuki,sorted_name,,ok
Sina Moghimi,11153.0,S. Moghimi,Sina Moghimi,sorted_name,,ok
Mohamed Safwat,1320.0,M. Safwat,Mohamed Safwat,sorted_name,,ok
Rudolf Molleker,893.0,R. Molleker,Rudolf Molleker,sorted_name,,ok
Vicente Monge,73447.0,V. Monge,Vicente Monge,sorted_name,,ok
Salvador Monteiro,92115.0,S. Monteiro,Salvador Monteiro,sorted_name,,ok
Thiago Monteiro,1074.0,T. Monteiro,Thiago Monteiro,sorted_name,,ok
Siphosothando Montsi,12708.0,S. Montsi,Siphosothando Montsi,sorted_name,,ok
Oscar Moraing,2211.0,O. Moraing,Oscar Moraing,sorted_name,,ok
William Mroz,61483.0,W. Mroz,William Mroz,sorted_name,,ok
Tao Mu,1272.0,T. Mu,Tao Mu,sorted_name,,ok
Nicaise Muamba,9880.0,N. Muamba,Nicaise Muamba,sorted_name,,ok
Mukund Sasikumar,1200.0,S. K. Mukund,Mukund Sasikumar,sorted_name,,ok
Patrik Munkhammar,67674.0,P. Munkhammar,Patrik Munkhammar,sorted_name,,ok
Rohan Murali,10858.0,R. Murali,Rohan Murali,sorted_name,,ok
Muzammil Murtaza,54465.0,M. Murtaza,Muzammil Murtaza,sorted_name,,ok
Shu Muto,76395.0,S. Muto,Shu Muto,sorted_name,,ok
Sumit Nagal,1077.0,S. Nagal,Sumit Nagal,sorted_name,,ok
Naoki Nakagawa,4136.0,N. Nakagawa,Naoki Nakagawa,sorted_name,,ok
Shunsuke Nakagawa,38295.0,S. Nakagawa,Shunsuke Nakagawa,sorted_name,,ok
Ren Nakamura,646.0,R. Nakamura,Ren Nakamura,sorted_name,,ok
Seiya Nakanishi,37930.0,S. Nakanishi,Seiya Nakanishi,sorted_name,,ok
Yuvan Nandal,66832.0,Y. Nandal,Yuvan Nandal,sorted_name,,ok
Naoki Tajima,2453.0,N. Tajima,Naoki Tajima,sorted_name,,ok
Stefano Napolitano,3915.0,S. Napolitano,Stefano Napolitano,sorted_name,,ok
Natan Rodrigues,15771.0,N. Rodrigues,Natan Rodrigues,sorted_name,,ok
Nathan Ponwith,7181.0,N. Ponwith,Nathan Ponwith,sorted_name,,ok
Nathan Trouve,63159.0,N. Trouve,Nathan Trouve,sorted_name,,ok
Natthayut Nithithananont,64802.0,N. Nithithananont,Natthayut Nithithananont,sorted_name,,ok
Nikolay Nedelchev,17460.0,N. Nedelchev,Nikolay Nedelchev,sorted_name,,ok
Neil Oberleitner,1301.0,N. Oberleitner,Neil Oberleitner,sorted_name,,ok
Rihards Neimanis,84807.0,R. Neimanis,Rihards Neimanis,sorted_name,,ok
Neo Niedner,1276.0,N. Niedner,Neo Niedner,sorted_name,,ok
Petr Nesterov,9220.0,P. Nesterov,Petr Nesterov,sorted_name,,ok
Nicholas Steiglehner,87435.0,N. Steiglehner,Nicholas Steiglehner,sorted_name,,ok
Nicola Rispoli,61070.0,N. Rispoli,Nicola Rispoli,sorted_name,,ok
Nicola Senn,73577.0,N. Senn,Nicola Senn,sorted_name,,ok
Nicolas Oliveira,38849.0,N. Oliveira,Nicolas Oliveira,sorted_name,,ok
Nicolas Parizzia,8917.0,N. Parizzia,Nicolas Parizzia,sorted_name,,ok
Nicolas Philibert,36584.0,N. Philibert,Nicolas Philibert,sorted_name,,ok
Nicolas Robert,82785.0,N. Robert,Nicolas Robert,sorted_name,,ok
Nicolas Tepmahc,12632.0,N. Tepmahc,Nicolas Tepmahc,sorted_name,,ok
Nicolas Villalon,39931.0,N. Villalon,Nicolas Villalon,sorted_name,,ok
Nicolas Zanellato,14273.0,N. Zanellato,Nicolas Zanellato,sorted_name,,ok
Nicolo Toffanin,70351.0,N. Toffanin,Nicolo Toffanin,sorted_name,,ok
Niels Peter Van Noord,79893.0,N. P. Van Noord,Peter Van Noord Niels,sorted_name,,ok
Niels Ratiu,69814.0,N. Ratiu,Niels Ratiu,sorted_name,,ok
Niels Visker,14641.0,N. Visker,Niels Visker,sorted_name,,ok
Niklas Niggemann,89696.0,N. Niggemann,Niklas Niggemann,sorted_name,,ok
Ryan Nijboer,9131.0,R. Nijboer,Ryan Nijboer,sorted_name,,ok
Nikita Volonski,13383.0,N. Volonski,Nikita Volonski,sorted_name,,ok
Patrik Niklas-Salminen,761.0,P. Niklas-Salminen,Patrik Niklas-Salminen,sorted_name,,ok
Niklas Schell,783.0,N. Schell,Niklas Schell,sorted_name,,ok
Niklas Waldner,1298.0,N. Waldner,Niklas Waldner,sorted_name,,ok
Nikola Slavic,19893.0,N. Slavic,Nikola Slavic,sorted_name,,ok
Nikolay Vylegzhanin,12829.0,N. Vylegzhanin,Nikolay Vylegzhanin,sorted_name,,ok
Nino Serdarusic,417.0,N. Serdarusic,Nino Serdarusic,sorted_name,,ok
Yoshihito Nishioka,1972.0,Y. Nishioka,Yoshihito Nishioka,sorted_name,,ok
Noa Vukadin,39930.0,N. Vukadin,Noa Vukadin,sorted_name,,ok
Noah Perfetti,13591.0,N. Perfetti,Noah Perfetti,sorted_name,,ok
Noah Schachter,15166.0,N. Schachter,Noah Schachter,sorted_name,,ok
Noah Schlagenhauf,38025.0,N. Schlagenhauf,Noah Schlagenhauf,sorted_name,,ok
Noah Thurner,25804.0,N. Thurner,Noah Thurner,sorted_name,,ok
Noah Zamora,53791.0,N. Zamora,Noah Zamora,sorted_name,,ok
Rio Noguchi,690.0,R. Noguchi,Rio Noguchi,sorted_name,,ok
Noppadol Noikor,38237.0,N. Noikor,Noppadol Noikor,sorted_name,,ok
William Nolan,9370.0,W. Nolan,William Nolan,sorted_name,,ok
Novak Novakovic,52644.0,N. Novakovic,Novak Novakovic,sorted_name,,ok
Ricard Novell,85184.0,R. Novell,Ricard Novell,sorted_name,,ok
Zangar Nurlanuly,78981.0,Z. Nurlanuly,Zangar Nurlanuly,sorted_name,,ok
Osgar O'Hoisin,715.0,O. O&apos;Hoisin,Osgar O'Hoisin,sorted_name,,ok
Ofek Shimanov,40159.0,. O. Shimanov,Ofek Shimanov,sorted_name,,ok
Sebastian Ofner,359.0,S. Ofner,Sebastian Ofner,sorted_name,,ok
Oliver Ojakaar,52071.0,O. Ojakaar,Oliver Ojakaar,sorted_name,,ok
Yuto Oki,61207.0,Y. Oki,Yuto Oki,sorted_name,,ok
Oliver Okonkwo,40080.0,O. Okonkwo,Oliver Okonkwo,sorted_name,,ok
Olaf Pieczkowski,10838.0,O. Pieczkowski,Olaf Pieczkowski,sorted_name,,ok
Oleg Prihodko,8733.0,O. Prihodko,Oleg Prihodko,sorted_name,,ok
Oleksandr Ovcharenko,815.0,O. Ovcharenko,Oleksandr Ovcharenko,sorted_name,,ok
Yshai Oliel,1195.0,Y. Oliel,Yshai Oliel,sorted_name,,ok
Oliver Tarvet,9368.0,O. Tarvet,Oliver Tarvet,sorted_name,,ok
Sebastian Olivera,65305.0,S. Olivera,Sebastian Olivera,sorted_name,,ok
Renzo Olivo,1081.0,R. Olivo,Renzo Olivo,sorted_name,,ok
Olle Wallin,38131.0,O. Wallin,Olle Wallin,sorted_name,,ok
Reilly Opelka,422.0,R. Opelka,Reilly Opelka,sorted_name,,ok
Oren Vasser,38075.0,O. Vasser,Oren Vasser,sorted_name,,ok
Vladyslav Orlov,932.0,V. Orlov,Vladyslav Orlov,sorted_name,,ok
Oscar Otte,1100.0,O. Otte,Oscar Otte,sorted_name,,ok
Oscar Pinto Sansano,52674.0,O. Pinto Sansano,Oscar Pinto Sansano,sorted_name,,ok
Oscar Weightman,770.0,O. Weightman,Oscar Weightman,sorted_name,,ok
Oskari Paldanius,61173.0,O. Paldanius,Oskari Paldanius,sorted_name,,ok
Otto Virtanen,767.0,O. Virtanen,Otto Virtanen,sorted_name,,ok
Rayane Oumaouche,13251.0,R. Oumaouche,Rayane Oumaouche,sorted_name,,ok
Viacheslav Ovchinnikov,14824.0,V. Ovchinnikov,Viacheslav Ovchinnikov,sorted_name,,ok
Stijn Paardekooper,56578.0,S. Paardekooper,Stijn Paardekooper,sorted_name,,ok
Pablo Trochu,38049.0,P. Trochu,Pablo Trochu,sorted_name,,ok
Xavi Palomar,83913.0,X. Palomar,Xavi Palomar,sorted_name,,ok
Stefan Palosi,9656.0,S. Palosi,Stefan Palosi,sorted_name,,ok
Pietro Pampanin,1294.0,P. Pampanin,Pietro Pampanin,sorted_name,,ok
Weiwen Pan,75604.0,W. Pan,Weiwen Pan,sorted_name,,ok
Yvo Panak,9114.0,Y. Panak,Yvo Panak,sorted_name,,ok
Semen Pankin,54138.0,S. Pankin,Semen Pankin,sorted_name,,ok
Theo Papamalamis,9232.0,T. Papamalamis,Theo Papamalamis,sorted_name,,ok
Tom Paris,13552.0,T. Paris,Tom Paris,sorted_name,,ok
Seungmin Park,55156.0,S. Park,Seungmin Park,sorted_name,,ok
Uisung Park,9952.0,U. Park,Uisung Park,sorted_name,,ok
Stuart Parker,2111.0,S. Parker,Stuart Parker,sorted_name,,ok
Tadeas Paroulek,6751.0,T. Paroulek,Tadeas Paroulek,sorted_name,,ok
Patrick Schoen,38167.0,P. Schoen,Patrick Schoen,sorted_name,,ok
Patrick Zahraj,5791.0,P. Zahraj,Patrick Zahraj,sorted_name,,ok
Patrik Trhac,87998.0,P. Trhac,Patrik Trhac,sorted_name,,ok
Tommy Paul,1894.0,T. Paul,Tommy Paul,sorted_name,,ok
Paul Valsecchi,922.0,P. Valsecchi,Paul Valsecchi,sorted_name,,ok
Paul Woerner,673.0,P. Woerner,Paul Woerner,sorted_name,,ok
Pavel Verbin,13391.0,P. Verbin,Pavel Verbin,sorted_name,,ok
Pavlos Tsitsipas,61071.0,Pa. Tsitsipas,Pavlos Tsitsipas,sorted_name,,ok
Pawit Sornlaksup,38249.0,P. Sornlaksup,Pawit Sornlaksup,sorted_name,,ok
Piotr Pawlak,15432.0,P. Pawlak,Piotr Pawlak,sorted_name,,ok
Pedro Rodenas,17462.0,P. Rodenas,Pedro Rodenas,sorted_name,,ok
Pedro Sakamoto,4741.0,P. Sakamoto,Pedro Sakamoto,sorted_name,,ok
Peetu Pohjola,37920.0,P. Pohjola,Peetu Pohjola,sorted_name,,ok
Stijn Pel,28070.0,S. Pel,Stijn Pel,sorted_name,,ok
Ryan Peniston,1072.0,R. Peniston,Ryan Peniston,sorted_name,,ok
Tiago Pereira,4077.0,T. Pereira,Tiago Pereira,sorted_name,,ok
Roberto Perez Socas,93178.0,s. R. Perez,Roberto Perez Socas,sorted_name,,ok
Raphael Perot,53339.0,R. Perot,Raphael Perot,sorted_name,,ok
Peter Sallay,58180.0,P. Sallay,Peter Sallay,sorted_name,,ok
Petros Tsitsipas,1872.0,P. Tsitsipas,Petros Tsitsipas,sorted_name,,ok
Sergey Petrov,81857.0,S. Petrov,Sergey Petrov,sorted_name,,ok
Philip Sekulic,3316.0,P. Sekulic,Philip Sekulic,sorted_name,,ok
Philippe Renard,71901.0,P. Renard,Philippe Renard,sorted_name,,ok
Phoenix Weir,9376.0,P. Weir,Phoenix Weir,sorted_name,,ok
Photos Photiades,50946.0,P. Photiades,Photos Photiades,sorted_name,,ok
Rocco Piatti,39914.0,R. Piatti,Rocco Piatti,sorted_name,,ok
Rares Teodor Pieleanu,67687.0,R. T. Pieleanu,Teodor Pieleanu Rares,sorted_name,,ok
Samuele Pieri,20697.0,S. Pieri,Samuele Pieri,sorted_name,,ok
Pietro Romeo Scomparin,13196.0,P. R. Scomparin,Romeo Scomparin Pietro,sorted_name,,ok
Pijus Vaitiekunas,19216.0,P. Vaitiekunas,Pijus Vaitiekunas,sorted_name,,ok
Tomas Pinho,15376.0,T. Pinho,Tomas Pinho,sorted_name,,ok
Piotr Siekanowicz,58567.0,P. Siekanowicz,Piotr Siekanowicz,sorted_name,,ok
Zsombor Piros,367.0,Z. Piros,Zsombor Piros,sorted_name,,ok
Savva Polukhin,13695.0,S. Polukhin,Savva Polukhin,sorted_name,,ok
Stefan Popovic,840.0,S. Popovic,Stefan Popovic,sorted_name,,ok
Stevan Popovic,38120.0,S. Popovic,Stevan Popovic,sorted_name,,ok
Vasek Pospisil,2852.0,V. Pospisil,Vasek Pospisil,sorted_name,,ok
Roman Postolka,54468.0,R. Postolka,Roman Postolka,sorted_name,,ok
Sebastian Prechtel,856.0,S. Prechtel,Sebastian Prechtel,sorted_name,,ok
Preston Stearns,9646.0,P. Stearns,Preston Stearns,sorted_name,,ok
Salvador Price,59410.0,S. Price,Salvador Price,sorted_name,,ok
Saba Purtseladze,1202.0,S. Purtseladze,Saba Purtseladze,sorted_name,,ok
Qian Sun,40127.0,Sun Qian,Qian Sun,sorted_name,,ok
Qiulin Wang,3323.0,Q. Wang,Qiulin Wang,sorted_name,,ok
Rudy Quan,39199.0,R. Quan,Rudy Quan,sorted_name,,ok
Quinn Vandecasteele,5778.0,Q. Vandecasteele,Quinn Vandecasteele,sorted_name,,ok
Vuk Radjenovic,38985.0,V. Radjenovic,Vuk Radjenovic,sorted_name,,ok
Tadija Radovanovic,59292.0,T. Radovanovic,Tadija Radovanovic,sorted_name,,ok
Rafael Tosetto,37939.0,R. Tosetto,Rafael Tosetto,sorted_name,,ok
Rafael Ymer,52076.0,R. Ymer,Rafael Ymer,sorted_name,,ok
Yannik Rahman,10839.0,Y. Rahman,Yannik Rahman,sorted_name,,ok
Rajat Shirur,94521.0,R. Shirur,Rajat Shirur,sorted_name,,ok
Ramkumar Ramanathan,381.0,R. Ramanathan,Ramkumar Ramanathan,sorted_name,,ok
Raphael Vaksmann,52677.0,R. Vaksmann,Raphael Vaksmann,sorted_name,,ok
Sidharth Rawat,4469.0,S. Rawat,Sidharth Rawat,sorted_name,,ok
Rishi Reddy,11782.0,R. Reddy,Rishi Reddy,sorted_name,,ok
Reese Stalder,9028.0,R. Stalder,Reese Stalder,sorted_name,,ok
Rei Sakamoto,37897.0,R. Sakamoto,Rei Sakamoto,sorted_name,,ok
Stefano Reitano,951.0,S. Reitano,Stefano Reitano,sorted_name,,ok
William Rejchtman Vinciguerra,59291.0,V. W. Rejchtman,William Rejchtman Vinciguerra,sorted_name,,ok
Tomas Rengel Sierra,40432.0,T. Rengel Sierra,Tomas Rengel Sierra,sorted_name,,ok
Renta Tokuda,5212.0,R. Tokuda,Renta Tokuda,sorted_name,,ok
Simon Reveniau,38027.0,S. Reveniau,Simon Reveniau,sorted_name,,ok
Rodrigo Reyna,82867.0,R. Reyna,Rodrigo Reyna,sorted_name,,ok
Richard Zusman,2490.0,R. Zusman,Richard Zusman,sorted_name,,ok
Rigele Te,663.0,R. Te,Rigele Te,sorted_name,,ok
Riku Takahata,49021.0,R. Takahata,Riku Takahata,sorted_name,,ok
Robert Strombachs,7489.0,R. Strombachs,Robert Strombachs,sorted_name,,ok
Rocco Valente,54709.0,R. Valente,Rocco Valente,sorted_name,,ok
Santiago Rodriguez Taverna,361.0,S. Rodriguez Taverna,Santiago Rodriguez Taverna,sorted_name,,ok
Roland Stuurman,13021.0,R. Stuurman,Roland Stuurman,sorted_name,,ok
Roman Safiullin,1057.0,R. Safiullin,Roman Safiullin,sorted_name,,ok
Valentin Royer,954.0,V. Royer,Valentin Royer,sorted_name,,ok
Tim Ruehl,52051.0,T. Ruehl,Tim Ruehl,sorted_name,,ok
Samuel Vincent Ruggeri,965.0,S. Vincent Ruggeri,Samuel Vincent Ruggeri,sorted_name,,ok
Ruslan Serazhetdinov,72717.0,R. Serazhetdinov,Ruslan Serazhetdinov,sorted_name,,ok
Ruslan Tiukaev,38321.0,R. Tiukaev,Ruslan Tiukaev,sorted_name,,ok
Sam Ryan Ziegann,25015.0,S. Ryan Ziegann,Sam Ryan Ziegann,sorted_name,,ok
Ryan Seggerman,37911.0,R. Seggerman,Ryan Seggerman,sorted_name,,ok
Ryan Torres,88216.0,R. Torres,Ryan Torres,sorted_name,,ok
Savva Rybkin,81398.0,S. Rybkin,Savva Rybkin,sorted_name,,ok
Ryo Tabata,63487.0,R. Tabata,Ryo Tabata,sorted_name,,ok
Ryota Tanuma,8742.0,R. Tanuma,Ryota Tanuma,sorted_name,,ok
Ryotaro Taguchi,38831.0,R. Tagushi,Ryotaro Taguchi,sorted_name,,ok
Tai Sach,885.0,T. Sach,Tai Sach,sorted_name,,ok
Vitaliy Sachko,1899.0,V. Sachko,Vitaliy Sachko,sorted_name,,ok
Toufik Sahtali,804.0,T. Sahtali,Toufik Sahtali,sorted_name,,ok
Stefanos Sakellaridis,742.0,S. Sakellaridis,Stefanos Sakellaridis,sorted_name,,ok
Saki Tange,82198.0,S. Tange,Saki Tange,sorted_name,,ok
Samuel Stolarik,61352.0,S. Stolarik,Samuel Stolarik,sorted_name,,ok
Toby Samuel,15184.0,T. Samuel,Toby Samuel,sorted_name,,ok
Samuele Seghetti,56184.0,S. Seghetti,Samuele Seghetti,sorted_name,,ok
Sanhui Shin,10295.0,S. Shin,Sanhui Shin,sorted_name,,ok
Sarthak Suden,96862.0,S. Suden,Sarthak Suden,sorted_name,,ok
Yoshka Sborowsky,76980.0,Y. Sborowsky,Yoshka Sborowsky,sorted_name,,ok
Tommaso Schold,70912.0,T. Schold,Tommaso Schold,sorted_name,,ok
Tristan Schoolkate,1183.0,T. Schoolkate,Tristan Schoolkate,sorted_name,,ok
Sebastian Sorger,22921.0,S. Sorger,Sebastian Sorger,sorted_name,,ok
Stefan Seifert,5967.0,S. Seifert,Stefan Seifert,sorted_name,,ok
Seita Watanabe,643.0,S. Watanabe,Seita Watanabe,sorted_name,,ok
Ziga Sesko,69093.0,Z. Sesko,Ziga Sesko,sorted_name,,ok
Thomas Setodji,56235.0,T. Setodji,Thomas Setodji,sorted_name,,ok
Thiago Seyboth Wild,1086.0,T. Seyboth Wild,Thiago Seyboth Wild,sorted_name,,ok
Sheng Tang,38093.0,S. Tang,Sheng Tang,sorted_name,,ok
Sho Shimabukuro,9608.0,S. Shimabukuro,Sho Shimabukuro,sorted_name,,ok
Yuta Shimizu,2100.0,Y. Shimizu,Yuta Shimizu,sorted_name,,ok
Woobin Shin,10857.0,W. Shin,Woobin Shin,sorted_name,,ok
Shixun Zhu,87026.0,S. ZHU,Shixun Zhu,sorted_name,,ok
Yaraslav Shyla,5877.0,Y. Shyla,Yaraslav Shyla,sorted_name,,ok
Tom Sickenberger,55486.0,T. Sickenberger,Tom Sickenberger,sorted_name,,ok
Siddharth Vishwakarma,9957.0,S. Vishwakarma,Siddharth Vishwakarma,sorted_name,,ok
Tiago Silva,12970.0,T. Silva,Tiago Silva,sorted_name,,ok
Sungbeen Sim,73127.0,S. Sim,Sungbeen Sim,sorted_name,,ok
Simeon Stankovic,69974.0,S. Stankovic,Simeon Stankovic,sorted_name,,ok
Timofey Skatov,362.0,T. Skatov,Timofey Skatov,sorted_name,,ok
Stephen Slocombe,86752.0,S. Slocombe,Stephen Slocombe,sorted_name,,ok
Stijn Slump,38041.0,S. Slump,Stijn Slump,sorted_name,,ok
Yassine Smiej,54521.0,Y. Smiej,Yassine Smiej,sorted_name,,ok
Tobias Sonne,15200.0,T. Sonne,Tobias Sonne,sorted_name,,ok
Stan Wawrinka,2168.0,S. Wawrinka,Stan Wawrinka,sorted_name,,ok
Stefan Storch,74752.0,S. Storch,Stefan Storch,sorted_name,,ok
Stefan Vujic,12706.0,S. Vujic,Stefan Vujic,sorted_name,,ok
Stefano Travaglia,2672.0,S. Travaglia,Stefano Travaglia,sorted_name,,ok
Stefanos Tsitsipas,1906.0,S. Tsitsipas,Stefanos Tsitsipas,sorted_name,,ok
Timofey Stepanov,38062.0,T. Stepanov,Timofey Stepanov,sorted_name,,ok
Zach Stephens,28598.0,Z. Stephens,Zach Stephens,sorted_name,,ok
Zane Stevens,63411.0,Z. Stevens,Zane Stevens,sorted_name,,ok
Tyler Stice,54312.0,T. Stice,Tyler Stice,sorted_name,,ok
Tristan Stringer,69941.0,T. Stringer,Tristan Stringer,sorted_name,,ok
Yusaku Sugaya,61988.0,Y. Sugaya,Yusaku Sugaya,sorted_name,,ok
Thantub Suksumrarn,25740.0,T. Suksumrarn,Thantub Suksumrarn,sorted_name,,ok
Zhengyu Sun,8667.0,Z. Sun,Zhengyu Sun,sorted_name,,ok
Trevor Svajda,52663.0,T. Svajda,Trevor Svajda,sorted_name,,ok
Zachary Svajda,2986.0,Z. Svajda,Zachary Svajda,sorted_name,,ok
Sydney Zick,73132.0,S. Zick,Sydney Zick,sorted_name,,ok
Vladan Tadic,831.0,V. Tadic,Vladan Tadic,sorted_name,,ok
Taiyo Yamanaka,13371.0,T. Yamanaka,Taiyo Yamanaka,sorted_name,,ok
Yua Taka,52574.0,Y. Taka,Yua Taka,sorted_name,,ok
Yusuke Takahashi,2508.0,Y. Takahashi,Yusuke Takahashi,sorted_name,,ok
Taketo Takamisawa,18731.0,T. Takamisawa,Taketo Takamisawa,sorted_name,,ok
Takeru Yuzuki,26927.0,Y. Takeru,Takeru Yuzuki,sorted_name,,ok
Yu Tanaka,9521.0,Y. Tanaka,Yu Tanaka,sorted_name,,ok
Vullnet Tashi,84746.0,V. Tashi,Vullnet Tashi,sorted_name,,ok
Wally Thayne,15303.0,W. Thayne,Wally Thayne,sorted_name,,ok
Tiago Torres,14435.0,T. Torres,Tiago Torres,sorted_name,,ok
Tianhui Zhang,54172.0,T. Zhang,Tianhui Zhang,sorted_name,,ok
Timeo Trufelli,61033.0,T. Trufelli,Timeo Trufelli,sorted_name,,ok
Zura Tkemaladze,702.0,Z. Tkemaladze,Zura Tkemaladze,sorted_name,,ok
Tom Zeuch,82368.0,T. Zeuch,Tom Zeuch,sorted_name,,ok
Tomas Zurmendi,92938.0,T. Zurmendi,Tomas Zurmendi,sorted_name,,ok
Yuta Tomida,63403.0,Y. Tomida,Yuta Tomida,sorted_name,,ok
Vito Tonejc,38166.0,V. Tonejc,Vito Tonejc,sorted_name,,ok
Wishaya Trongcharoenchaikul,5527.0,W. Trongcharoenchaikul,Wishaya Trongcharoenchaikul,sorted_name,,ok
Venedikt Tsirikidze,37420.0,V. Tsirikidze,Venedikt Tsirikidze,sorted_name,,ok
Twan Van Zijl,54736.0,T. Van Zijl,Twan Van Zijl,sorted_name,,ok
Tyler Zink,2214.0,T. Zink,Tyler Zink,sorted_name,,ok
Yasutaka Uchiyama,884.0,Y. Uchiyama,Yasutaka Uchiyama,sorted_name,,ok
Vaal Urankar,88821.0,V. Urankar,Vaal Urankar,sorted_name,,ok
Vadym Ursu,7269.0,V. Ursu,Vadym Ursu,sorted_name,,ok
Valentin Vacherot,1852.0,V. Vacherot,Valentin Vacherot,sorted_name,,ok
Valentin Vanta,15769.0,V. Vanta,Valentin Vanta,sorted_name,,ok
Vishnu Vardhan,4686.0,V. Vardhan,Vishnu Vardhan,sorted_name,,ok
Zsombor Velcz,13018.0,Z. Velcz,Zsombor Velcz,sorted_name,,ok
Vitaliy Zatsepin,55900.0,V. Zatsepin,Vitaliy Zatsepin,sorted_name,,ok
Xiaofei Wang,789.0,X. Wang,Xiaofei Wang,sorted_name,,ok
Yosuke Watanuki,1097.0,Y. Watanuki,Yosuke Watanuki,sorted_name,,ok
Weitao Xu,53520.0,W. Xu,Weitao Xu,sorted_name,,ok
William Zhang,89602.0,W. Zhang,William Zhang,sorted_name,,ok
Yibing Wu,1849.0,Y. Wu,Yibing Wu,sorted_name,,ok
Xiaoyin Yang,56741.0,X. Yang,Xiaoyin Yang,sorted_name,,ok
Yash Yadav,56054.0,Y. Yadav,Yash Yadav,sorted_name,,ok
Yamato Yukawa,65683.0,Y. Yukawa,Yamato Yukawa,sorted_name,,ok
Yaojie Zeng,14021.0,Y. Zeng,Yaojie Zeng,sorted_name,,ok
Yi Zhou,39862.0,Y. Zhou,Yi Zhou,sorted_name,,ok
Yusuke Yoshikawa,73957.0,Y. Yoshikawa,Yusuke Yoshikawa,sorted_name,,ok
Zhan Zheng,50071.0,Z. Zheng,Zhan Zheng,sorted_name,,ok
Zhizhen Zhang,590.0,Z. Zhang,Zhizhen Zhang,sorted_name,,ok
Zhao Zhao,12909.0,Z. Zhao,Zhao Zhao,sorted_name,,ok
Adria Velazquez Farre,96720.0,F. A. VELAZQUEZ,,fuzzy_score,0.5,
Alejandro Hoyos,67455.0,A. Hayen,Alejandro Hayen,fuzzy_score,0.524,
Alexandru Jecan,,,,,,
Andrej Martin,1056.0,A. Martin,Andres Martin,fuzzy_score,0.75,
Brandon Perez,,,,,,
Carson Baker,61721.0,C. Baker,,fuzzy_score,0.5,
Abdullah Shelbayh,9219.0,A. Shelbayh,Abedallah Shelbayh,fuzzy_score,0.609,checked
Alejandro Mateo Berge Nourescu,67560.0,A. M. Berge N.,Alejandro Berge,fuzzy_score,0.516,checked
Alex Chang,16432.0,A. Chang,Alexander Chang,fuzzy_score,0.588,checked
Ammar Alhogbani,31252.0,A. F. Alhogbani,Faleh Alhogbani Anmar,fuzzy_score,0.5,checked
Chanyeong Oh,53004.0,Chan-Yeong. Oh,Chan-Yeong Oh,fuzzy_score,0.688,checked
Andre Souza,96147.0,A. de Camargo Silva,Andre Souza Pinto de Camargo e Silva,manual,,manual
Alexander Rozin,55609.0,S. Rozin,Sasha Rozin,manual,0.478,manual
Benjamin Torres,10322.0,B. I. Torres Fernandez,Ignacio Torres Fernandez Benjamin,manual,0.667,manual
Daniel Sancho,,,,,,
Danielle Abadia,87727.0,D. Abadia,,fuzzy_score,0.471,
Diego Munoz,63482.0,D. Navia,Eduardo Munoz Navia Diego,fuzzy_score,0.462,
Etienne Teboh,,,,,,
Felipe Assuncao Garla,,,,,,
Felix Raser,95944.0,F. Raser,,fuzzy_score,0.538,
Franco Marini,35839.0,F. Marini,,fuzzy_score,0.533,
Hamidreza Nadaf,,,,,,
Chun Ming Gary Yam,76345.0,C. Yam,Chun-Ming Yam,fuzzy_score,0.737,checked
Coleman Wong,2227.0,C. Wong,Coleman Wong Chak Lam,fuzzy_score,0.619,checked
Daniel Merida,978.0,D. Merida Aguilar,Daniel Merida Aguilar,fuzzy_score,0.636,checked
Denis Spiridon,25278.0,D. C. Spiridon,Constantin Spiridon Denis,fuzzy_score,0.577,checked
Guto Miguel,67442.0,L. A. Miguel,Augusto Miguel Luis,manual,,manual
Inigo Cervantes,,,,,,
Ivan Perez Martin,50820.0,I. Perez,Ivan Perez,fuzzy_score,0.611,
Joao Silva,69090.0,J. D. Silva,Dinis Silva Joao,fuzzy_score,0.647,
Joaquim de Almeida,,,,,,
Johan Tatlot,,,,,,
Kazuki Sugimoto,,,,,,
Kiruthik Kalyaan Annur Senthil Kumar,,,,,,
Lance Lage,,,,,,
Mak Mikovic,54471.0,M. Mikovic,Milos Mikovic,fuzzy_score,0.533,
Ilan Zheng-Xiong Hediger,89693.0,I. Hediger,Ilan Hediger,fuzzy_score,0.542,checked
Imran Daniel Abd Hazli,87958.0,I. D. Abd Hazli,,fuzzy_score,0.48,checked
Jack Patrick Mcgary,89409.0,J. McGary,Jack McGary,fuzzy_score,0.632,checked
Jerry Roddick,35095.0,J. Roddick,,fuzzy_score,0.6,checked
Jin Peng Tang,27725.0,J. Tang,Jinpeng Tang,fuzzy_score,0.667,checked
JiSung Nam,4102.0,S. Nam Ji,Sung Nam Ji,fuzzy_score,0.643,checked
Junhyeon Lee,38308.0,J. Lee,Junhyun Lee,fuzzy_score,0.563,checked
J.J. Wolf,2853.0,J. Wolf,John Wolf Jeffrey,manual,,manual
Jay Friend,69562.0,J. D. Hara Friend,Dylan Hara Friend Jay,fuzzy_score,0.5,checked
Julian Alonso Jr,16320.0,J. Alonso,Julian Alonso Vivanco,fuzzy_score,0.583,checked
JJ Tracy,23563.0,J. Tracy,James Tracy,fuzzy_score,0.5,checked
Manuel Sanchez,30723.0,R. Sanchez,,fuzzy_score,0.471,
Matthew Romios,,,,,,
Max Sheldon,23690.0,M. Sheldon,Mitchell Sheldon,fuzzy_score,0.474,
Miguel Garcia Gonzalez,799.0,M. Garcia,Miguel Garcia,fuzzy_score,0.636,
Minjong Park,,,,,,
Nicolas Jara-Lozano,400.0,N. Jarry,Nicolas Jarry,fuzzy_score,0.478,
Paul Ender,,,,,,
Murkel Dellien,7334.0,M. A. Dellien Velasco,Alejandro Dellien Velasco Murkel,fuzzy_score,0.455,checked
Roberto Chacon,,,,,,
Rubin Statham,,,,,,
Sam Wensley,,,,,,
Sebastian Dominguez,2221.0,S. Dominko,Sebastian Dominko,fuzzy_score,0.652,
Seongchan Hong,38288.0,Han Seon Yong,Yong Han Seon,fuzzy_score,0.474,
Steve Johnson,,,,,,
Suk Hyun Choo,,,,,,
Teymuraz Gabashvili,,,,,,
Vicente Menezes Freda,,,,,,
Zhe Li,,,,,,
Aayush P. Bhat,38562.0,A. P. Bhat,P Bhat Aayush,fuzzy_score,1.0,checked
Adrian Boitan,9132.0,G. A. Boitan,Adrian Boitan Gabi,fuzzy_score,0.722,checked
Agustín Salazar Salazar,77147.0,A. S. Salazar,Agustin Salazar,fuzzy_score,1.0,checked
Alan Raul Sau Franco,37980.0,A. Sau Franco,Alan Sau Franco,fuzzy_score,0.762,checked
Alexander Binda,13409.0,A. Binda,Alexandr Binda,fuzzy_score,0.722,checked
Alexander Ikenna Okonkwo,86746.0,A. Okonkwo,Alexander Okonkwo,fuzzy_score,0.72,checked
Alexandr Cozbinov,3713.0,A. Cozbinov,Alexander Cozbinov,fuzzy_score,0.762,checked
Arnav Vijay Paparkar,64476.0,A. Paparkar,Arnav Paparkar,fuzzy_score,0.714,checked
Diego Ortiz Gamonsl,59295.0,D. Ortiz Gamonal,Diego Ortiz Gamonal,fuzzy_score,0.739,checked
Ryotero Matsumura,14236.0,R. Matsumura,Ryotaro Matsumura,fuzzy_score,0.714,checked
Seonyong Han,38288.0,Han Seon Yong,Yong Han Seon,fuzzy_score,0.688,checked
Ye Cong Mo,37952.0,Y. C. Mo,Yecong Mo,fuzzy_score,0.615,checked
Seongwoo Cho,83534.0,Cho Seung Woo,Woo Cho Seung,manual,,manual
Ricardo Rodriguez - Pace,3702.0,R. Rodriguez,Ricardo Rodriguez,fuzzy_score,0.773,checked
Tomas Serrano Luis,15442.0,T. Luis,Tomas Luis,fuzzy_score,0.579,checked
Ian Luca Cervantes Tomas,970.0,L. Cervantes Tomas,Luca Cervantes Tomas,fuzzy_score,0.84,checked
James Trotter,9193.0,J. K. Trotter,Kent Trotter James,fuzzy_score,0.737,checked
Joel Schwaerzler,32558.0,J. J. Schwarzler,Josef Schwaerzler Joel,fuzzy_score,0.81,checked
Juan Carlos Aguilar,8133.0,C. M. Aguilar J.,Manuel Aguilar Juan Carlos,fuzzy_score,0.741,checked
Juan Carlos Fuentes Vasquez,63925.0,J. Fuentes Vasquez,Juan Fuentes Vasquez,fuzzy_score,0.75,checked
Lachlan James Mcfadzean,90045.0,L. McFadzean,Lachlan McFadzean,fuzzy_score,0.739,checked
Luis Carlos Alvarez,10514.0,L. C. Alvarez Valdes,Carlos Alvarez Valdes Luis,fuzzy_score,0.741,checked
Thomas Fancutt,1857.0,T. J. Fancutt,John Fancutt Thomas,fuzzy_score,0.75,checked
Vincent Jakob Reisach,95540.0,V. Reisach,Vincent Reisach,fuzzy_score,0.727,checked
Volodoymyr Uzhylovskyi,704.0,V. Uzhylovskyi,Volodymyr Uzhylovskyi,fuzzy_score,0.8,checked
Duckhee Lee,4567.0,D. H. Lee,Hee Lee Duck,fuzzy_score,0.643,checked
Emiliano Aguilera,9611.0,E. Aguilera Guerrero,Emiliano Aguilera Guerrero,fuzzy_score,0.667,checked
Enzo Kohlmann De Freitas,63483.0,E. Kohlmann,Enzo Kohlmann,fuzzy_score,0.56,checked
Felipe Virgili,38549.0,F. Virgili Berini,Felipe Virgili Berini,fuzzy_score,0.682,checked
Gabriel Tumasonis,10320.0,G. P. Tumasonis,Pascotto Tumasonis Gabriel,fuzzy_score,0.667,checked
Guelfo Borghini Baldovinetti,51967.0,G. Baldovinetti,Guelfo Baldovinetti,fuzzy_score,0.714,checked
Guillermo Olaso,87728.0,G. Olaso,Guillermo Olaso-De La Rica,fuzzy_score,0.593,checked
Ignacio Parisca Romera,52679.0,I. Parisca,Ignacio Parisca,fuzzy_score,0.696,checked
Ignasi Forcano Aparicio,61816.0,I. Forcano,Ignasi Forcano,fuzzy_score,0.625,checked
Lucky Candra Kurniawan,33304.0,L. Kurniawan,Lucky Kurniawan,fuzzy_score,0.696,checked
M Rifki Fitriadi,14460.0,F. M Rifqi,Muhamad Rifqi Fitriadi,fuzzy_score,0.481,checked
Marcelo Zormann,3677.0,M. Zormann Da Silva,Marcelo Zormann Da Silva,fuzzy_score,0.64,checked
Marko Milosavljevic,15188.0,M. Milosavljevic,,fuzzy_score,0.7,checked
Marvin Bernardo Spiering,73093.0,M. Spiering,Marvin Spiering,fuzzy_score,0.64,checked
Matt Hulme,37943.0,M. Hulme,Matthew Hulme,fuzzy_score,0.667,checked
Matthew William Donald,1322.0,M. Donald,Matthew Donald,fuzzy_score,0.652,checked
Michael Alejandro Beltran Rubio,15230.0,M. Beltran Rubio,Michael Beltran Rubio,fuzzy_score,0.688,checked
Miguel Tobon,34386.0,M. Tobon,,fuzzy_score,0.5,checked
Mohamed Nazim Makhlouf,8655.0,N. Makhlouf,Nazim Makhlouf,fuzzy_score,0.682,checked
Nikita Samuel Filin,58209.0,N. Filin,Nikita Filin,fuzzy_score,0.65,checked
Nikolas Stoot,92862.0,D. N. Stoot,Nikolas Stoot Donald,fuzzy_score,0.667,checked
Pablo Robledo,86079.0,H. P. Robledo,Pablo Robledo Hoyos,fuzzy_score,0.7,checked
Patricio Betancourt Gonzalez,77490.0,P. Betancourt,Patricio Betancourt,fuzzy_score,0.69,checked
Pietro Fellin,8649.0,P. O. Fellin,Orlando Fellin Pietro,fuzzy_score,0.636,checked
Younes Lalami,38043.0,Y. Lalami Laaroussi,Younes Lalami Laaroussi,fuzzy_score,0.636,checked
Yun seong Chung,2925.0,Y. Chung,Yunseong Chung,fuzzy_score,0.706,checked
Zack Viiala,10218.0,Z. Viiala,Zachary Viiala,fuzzy_score,0.588,checked
Aaron Cohen,12622.0,A. Cohen,Aaron Cohen,sorted_name,,ok
Adam Neff,8888.0,A. Neff,Adam Neff,sorted_name,,ok
Harrison Adams,3705.0,H. Adams,Harrison Adams,sorted_name,,ok
Adrian Bodmer,2016.0,A. Bodmer,Adrian Bodmer,sorted_name,,ok
Adriano Dzhenev,38848.0,A. Dzhenev,Adriano Dzhenev,sorted_name,,ok
Vishwa Aduru,63735.0,V. Aduru,Vishwa Aduru,sorted_name,,ok
Afonso Portugal,67086.0,A. Portugal,Afonso Portugal,sorted_name,,ok
Arslanbek Aitkulov,18417.0,A. Aitkulov,Arslanbek Aitkulov,sorted_name,,ok
Cengiz Aksu,11691.0,C. Aksu,Cengiz Aksu,sorted_name,,ok
Alan Kam,70290.0,A. Kam,Alan Kam,sorted_name,,ok
Alberto Colas Sanchez,4256.0,Al. Colas Sanchez,Alberto Colas Sanchez,sorted_name,,ok
Aleksandar Ljubojevic,68314.0,A. Ljubojevic,Aleksandar Ljubojevic,sorted_name,,ok
Aleksandre Metreveli,11179.0,A. Metreveli,Aleksandre Metreveli,sorted_name,,ok
Aleksei Mokrov,51634.0,A. Mokrov,Aleksei Mokrov,sorted_name,,ok
Alessandro Cortegiani,40056.0,A. Cortegiani,Alessandro Cortegiani,sorted_name,,ok
Alessandro Giannessi,365.0,A. Giannessi,Alessandro Giannessi,sorted_name,,ok
Alessandro Ingarao,8770.0,A. Ingarao,Alessandro Ingarao,sorted_name,,ok
Alexandros Skorilas,735.0,A. Skorilas,Alexandros Skorilas,sorted_name,,ok
Alexey Nesterov,40044.0,A. Nesterov,Alexey Nesterov,sorted_name,,ok
Miguel Angel Alonso,67461.0,M. A. Alonso,Angel Alonso Miguel,sorted_name,,ok
Altug Celikbilek,383.0,A. Celikbilek,Altug Celikbilek,sorted_name,,ok
Aman Sharma,38036.0,A. Sharma,Aman Sharma,sorted_name,,ok
Amir Hossein Badi,11168.0,A. H. Badi,Hossein Badi Amir,sorted_name,,ok
Pol Amoros Ramos,12758.0,P. Amoros Ramos,Pol Amoros Ramos,sorted_name,,ok
Muni Ananth Mani,72442.0,M. Ananth Mani,Muni Ananth Mani,sorted_name,,ok
Andrea Bolla,8678.0,A. Bolla,Andrea Bolla,sorted_name,,ok
Jaimee Floyd Angele,5065.0,J. F. Angele,Floyd Angele Jaimee,sorted_name,,ok
Simon Anthony Ivanov,1271.0,S. A. Ivanov,Anthony Ivanov Simon,sorted_name,,ok
Antoine Bellier,1198.0,A. Bellier,Antoine Bellier,sorted_name,,ok
Antonio Massara,4746.0,A. Massara,Antonio Massara,sorted_name,,ok
Arjun Kadhe,1203.0,A. Kadhe,Arjun Kadhe,sorted_name,,ok
Artem Dubrivnyy,8654.0,A. Dubrivnyy,Artem Dubrivnyy,sorted_name,,ok
Aurel Ciocanu,38816.0,A. Ciocanu,Aurel Ciocanu,sorted_name,,ok
Mehluli Don Ayanda Sibanda,14463.0,D. A. Sibanda M.,Ayanda Sibanda Mehluli Don,sorted_name,,ok
Aydan Gomez Osorio,53944.0,A. Gomez Osorio,Aydan Gomez Osorio,sorted_name,,ok
Razvan Baiant,10084.0,R. Baiant,Razvan Baiant,sorted_name,,ok
Stefano Baldoni,8764.0,S. Baldoni,Stefano Baldoni,sorted_name,,ok
Filip Gabriel Bara,26475.0,F. G. Bara,Gabriel Bara Filip,sorted_name,,ok
Dusan Baranec,71855.0,D. Baranec,Dusan Baranec,sorted_name,,ok
Marcos Lee Chan Baratau,56169.0,M. L. Chan B.,Lee Chan Baratau Marcos,sorted_name,,ok
Bartosz Wojnar,6903.0,B. Wojnar,Bartosz Wojnar,sorted_name,,ok
Ben Weintraub,23378.0,B. Weintraub,Ben Weintraub,sorted_name,,ok
Benedikt Henning,1945.0,B. Henning,Benedikt Henning,sorted_name,,ok
Martin Benes,72067.0,M. Benes,Martin Benes,sorted_name,,ok
Benito Massacri,49881.0,B. Massacri,Benito Massacri,sorted_name,,ok
Benjamin Lock,807.0,B. Lock,Benjamin Lock,sorted_name,,ok
Igor Mandou Berranger,69678.0,I. Mandou Berranger,Igor Mandou Berranger,sorted_name,,ok
Shivank Bhatnagar,38193.0,S. Bhatnagar,Shivank Bhatnagar,sorted_name,,ok
Meecah Bigun,37900.0,M. Bigun,Meecah Bigun,sorted_name,,ok
Blaz Rola,2678.0,B. Rola,Blaz Rola,sorted_name,,ok
Luca Bluett,55147.0,L. Bluett,Luca Bluett,sorted_name,,ok
Bohua Dong,38947.0,B. Dong,Bohua Dong,sorted_name,,ok
Riccardo Bonadio,1747.0,R. Bonadio,Riccardo Bonadio,sorted_name,,ok
Boris Pokotilov,10220.0,B. Pokotilov,Boris Pokotilov,sorted_name,,ok
Santiago Bramajo,14274.0,S. Bramajo,Santiago Bramajo,sorted_name,,ok
Mats Bredschneijder,60138.0,M. Bredschneijder,Mats Bredschneijder,sorted_name,,ok
Jerko Brkic,50678.0,J. Brkic,Jerko Brkic,sorted_name,,ok
Stiles Brockett,70740.0,S. Brockett,Stiles Brockett,sorted_name,,ok
Thomas Brown,39105.0,T. Brown,Thomas Brown,sorted_name,,ok
Tauheed Browning,12949.0,T. Browning,Tauheed Browning,sorted_name,,ok
Connor Bruce,54467.0,C. Bruce,Connor Bruce,sorted_name,,ok
Bruno Nhavene,11213.0,B. Nhavene,Bruno Nhavene,sorted_name,,ok
Jacob Bullard,8221.0,J. Bullard,Jacob Bullard,sorted_name,,ok
Jaime Caldes,6436.0,J. Caldes,Jaime Caldes,sorted_name,,ok
Calin Manda,13023.0,C. Manda,Calin Manda,sorted_name,,ok
Carlos Divar,53751.0,C. Divar,Carlos Divar,sorted_name,,ok
Lucio Carnevalle,13818.0,L. Carnevalle,Lucio Carnevalle,sorted_name,,ok
Salvatore Caruso,399.0,S. Caruso,Salvatore Caruso,sorted_name,,ok
Luis Felipe Ferraz Sandoval Carvalho,24993.0,L. F. Ferraz S. C.,Felipe Ferraz Sandoval Carvalho Luis,sorted_name,,ok
Casey Hoole,15311.0,C. Hoole,Casey Hoole,sorted_name,,ok
Cash Hanzlik,11006.0,C. Hanzlik,Cash Hanzlik,sorted_name,,ok
Luke Casper,75990.0,L. Casper,Luke Casper,sorted_name,,ok
Lucas Catarina,952.0,L. Catarina,Lucas Catarina,sorted_name,,ok
Cesar Ramirez,37859.0,C. Ramirez,Cesar Ramirez,sorted_name,,ok
Chad Kissell,13288.0,C. Kissell,Chad Kissell,sorted_name,,ok
Changli Zhang,54717.0,C. Zhang,Changli Zhang,sorted_name,,ok
Yash Chaurasia,37993.0,Y. Chaurasia,Yash Chaurasia,sorted_name,,ok
Jean-Christian Morandais,38931.0,J. Morandais,Jean-Christian Morandais,sorted_name,,ok
Christian Lerby,38281.0,C. Lerby,Christian Lerby,sorted_name,,ok
Hong Chung,4117.0,H. Chung,Hong Chung,sorted_name,,ok
Lorenzo Claverie,1856.0,L. Claverie,Lorenzo Claverie,sorted_name,,ok
Nicolas Colne,58914.0,N. Colne,Nicolas Colne,sorted_name,,ok
Marius Copil,375.0,M. Copil,Marius Copil,sorted_name,,ok
Francesco Cordova,77161.0,F. Cordova,Francesco Cordova,sorted_name,,ok
Corey Gaal,15288.0,C. Gaal,Corey Gaal,sorted_name,,ok
Daniel Cox,2240.0,D. Cox,Daniel Cox,sorted_name,,ok
Rodrigo Crespo Piedra,53849.0,R. Crespo Piedra,Rodrigo Crespo Piedra,sorted_name,,ok
Daniel Marincas,59243.0,D. Marincas,Daniel Marincas,sorted_name,,ok
Daniel Vishnick,15193.0,D. Vishnick,Daniel Vishnick,sorted_name,,ok
Dario Huber,56220.0,D. Huber,Dario Huber,sorted_name,,ok
Eric David Verdes,38912.0,E. D. Verdes,David Verdes Eric,sorted_name,,ok
David Perez Sanz,4722.0,D. Perez Sanz,David Perez Sanz,sorted_name,,ok
David Saye,39065.0,D. Saye,David Saye,sorted_name,,ok
Dayne Kelly,6294.0,D. Kelly,Dayne Kelly,sorted_name,,ok
Gabriel Decamps,572.0,G. Decamps,Gabriel Decamps,sorted_name,,ok
Guy Den Heijer,8734.0,G. Den Heijer,Guy Den Heijer,sorted_name,,ok
Denis Kudla,2919.0,D. Kudla,Denis Kudla,sorted_name,,ok
Dhruv Hirpara,62332.0,D. Hirpara,Dhruv Hirpara,sorted_name,,ok
Dominic Thiem,1769.0,D. Thiem,Dominic Thiem,sorted_name,,ok
Dominic West,73576.0,D. West,Dominic West,sorted_name,,ok
Gabriel Donev,733.0,G. Donev,Gabriel Donev,sorted_name,,ok
Evgeny Donskoy,1071.0,E. Donskoy,Evgeny Donskoy,sorted_name,,ok
Karol Drzewiecki,9661.0,K. Drzewiecki,Karol Drzewiecki,sorted_name,,ok
Marin Dumitru,36798.0,M. Dumitru,Marin Dumitru,sorted_name,,ok
Dylan Salton,1233.0,D. Salton,Dylan Salton,sorted_name,,ok
Edan Leshem,635.0,E. Leshem,Edan Leshem,sorted_name,,ok
Edoardo Lavagno,1864.0,E. Lavagno,Edoardo Lavagno,sorted_name,,ok
Edoardo Santoni,77463.0,E. Santoni,Edoardo Santoni,sorted_name,,ok
Eduardo Lima,31718.0,E. Lima,Eduardo Lima,sorted_name,,ok
Elijah Poritzky,14026.0,E. Poritzky,Elijah Poritzky,sorted_name,,ok
Elio Jose Ribeiro Lago,2464.0,E. Ribeiro Lago,Jose Ribeiro Lago Elio,sorted_name,,ok
Ron Ellouck,23380.0,R. Ellouck,Ron Ellouck,sorted_name,,ok
Emilio Gomez,1061.0,E. Gomez,Emilio Gomez,sorted_name,,ok
Evan King,6766.0,E. King,Evan King,sorted_name,,ok
Eyal Shumilov,54681.0,E. Shumilov,Eyal Shumilov,sorted_name,,ok
Fabio Nestola,68362.0,F. Nestola,Fabio Nestola,sorted_name,,ok
Federico Gaio,1734.0,F. Gaio,Federico Gaio,sorted_name,,ok
Janos Fekete,14203.0,J. Fekete,Janos Fekete,sorted_name,,ok
Felipe Pagnacco,58504.0,F. Pagnacco,Felipe Pagnacco,sorted_name,,ok
Fernando Romboli,4709.0,F. Romboli,Fernando Romboli,sorted_name,,ok
Filip Krajinovic,2166.0,F. Krajinovic,Filip Krajinovic,sorted_name,,ok
Quentin Folliot,1268.0,Q. Folliot,Quentin Folliot,sorted_name,,ok
Tobias Franco,9603.0,T. Franco,Tobias Franco,sorted_name,,ok
Fred Simonsson,7147.0,F. Simonsson,Fred Simonsson,sorted_name,,ok
Juan Martin Fumeaux,10356.0,J. M. Fumeaux,Martin Fumeaux Juan,sorted_name,,ok
Noah Gabriel,39825.0,N. Gabriel,Noah Gabriel,sorted_name,,ok
Gabrielius Guzauskas,15283.0,G. Guzauskas,Gabrielius Guzauskas,sorted_name,,ok
Timeo Gaillard,70146.0,T. Gaillard,Timeo Gaillard,sorted_name,,ok
Oscar Galimardanov,21130.0,O. Galimardanov,Oscar Galimardanov,sorted_name,,ok
Manish Ganesh,40362.0,M. Ganesh,Manish Ganesh,sorted_name,,ok
George Houghton,7008.0,G. Houghton,George Houghton,sorted_name,,ok
Gerald Melzer,3383.0,G. Melzer,Gerald Melzer,sorted_name,,ok
Gerardo Lopez Villasenor,8761.0,G. Lopez Villasenor,Gerardo Lopez Villasenor,sorted_name,,ok
Tomas Gerini,9468.0,T. Gerini,Tomas Gerini,sorted_name,,ok
Luca Giacomini,8271.0,L. Giacomini,Luca Giacomini,sorted_name,,ok
Gian Marco Moroni,413.0,M. Moroni,Marco Moroni Gian,sorted_name,,ok
Joshua Goodger,8890.0,J. Goodger,Joshua Goodger,sorted_name,,ok
Timothy Gray,37983.0,T. Gray,Timothy Gray,sorted_name,,ok
Perry Gregg,14086.0,P. Gregg,Perry Gregg,sorted_name,,ok
Romeo Hadzimehmedovic,40119.0,R. Hadzimehmedovic,Romeo Hadzimehmedovic,sorted_name,,ok
Stefan Peter Hampe,65520.0,S. P. Hampe,Peter Hampe Stefan,sorted_name,,ok
Patorn Hanchaikul,26968.0,P. Hanchaikul,Patorn Hanchaikul,sorted_name,,ok
Mitchell Harper,2509.0,M. Harper,Mitchell Harper,sorted_name,,ok
Matthew Harris,69943.0,M. Harris,Matthew Harris,sorted_name,,ok
Peter Heller,2515.0,P. Heller,Peter Heller,sorted_name,,ok
Henri Laaksonen,1967.0,H. Laaksonen,Henri Laaksonen,sorted_name,,ok
Henrik Wiersholm,53313.0,H. Wiersholm,Henrik Wiersholm,sorted_name,,ok
Jeong Heon Lee,69228.0,J. H. Lee,Heon Lee Jeong,sorted_name,,ok
Mats Hermans,38143.0,M. Hermans,Mats Hermans,sorted_name,,ok
Hillel Rousseau,2217.0,H. Rousseau,Hillel Rousseau,sorted_name,,ok
Nam Hoang Ly,3826.0,H. Ly Nam,Hoang Ly Nam,sorted_name,,ok
Holden Koons,61321.0,H. Koons,Holden Koons,sorted_name,,ok
Nico Hornitschek,859.0,N. Hornitschek,Nico Hornitschek,sorted_name,,ok
Roy Horovitz,51086.0,R. Horovitz,Roy Horovitz,sorted_name,,ok
Kevin Humpfner,50373.0,K. Humpfner,Kevin Humpfner,sorted_name,,ok
Hunter Reese,8900.0,H. Reese,Hunter Reese,sorted_name,,ok
Juan Ignacio Londero,380.0,J. I. Londero,Ignacio Londero Juan,sorted_name,,ok
Igor Shrolik,13541.0,I. Shrolik,Igor Shrolik,sorted_name,,ok
Ilgiz Valiev,22252.0,I. Valiev,Ilgiz Valiev,sorted_name,,ok
Marsel Ilhan,1239.0,M. Ilhan,Marsel Ilhan,sorted_name,,ok
Ishaan Ravichander,37864.0,I. Ravichander,Ishaan Ravichander,sorted_name,,ok
Ivan Kazakov,60152.0,I. Kazakov,Ivan Kazakov,sorted_name,,ok
Ivan Kremenchutskyi,38878.0,I. Kremenchutskyi,Ivan Kremenchutskyi,sorted_name,,ok
Marino Jakic,15159.0,M. Jakic,Marino Jakic,sorted_name,,ok
Jakub Wojcik,14706.0,J. Wojcik,Jakub Wojcik,sorted_name,,ok
Jaycer Lyeons,37914.0,J. Lyeons,Jaycer Lyeons,sorted_name,,ok
Jelani Sarr,54098.0,J. Sarr,Jelani Sarr,sorted_name,,ok
Jeremy Taylor,40209.0,J. Taylor,Jeremy Taylor,sorted_name,,ok
Jimmy Yang,743.0,J. Yang,Jimmy Yang,sorted_name,,ok
Joao Menezes,1761.0,J. Menezes,Joao Menezes,sorted_name,,ok
Joao Sousa,423.0,J. Sousa,Joao Sousa,sorted_name,,ok
Jody Maginley,2480.0,J. Maginley,Jody Maginley,sorted_name,,ok
John Millman,1768.0,J. Millman,John Millman,sorted_name,,ok
Jonas Trinker,6842.0,J. Trinker,Jonas Trinker,sorted_name,,ok
Jorge Martinez Martinez,13019.0,J. Martinez Martinez,Jorge Martinez Martinez,sorted_name,,ok
Joseph Phillips,65408.0,J. Phillips,Joseph Phillips,sorted_name,,ok
Mathieu Josserand,69499.0,M. Josserand,Mathieu Josserand,sorted_name,,ok
Julian Ocleppo,8165.0,J. Ocleppo,Julian Ocleppo,sorted_name,,ok
Kabeer Kapasi,68052.0,K. Kapasi,Kabeer Kapasi,sorted_name,,ok
Kacper Zuk,1069.0,K. Zuk,Kacper Zuk,sorted_name,,ok
Kai Lemstra,1299.0,K. Lemstra,Kai Lemstra,sorted_name,,ok
Kenneth Raisma,7118.0,K. Raisma,Kenneth Raisma,sorted_name,,ok
Kevin King,5069.0,K. King,Kevin King,sorted_name,,ok
Kirill Mishkin,8766.0,K. Mishkin,Kirill Mishkin,sorted_name,,ok
Maxim Krapivin,23212.0,M. Krapivin,Maxim Krapivin,sorted_name,,ok
Omni Kumar,873.0,O. Kumar,Omni Kumar,sorted_name,,ok
Natthasith Kunsuwan,38222.0,N. Kunsuwan,Natthasith Kunsuwan,sorted_name,,ok
Lambert Ruland,21011.0,L. Ruland,Lambert Ruland,sorted_name,,ok
Mischa Lanz,13549.0,M. Lanz,Mischa Lanz,sorted_name,,ok
Thomas Laurent,13370.0,T. Laurent,Thomas Laurent,sorted_name,,ok
Vitor Leal,38195.0,V. Leal,Vitor Leal,sorted_name,,ok
Mitchell Lee,16209.0,M. Lee,Mitchell Lee,sorted_name,,ok
Leopold Zima,2229.0,L. Zima,Leopold Zima,sorted_name,,ok
Louroi Martinez,5893.0,L. Martinez,Louroi Martinez,sorted_name,,ok
Luciano Tacchi,14269.0,L. Tacchi,Luciano Tacchi,sorted_name,,ok
Luigi Sorrentino,826.0,L. Sorrentino,Luigi Sorrentino,sorted_name,,ok
Luka Miklavcic,38064.0,L. Miklavcic,Luka Miklavcic,sorted_name,,ok
Luke Saville,4331.0,L. Saville,Luke Saville,sorted_name,,ok
Luke Sorensen,56780.0,L. Sorensen,Luke Sorensen,sorted_name,,ok
Michal Lusovsky,56007.0,M. Lusovsky,Michal Lusovsky,sorted_name,,ok
Mihnea Maftei,73419.0,M. Maftei,Mihnea Maftei,sorted_name,,ok
Mikhail Malakhovich,14754.0,M. Malakhovich,Mikhail Malakhovich,sorted_name,,ok
Maurus Malgiaritta,13373.0,M. Malgiaritta,Maurus Malgiaritta,sorted_name,,ok
Marcel Politowicz,10102.0,M. Politowicz,Marcel Politowicz,sorted_name,,ok
Marco Miceli,1954.0,M. Miceli,Marco Miceli,sorted_name,,ok
Zaid Mashni,72718.0,Z. Mashni,Zaid Mashni,sorted_name,,ok
Matej Vocel,5788.0,M. Vocel,Matej Vocel,sorted_name,,ok
Matteo Rocci,59733.0,M. Rocci,Matteo Rocci,sorted_name,,ok
Max Purcell,1749.0,M. Purcell,Max Purcell,sorted_name,,ok
Mehdi Sadaoui,1290.0,M. Sadaoui,Mehdi Sadaoui,sorted_name,,ok
Michael Shaw,2239.0,M. Shaw,Michael Shaw,sorted_name,,ok
Nikola Milojevic,1745.0,N. Milojevic,Nikola Milojevic,sorted_name,,ok
Milos Raonic,6651.0,M. Raonic,Milos Raonic,sorted_name,,ok
Ranjeet Virali-Murugesan,4471.0,R. Virali-Murugesan,Ranjeet Virali-Murugesan,sorted_name,,ok
Peter Nad,2219.0,P. Nad,Peter Nad,sorted_name,,ok
Rafael Nadal,2170.0,R. Nadal,Rafael Nadal,sorted_name,,ok
Nathan Seateun,12990.0,N. Seateun,Nathan Seateun,sorted_name,,ok
Nico Rating,69523.0,N. Rating,Nico Rating,sorted_name,,ok
Nicola Vidal,9499.0,N. Vidal,Nicola Vidal,sorted_name,,ok
Niels Villard,52423.0,N. Villard,Niels Villard,sorted_name,,ok
Noah Rubin,2918.0,N. Rubin,Noah Rubin,sorted_name,,ok
Petr Nouza,7996.0,P. Nouza,Petr Nouza,sorted_name,,ok
Patrik Oplustil,38272.0,P. Oplustil,Patrik Oplustil,sorted_name,,ok
Shan-Yuan Ou,59302.0,S. Ou,Shan-Yuan Ou,sorted_name,,ok
Renlong Pang,55036.0,R. Pang,Renlong Pang,sorted_name,,ok
Paul Werren,57542.0,P. Werren,Paul Werren,sorted_name,,ok
Pedro Rodrigues,40091.0,P. Rodrigues,Pedro Rodrigues,sorted_name,,ok
Valerio Perruzza,38074.0,V. Perruzza,Valerio Perruzza,sorted_name,,ok
Sergei Pogosian,13390.0,S. Pogosian,Sergei Pogosian,sorted_name,,ok
Sidane Pontjodikromo,2452.0,S. Pontjodikromo,Sidane Pontjodikromo,sorted_name,,ok
Samuel Puskar,2486.0,S. Puskar,Samuel Puskar,sorted_name,,ok
Sean Van Rensburg,15287.0,S. Van Rensburg,Sean Van Rensburg,sorted_name,,ok
Vincent Rettke,52281.0,V. Rettke,Vincent Rettke,sorted_name,,ok
Sebastian Rodriguez,39186.0,S. Rodriguez,Sebastian Rodriguez,sorted_name,,ok
Ronetto Van Tilburg,58566.0,R. Van Tilburg,Ronetto Van Tilburg,sorted_name,,ok
Yan Sabanin,2230.0,Y. Sabanin,Yan Sabanin,sorted_name,,ok
Tennys Sandgren,405.0,T. Sandgren,Tennys Sandgren,sorted_name,,ok
Tiran Sanghera,37862.0,T. Sanghera,Tiran Sanghera,sorted_name,,ok
Sasha Trkulja,55492.0,S. Trkulja,Sasha Trkulja,sorted_name,,ok
Siem Woldeab,7123.0,S. Woldeab,Siem Woldeab,sorted_name,,ok
Tobias Smoliner,38164.0,T. Smoliner,Tobias Smoliner,sorted_name,,ok
Yannik Steinegger,8897.0,Y. Steinegger,Yannik Steinegger,sorted_name,,ok
Timo Stodder,909.0,T. Stodder,Timo Stodder,sorted_name,,ok
Yubel Ubri,77996.0,Y. Ubri,Yubel Ubri,sorted_name,,ok
Vojtech Vales,30896.0,V. Vales,Vojtech Vales,sorted_name,,ok
Yerassyl Yerdilda,39932.0,Y. Yerdilda,Yerassyl Yerdilda,sorted_name,,ok
Yu Zhang,69907.0,Y. Zhang,Yu Zhang,sorted_name,,ok
V. Freda,36191.0,,,hist_rescue,,pending
R. Taguchi,38831.0,,,hist_rescue,,pending
M. Sanchez,3885.0,,,hist_rescue,,pending
A. Gil,58548.0,,,hist_rescue,,pending
Pablo Manzano Lapuerta,37042.0,,,hist_rescue,,pending
J. Struff,2831.0,,,hist_rescue,,pending
C. Negritu,5971.0,,,hist_rescue,,pending
A. Sanchez,52692.0,,,hist_rescue,,pending
D. Merida,978.0,,,hist_rescue,,pending
M. Gonzalez,15921.0,,,hist_rescue,,pending
M. Zormann,3677.0,,,hist_rescue,,pending
O. Poulsen,40129.0,,,hist_rescue,,pending
Brandon Perez,1280.0,,,hist_rescue,,pending
A. Garcia,90123.0,,,hist_rescue,,pending
F. Virgili,38549.0,,,hist_rescue,,pending
Zhe Li,879.0,,,hist_rescue,,pending
K. Maamoun,5292.0,,,hist_rescue,,pending
Nikita Belozertsev,100794.0,,,hist_rescue,,pending
E. Aguilera,9611.0,,,hist_rescue,,pending
Y. Lalami,38043.0,,,hist_rescue,,pending
Theodore Winegar,100142.0,,,hist_rescue,,pending
A. Badi,11168.0,,,manual,,ok
A. Boitan,9132.0,,,manual,,ok
A. Campos,1266.0,,,manual,,ok
A. Canas,1331.0,,,manual,,ok
A. Canovas,40036.0,,,manual,,ok
J. Cerundolo,388.0,,,manual,,ok
J. Jong,412.0,,,manual,,ok
A. Minaur,1106.0,,,,,
A. Fokina,2842.0,,,,,
G. Perricard,9222.0,,,,,
T. Etcheverry,1777.0,,,,,
R. Agut,2734.0,,,,,
B. Zandschulp,2972.0,,,,,
R. Baena,593.0,,,,,
F. Acosta,2002.0,,,,,
T. Wild,1086.0,,,,,
C. Carabelli,401.0,,,,,
P. Busta,434.0,,,,,
D. Galan,1735.0,,,,,
L. Assche,1066.0,,,,,
C. Tseng,389.0,,,,,
A. Ramos-Vinolas,1090.0,,,,,
R. Burruchaga,9596.0,,,,,
J. Varillas,391.0,,,,,
F. Alves,357.0,,,,,
M. Dellien,7334.0,,,,,
J. Ficovich,420.0,,,,,
J. Cosano,395.0,,,,,
F. Silva,2110.0,,,,,
T. Wu,390.0,,,,,
M. Rehberg,918.0,,,,,
P. Dias,2003.0,,,,,
C. Jover,3647.0,,,,,
N. Izquierdo,379.0,,,,,
N. Varona,268.0,,,,,
P. Biryukov,1297.0,,,,,
J. Torres,1144.0,,,,,
M. Almeida,1743.0,,,,,
S. Ruggeri,965.0,,,,,
B. Miralles,403.0,,,,,
E. Valle,5675.0,,,,,
A. Barrera,1330.0,,,,,
D. Silva,558.0,,,,,
J. Loore,5169.0,,,,,
A. Pujolras,988.0,,,,,
N. Ionel,564.0,,,,,
T. Kodat,716.0,,,,,
M. Soto,9035.0,,,,,
G. Bailly,10840.0,,,,,
J. Angelo,21704.0,,,,,
Y. Hsu,867.0,,,,,
P. Tiffon,1338.0,,,,,
F. Jianu,576.0,,,,,
O. Batalla,588.0,,,,,
T. Kwiatkowski,2958.0,,,,,
J. Cosano,1877.0,,Javier Barranco Cosano,,,
J. Barranco Cosano,1877.0,,Javier Barranco Cosano,,,
