place,player,player_key,league,movement,country,points,download_time
1,Aryna Sabalenka,1989.0,WTA,same,World,10990,2026-02-01 15:28:19
2,Iga Swiatek,1910.0,WTA,same,Poland,8328,2026-02-01 15:28:19
3,Coco Gauff,2176.0,WTA,same,USA,6423,2026-02-01 15:28:19
4,Amanda Anisimova,2074.0,WTA,same,USA,6320,2026-02-01 15:28:19
5,Elena Rybakina,2172.0,WTA,same,Kazakhstan,5850,2026-02-01 15:28:19
6,Jessica Pegula,2171.0,WTA,same,USA,5453,2026-02-01 15:28:19
7,Mirra Andreeva,9534.0,WTA,down,World,4731,2026-02-01 15:28:19
8,Jasmine Paolini,2811.0,WTA,up,Italy,4267,2026-02-01 15:28:19
9,Madison Keys,2692.0,WTA,same,USA,4111,2026-02-01 15:28:19
10,Belinda Bencic,2387.0,WTA,same,Switzerland,3512,2026-02-01 15:28:19
11,Ekaterina Alexandrova,2392.0,WTA,same,World,3375,2026-02-01 15:28:19
12,Elina Svitolina,2816.0,WTA,same,Ukraine,2856,2026-02-01 15:28:19
13,Linda Noskova,447.0,WTA,same,Czech Republic,2641,2026-02-01 15:28:19
14,Clara Tauson,3007.0,WTA,same,Denmark,2530,2026-02-01 15:28:19
15,Emma Navarro,2823.0,WTA,same,USA,2515,2026-02-01 15:28:19
16,Victoria Mboko,9527.0,WTA,down,Canada,2447,2026-02-01 15:28:19
17,Naomi Osaka,2685.0,WTA,up,Japan,2366,2026-02-01 15:28:19
18,Liudmila Samsonova,2815.0,WTA,same,World,2122,2026-02-01 15:28:19
19,Karolina Muchova,2807.0,WTA,same,Czech Republic,2083,2026-02-01 15:28:19
20,Marta Kostyuk,1828.0,WTA,same,Ukraine,1983,2026-02-01 15:28:19
21,Elise Mertens,521.0,WTA,same,Belgium,1956,2026-02-01 15:28:19
22,Diana Shnaider,7403.0,WTA,down,World,1953,2026-02-01 15:28:19
23,Leylah Fernandez,2394.0,WTA,up,Canada,1821,2026-02-01 15:28:19
24,Jelena Ostapenko,2802.0,WTA,same,Latvia,1741,2026-02-01 15:28:19
25,Qinwen Zheng,1813.0,WTA,same,China,1728,2026-02-01 15:28:19
26,Paula Badosa,2178.0,WTA,same,Spain,1676,2026-02-01 15:28:19
27,Iva Jovic,58226.0,WTA,down,USA,1671,2026-02-01 15:28:19
28,Dayana Yastremska,2813.0,WTA,up,Ukraine,1610,2026-02-01 15:28:19
29,Emma Raducanu,2996.0,WTA,same,United Kingdom,1607,2026-02-01 15:28:19
30,Sofia Kenin,2904.0,WTA,up,USA,1567,2026-02-01 15:28:19
31,Maya Joint,52689.0,WTA,down,Australia,1549,2026-02-01 15:28:19
32,Veronika Kudermetova,2810.0,WTA,up,World,1517,2026-02-01 15:28:19
33,Anna Kalinskaya,1820.0,WTA,same,World,1511,2026-02-01 15:28:19
34,Marketa Vondrousova,2814.0,WTA,same,Czech Republic,1446,2026-02-01 15:28:19
35,Jaqueline Cristian,2992.0,WTA,down,Romania,1427,2026-02-01 15:28:19
36,Lois Boisson,8802.0,WTA,up,France,1351,2026-02-01 15:28:19
37,McCartney Kessler,22072.0,WTA,up,USA,1335,2026-02-01 15:28:19
38,Ann Li,2997.0,WTA,same,USA,1316,2026-02-01 15:28:19
39,Eva Lys,2088.0,WTA,same,Germany,1303,2026-02-01 15:28:19
40,Jessica Bouzas Maneiro,154.0,WTA,same,Spain,1262,2026-02-01 15:28:19
41,Sorana Cirstea,1150.0,WTA,same,Romania,1249,2026-02-01 15:28:19
42,Tatjana Maria,2414.0,WTA,same,Germany,1232,2026-02-01 15:28:19
43,Daria Kasatkina,1990.0,WTA,down,Australia,1227,2026-02-01 15:28:19
44,Marie Bouzkova,2820.0,WTA,down,Czech Republic,1225,2026-02-01 15:28:19
45,Katerina Siniakova,3006.0,WTA,down,Czech Republic,1215,2026-02-01 15:28:19
46,Xinyu Wang,1812.0,WTA,up,China,1197,2026-02-01 15:28:19
47,Anastasia Pavlyuchenkova,2694.0,WTA,up,World,1185,2026-02-01 15:28:19
48,Laura Siegemund,464.0,WTA,up,Germany,1171,2026-02-01 15:28:19
49,Alexandra Eala,3490.0,WTA,same,Philippines,1159,2026-02-01 15:28:19
50,Magda Linette,1154.0,WTA,down,Poland,1157,2026-02-01 15:28:19
51,Emiliana Arango,1802.0,WTA,up,Colombia,1149,2026-02-01 15:28:19
52,Cristina Bucsa,454.0,WTA,up,Spain,1134,2026-02-01 15:28:19
53,Maria Sakkari,2076.0,WTA,up,Greece,1133,2026-02-01 15:28:19
54,Tereza Valentova,8976.0,WTA,down,Czech Republic,1121,2026-02-01 15:28:19
55,Anastasia Potapova,457.0,WTA,up,Austria,1106,2026-02-01 15:28:19
56,Elisabetta Cocciaretto,477.0,WTA,down,Italy,1099,2026-02-01 15:28:19
57,Magdalena Frech,2089.0,WTA,same,Poland,1093,2026-02-01 15:28:19
58,Barbora Krejcikova,2801.0,WTA,up,Czech Republic,1081,2026-02-01 15:28:19
59,Janice Tjen,28551.0,WTA,up,Indonesia,1075,2026-02-01 15:28:19
60,Elsa Jacquemot,1823.0,WTA,up,France,1070,2026-02-01 15:28:19
61,Beatriz Haddad Maia,1951.0,WTA,up,Brazil,1052,2026-02-01 15:28:19
62,Ashlyn Krueger,196.0,WTA,up,USA,1026,2026-02-01 15:28:19
63,Solana Sierra,140.0,WTA,down,Argentina,1018,2026-02-01 15:28:19
64,Anna Blinkova,1779.0,WTA,up,World,1016,2026-02-01 15:28:19
65,Antonia Ruzic,168.0,WTA,down,Croatia,1008,2026-02-01 15:28:19
66,Sonay Kartal,1961.0,WTA,up,United Kingdom,1004,2026-02-01 15:28:19
67,Danielle Collins,34409.0,WTA,up,USA,995,2026-02-01 15:28:19
68,Peyton Stearns,2827.0,WTA,up,USA,987,2026-02-01 15:28:19
69,Olga Danilovic,494.0,WTA,up,Serbia,981,2026-02-01 15:28:19
70,Hailey Baptiste,490.0,WTA,up,USA,979,2026-02-01 15:28:19
71,Francesca Jones,2991.0,WTA,up,United Kingdom,951,2026-02-01 15:28:19
72,Donna Vekic,455.0,WTA,up,Croatia,935,2026-02-01 15:28:19
73,Rebecca Sramkova,449.0,WTA,up,Slovakia,914,2026-02-01 15:28:19
74,Anna Bondar,505.0,WTA,down,Hungary,913,2026-02-01 15:28:19
75,Shuai Zhang,1825.0,WTA,up,China,899,2026-02-01 15:28:19
76,Kimberly Birrell,92.0,WTA,down,Australia,892,2026-02-01 15:28:19
77,Varvara Gracheva,1913.0,WTA,up,France,887,2026-02-01 15:28:19
78,Ajla Tomljanovic,1146.0,WTA,up,Australia,881,2026-02-01 15:28:19
79,Gabriela Ruse Elena,1151.0,WTA,same,Romania,872,2026-02-01 15:28:19
80,Renata Zarazua,1805.0,WTA,down,Mexico,855,2026-02-01 15:28:19
81,Petra Marcinko,1143.0,WTA,up,Croatia,854,2026-02-01 15:28:19
82,Ella Seidel,2415.0,WTA,up,Germany,850,2026-02-01 15:28:19
83,Viktorija Golubic,525.0,WTA,up,Switzerland,841,2026-02-01 15:28:19
84,Camila Osorio,2390.0,WTA,up,Colombia,840,2026-02-01 15:28:19
85,Caty McNally,1127.0,WTA,up,USA,836,2026-02-01 15:28:19
86,Lulu Sun,,WTA,up,New Zealand,825,2026-02-01 15:28:19
87,Simona Waltert,493.0,WTA,up,Switzerland,824,2026-02-01 15:28:19
88,Moyuka Uchijima,,WTA,up,Japan,822,2026-02-01 15:28:19
89,Sara Bejlek,9393.0,WTA,up,Czech Republic,821,2026-02-01 15:28:19
90,Panna Udvardy,1141.0,WTA,up,Hungary,819,2026-02-01 15:28:19
91,Dalma Galfi,507.0,WTA,down,Hungary,805,2026-02-01 15:28:19
92,Oleksandra Oliynykova,12876.0,WTA,up,Ukraine,804,2026-02-01 15:28:19
93,Kamilla Rakhimova,1140.0,WTA,up,Uzbekistan,802,2026-02-01 15:28:19
94,Yulia Putintseva,2177.0,WTA,down,Kazakhstan,799,2026-02-01 15:28:19
95,Julia Grabher,489.0,WTA,up,Austria,799,2026-02-01 15:28:19
96,Katie Volynets,2826.0,WTA,up,USA,783,2026-02-01 15:28:19
97,Suzan Lamens,450.0,WTA,up,Netherlands,780,2026-02-01 15:28:19
98,Darja Semenistaja,157.0,WTA,up,Latvia,779,2026-02-01 15:28:19
99,Alycia Parks,1792.0,WTA,down,USA,770,2026-02-01 15:28:19
100,Kaja Juvan,519.0,WTA,up,Slovenia,770,2026-02-01 15:28:19
101,Oksana Selekhmeteva,478.0,WTA,up,World,769,2026-02-01 15:28:19
102,Veronika Erjavec,163.0,WTA,up,Slovenia,765,2026-02-01 15:28:19
103,Leolia Jeanjean,9118.0,WTA,up,France,760,2026-02-01 15:28:19
104,Aliaksandra Sasnovich,527.0,WTA,up,World,755,2026-02-01 15:28:19
105,Anastasia Zakharova,1794.0,WTA,up,World,742,2026-02-01 15:28:19
106,Sinja Kraus,1424.0,WTA,up,Austria,742,2026-02-01 15:28:19
107,Lucia Bronzetti,516.0,WTA,up,Italy,728,2026-02-01 15:28:19
108,Ons Jabeur,1911.0,WTA,same,Tunisia,725,2026-02-01 15:28:19
109,Mayar Sherif,510.0,WTA,same,Egypt,715,2026-02-01 15:28:19
110,Yuliia Starodubtseva,50398.0,WTA,same,Ukraine,701,2026-02-01 15:28:19
111,Caroline Dolehide,482.0,WTA,same,USA,696,2026-02-01 15:28:19
112,Zeynep Sonmez,4062.0,WTA,same,Turkey,694,2026-02-01 15:28:19
113,Katie Boulter,2993.0,WTA,same,United Kingdom,684,2026-02-01 15:28:19
114,Victoria Jimenez Kasintseva,1137.0,WTA,same,Andorra,666,2026-02-01 15:28:19
115,Rebeka Masarova,1132.0,WTA,same,Switzerland,659,2026-02-01 15:28:19
116,Taylor Townsend,3214.0,WTA,same,USA,652,2026-02-01 15:28:19
117,Joanna Garland,1962.0,WTA,same,Taiwan,645,2026-02-01 15:28:19
118,Sarah Rakotomanga Rajaonah Tiantsoa,37886.0,WTA,same,France,640,2026-02-01 15:28:19
119,Talia Gibson,3326.0,WTA,same,Australia,634,2026-02-01 15:28:19
120,Jil Teichmann,2077.0,WTA,same,Switzerland,623,2026-02-01 15:28:19
121,Priscilla Hon,467.0,WTA,same,Australia,620,2026-02-01 15:28:19
122,Diane Parry,1833.0,WTA,same,France,615,2026-02-01 15:28:19
123,Greet Minnen,2191.0,WTA,same,Belgium,591,2026-02-01 15:28:19
124,Tamara Korpatsch,501.0,WTA,same,Germany,590,2026-02-01 15:28:19
125,Hanne Vandewinkel,9254.0,WTA,same,Belgium,582,2026-02-01 15:28:19
126,Nikola Bartunkova,9196.0,WTA,same,Czech Republic,582,2026-02-01 15:28:19
127,Marina Stakusic,81.0,WTA,same,Canada,565,2026-02-01 15:28:19
128,Viktoriya Tomova,499.0,WTA,same,Bulgaria,557,2026-02-01 15:28:19
129,Kaitlin Quevedo,13647.0,WTA,same,Spain,553,2026-02-01 15:28:19
130,Yue Yuan,,WTA,same,China,552,2026-02-01 15:28:19
131,Lanlana Tararudee,25728.0,WTA,same,Thailand,549,2026-02-01 15:28:19
132,Linda Fruhvirtova,446.0,WTA,same,Czech Republic,548,2026-02-01 15:28:19
133,Arantxa Rus,508.0,WTA,same,Netherlands,541,2026-02-01 15:28:19
134,Linda Klimovicova,8978.0,WTA,same,Poland,538,2026-02-01 15:28:19
135,Katarzyna Kawa,1780.0,WTA,same,Poland,537,2026-02-01 15:28:19
136,Daria Snigur,1131.0,WTA,same,Ukraine,526,2026-02-01 15:28:19
137,Lola Radivojevic,1364.0,WTA,same,Serbia,523,2026-02-01 15:28:19
138,Maria Timofeeva,12869.0,WTA,same,Uzbekistan,523,2026-02-01 15:28:19
139,Lucrezia Stefanini,1113.0,WTA,same,Italy,518,2026-02-01 15:28:19
140,Himeno Sakatsume,115.0,WTA,same,Japan,514,2026-02-01 15:28:19
141,Leyre Romero Gormaz,141.0,WTA,same,Spain,509,2026-02-01 15:28:19
142,Darja Vidmanova,9260.0,WTA,same,Czech Republic,509,2026-02-01 15:28:19
143,Sofia Costoulas,9248.0,WTA,same,Belgium,506,2026-02-01 15:28:19
144,Dominika Salkova,179.0,WTA,same,Czech Republic,504,2026-02-01 15:28:19
145,Maja Chwalinska,1434.0,WTA,same,Poland,503,2026-02-01 15:28:19
146,Varvara Lepchenko,2765.0,WTA,same,USA,498,2026-02-01 15:28:19
147,Irina-Camelia Begu,2828.0,WTA,same,Romania,496,2026-02-01 15:28:19
148,Victoria Azarenka,2174.0,WTA,same,World,495,2026-02-01 15:28:19
149,Elina Avanesyan,1810.0,WTA,same,Armenia,491,2026-02-01 15:28:19
150,Polina Kudermetova,9259.0,WTA,same,Uzbekistan,490,2026-02-01 15:28:19
151,Tamara Zidansek,2803.0,WTA,same,Slovenia,477,2026-02-01 15:28:19
152,Whitney Osuigwe,1431.0,WTA,same,USA,471,2026-02-01 15:28:19
153,Emerson Jones,10924.0,WTA,down,Australia,464,2026-02-01 15:28:19
154,Iryna Shymanovich,223.0,WTA,up,World,464,2026-02-01 15:28:19
155,Lilli Tagger,53046.0,WTA,up,Austria,464,2026-02-01 15:28:19
156,Anna-Lena Friedsam,522.0,WTA,same,Germany,455,2026-02-01 15:28:19
157,Astra Sharma,,WTA,same,Australia,451,2026-02-01 15:28:19
158,Lourdes Carle Maria,187.0,WTA,same,Argentina,447,2026-02-01 15:28:19
159,Polina Iatcenko,9264.0,WTA,same,World,447,2026-02-01 15:28:19
160,Despina Papamichail,1111.0,WTA,same,Greece,445,2026-02-01 15:28:19
161,Taylah Preston,3324.0,WTA,down,Australia,443,2026-02-01 15:28:19
162,Alexia Todoni Anca,10891.0,WTA,up,Romania,440,2026-02-01 15:28:19
163,Alina Charaeva,13421.0,WTA,up,World,436,2026-02-01 15:28:19
164,Lin Zhu,451.0,WTA,up,China,430,2026-02-01 15:28:19
165,Nuria Brancaccio,222.0,WTA,up,Italy,430,2026-02-01 15:28:19
166,Jessika Ponchet,472.0,WTA,up,France,424,2026-02-01 15:28:19
167,Aoi Ito,13618.0,WTA,up,Japan,422,2026-02-01 15:28:19
168,Maddison Inglis,1788.0,WTA,up,Australia,418,2026-02-01 15:28:19
169,Ekaterine Gorgodze,491.0,WTA,up,Georgia,417,2026-02-01 15:28:19
170,Harriet Dart,2998.0,WTA,up,United Kingdom,410,2026-02-01 15:28:19
171,Bernarda Pera,518.0,WTA,up,USA,406,2026-02-01 15:28:19
172,Olivia Gadecki,1809.0,WTA,up,Australia,405,2026-02-01 15:28:19
173,Hanyu Guo,7931.0,WTA,up,China,403,2026-02-01 15:28:19
174,Tatiana Prozorova,9253.0,WTA,up,World,403,2026-02-01 15:28:19
175,Carole Monnet,1831.0,WTA,up,France,401,2026-02-01 15:28:19
176,Gabriela Knutson,24736.0,WTA,up,Czech Republic,398,2026-02-01 15:28:19
177,Teodora Kostovic,52707.0,WTA,up,Serbia,397,2026-02-01 15:28:19
178,Louisa Chirico,456.0,WTA,up,USA,396,2026-02-01 15:28:19
179,Anhelina Kalinina,2393.0,WTA,up,Ukraine,393,2026-02-01 15:28:19
180,Carson Branstine,6528.0,WTA,up,Canada,389,2026-02-01 15:28:19
181,Julia Riera,2281.0,WTA,up,Argentina,387,2026-02-01 15:28:19
182,Elizabeth Mandlik,209.0,WTA,up,USA,387,2026-02-01 15:28:19
183,Andrea Lazaro Garcia,1117.0,WTA,up,Spain,387,2026-02-01 15:28:19
184,Xiyu Wang,463.0,WTA,up,China,386,2026-02-01 15:28:19
185,Guiomar Maristany Zuleta De Reales,142.0,WTA,up,Spain,386,2026-02-01 15:28:19
186,Anastasija Sevastova,2825.0,WTA,up,Latvia,383,2026-02-01 15:28:19
187,Cadence Brace,204.0,WTA,up,Canada,383,2026-02-01 15:28:19
188,Yeonwoo Ku,9407.0,WTA,up,South Korea,380,2026-02-01 15:28:19
189,Jana Fett,1801.0,WTA,up,Croatia,379,2026-02-01 15:28:19
190,Elena Pridankina,9399.0,WTA,up,World,377,2026-02-01 15:28:19
191,Lisa Pigato,230.0,WTA,down,Italy,374,2026-02-01 15:28:19
192,Ena Shibahara,1986.0,WTA,up,Japan,373,2026-02-01 15:28:19
193,Sofia Sanchez Ana,123.0,WTA,up,Mexico,373,2026-02-01 15:28:19
194,Anouk Koevermans,13375.0,WTA,up,Netherlands,368,2026-02-01 15:28:19
195,Alice Rame,1124.0,WTA,up,France,368,2026-02-01 15:28:19
196,Clervie Ngounoue,2994.0,WTA,up,USA,366,2026-02-01 15:28:19
197,Mananchaya Sawangkaew,12716.0,WTA,up,Thailand,366,2026-02-01 15:28:19
198,Daria Saville,1153.0,WTA,up,Australia,365,2026-02-01 15:28:19
199,Bianca Bulgaru Miriam,173.0,WTA,up,Romania,364,2026-02-01 15:28:19
200,Kayla Cross,6700.0,WTA,up,Canada,363,2026-02-01 15:28:19
201,Rebecca Marino,479.0,WTA,up,Canada,361,2026-02-01 15:28:19
202,Laura Pigossi,1125.0,WTA,up,Brazil,360,2026-02-01 15:28:19
203,Manon Leonard,7520.0,WTA,up,France,360,2026-02-01 15:28:19
204,Nao Hibino,465.0,WTA,up,Japan,359,2026-02-01 15:28:19
205,Laura Samson,2815.0,WTA,up,Czech Republic,358,2026-02-01 15:28:19
206,Lina Gjorcheska,227.0,WTA,up,North Macedonia,353,2026-02-01 15:28:19
207,Elvina Kalieva,198.0,WTA,up,USA,352,2026-02-01 15:28:19
208,Arina Rodionova,453.0,WTA,up,Australia,348,2026-02-01 15:28:19
209,Xinyu Gao,7289.0,WTA,up,China,347,2026-02-01 15:28:19
210,Youngsuh Lee Carol,38969.0,WTA,up,USA,347,2026-02-01 15:28:19
211,Petra Martic,2173.0,WTA,up,Croatia,346,2026-02-01 15:28:19
212,Alina Korneeva,,WTA,up,World,344,2026-02-01 15:28:19
213,Anastasia Gasanova,468.0,WTA,up,World,340,2026-02-01 15:28:19
214,Francisca Jorge,1410.0,WTA,up,Portugal,338,2026-02-01 15:28:19
215,Silvia Ambrosio,2292.0,WTA,up,Italy,336,2026-02-01 15:28:19
216,Harmony Tan,1156.0,WTA,up,France,334,2026-02-01 15:28:19
217,Justina Mikulskyte,232.0,WTA,up,Lithuania,331,2026-02-01 15:28:19
218,Jasmin Ortenzi,224.0,WTA,up,Argentina,330,2026-02-01 15:28:19
219,Sada Nahimana,1988.0,WTA,up,Burundi,329,2026-02-01 15:28:19
220,Viktoria Hruncakova,445.0,WTA,up,Slovakia,328,2026-02-01 15:28:19
221,Luisina Giovannini,21359.0,WTA,up,Argentina,328,2026-02-01 15:28:19
222,Mary Stoiana,56261.0,WTA,up,USA,327,2026-02-01 15:28:19
223,Selena Janicijevic,470.0,WTA,up,France,326,2026-02-01 15:28:19
224,Eva Vedder,2277.0,WTA,up,Netherlands,326,2026-02-01 15:28:19
225,Yexin Ma,126.0,WTA,up,China,325,2026-02-01 15:28:19
226,Camilla Rosatello,216.0,WTA,up,Italy,325,2026-02-01 15:28:19
227,Claire Liu,509.0,WTA,up,USA,321,2026-02-01 15:28:19
228,Bianca Andreescu,2817.0,WTA,up,Canada,319,2026-02-01 15:28:19
229,Mona Barthel,171.0,WTA,down,Germany,319,2026-02-01 15:28:19
230,Jessica Pieri,3003.0,WTA,up,Italy,318,2026-02-01 15:28:19
231,Wakana Sonobe,38855.0,WTA,up,Japan,317,2026-02-01 15:28:19
232,Carolina Alves,495.0,WTA,down,Brazil,316,2026-02-01 15:28:19
233,Barbora Palicova,2280.0,WTA,up,Czech Republic,314,2026-02-01 15:28:19
234,Aliona Bolsova Zadoinov,1107.0,WTA,up,Spain,311,2026-02-01 15:28:19
235,Tara Wuerth,2578.0,WTA,up,Croatia,310,2026-02-01 15:28:19
236,Caterina Grant Tyra,40794.0,WTA,up,Italy,309,2026-02-01 15:28:19
237,Destanee Aiava,3134.0,WTA,up,Australia,308,2026-02-01 15:28:19
238,Marina Bassols Ribera,135.0,WTA,up,Spain,305,2026-02-01 15:28:19
239,Katherine Sebov,6701.0,WTA,down,Canada,304,2026-02-01 15:28:19
240,Chloe Paquet,1142.0,WTA,up,France,303,2026-02-01 15:28:19
241,Mingge Xu,9391.0,WTA,up,United Kingdom,301,2026-02-01 15:28:19
242,Hina Inoue,118.0,WTA,up,USA,300,2026-02-01 15:28:19
243,Georgiana Serban Raluca,1807.0,WTA,down,Cyprus,299,2026-02-01 15:28:19
244,Mai Hontama,1787.0,WTA,up,Japan,299,2026-02-01 15:28:19
245,Fiona Crawley,20540.0,WTA,up,USA,297,2026-02-01 15:28:19
246,Lily Miyazaki Yuriko,462.0,WTA,up,United Kingdom,297,2026-02-01 15:28:19
247,Caroline Werner,4802.0,WTA,up,Germany,295,2026-02-01 15:28:19
248,Susan Bandecchi,484.0,WTA,down,Switzerland,293,2026-02-01 15:28:19
249,Eva Guerrero Alvarez,5342.0,WTA,up,Spain,290,2026-02-01 15:28:19
250,Anastasia Tikhonova,1122.0,WTA,down,World,287,2026-02-01 15:28:19
251,Sinclair Rogers Anna,124.0,WTA,down,USA,285,2026-02-01 15:28:19
252,Jule Niemeier,471.0,WTA,up,Germany,283,2026-02-01 15:28:19
253,Kiara Toth Amarissa,9242.0,WTA,down,Hungary,283,2026-02-01 15:28:19
254,Ayana Akli,53646.0,WTA,up,USA,282,2026-02-01 15:28:19
255,Irene Burillo Escorihuela,1907.0,WTA,up,Spain,282,2026-02-01 15:28:19
256,Arianne Hartono,1134.0,WTA,up,Netherlands,280,2026-02-01 15:28:19
257,Kayla Day,132.0,WTA,up,USA,280,2026-02-01 15:28:19
258,Kathinka von Deichmann,459.0,WTA,same,Liechtenstein,278,2026-02-01 15:28:19
259,Julie Belgraver,1404.0,WTA,same,France,274,2026-02-01 15:28:19
260,Anna Siskova,218.0,WTA,same,Czech Republic,274,2026-02-01 15:28:19
261,Nuria Parrizas-Diaz,513.0,WTA,same,Spain,271,2026-02-01 15:28:19
262,Sara Saito,,WTA,down,Japan,269,2026-02-01 15:28:19
263,Angela Fita Boluda,159.0,WTA,up,Spain,269,2026-02-01 15:28:19
264,Sohyun Park,205.0,WTA,up,South Korea,267,2026-02-01 15:28:19
265,Anastasiia Sobolieva,13987.0,WTA,up,Ukraine,266,2026-02-01 15:28:19
266,Heather Watson,1155.0,WTA,up,United Kingdom,263,2026-02-01 15:28:19
267,Celine Naef,10911.0,WTA,down,Switzerland,260,2026-02-01 15:28:19
268,Mia Ristic,38070.0,WTA,up,Serbia,258,2026-02-01 15:28:19
269,Katie Swan,1129.0,WTA,down,United Kingdom,255,2026-02-01 15:28:19
270,Matilde Jorge,97.0,WTA,up,Portugal,255,2026-02-01 15:28:19
271,Noma Noha Akugue,1029.0,WTA,up,Germany,254,2026-02-01 15:28:19
272,Kajsa Rinaldo Persson,2592.0,WTA,up,Sweden,253,2026-02-01 15:28:19
273,Erika Andreeva,1958.0,WTA,up,World,252,2026-02-01 15:28:19
274,Renata Jamrichova,37894.0,WTA,up,Slovakia,252,2026-02-01 15:28:19
275,Yafan Wang,2276.0,WTA,up,China,250,2026-02-01 15:28:19
276,Lizette Cabrera,497.0,WTA,up,Australia,249,2026-02-01 15:28:19
277,Katharina Hobgarski,1827.0,WTA,up,Germany,249,2026-02-01 15:28:19
278,Valentina Ryser,101.0,WTA,up,Switzerland,247,2026-02-01 15:28:19
279,Mika Stojsavljevic,63495.0,WTA,down,United Kingdom,246,2026-02-01 15:28:19
280,Robin Montgomery,2123.0,WTA,up,USA,244,2026-02-01 15:28:19
281,Lucie Havlickova,8975.0,WTA,up,Czech Republic,243,2026-02-01 15:28:19
282,Mei Yamaguchi,98.0,WTA,down,Japan,242,2026-02-01 15:28:19
283,Jodie Burrage,1437.0,WTA,up,United Kingdom,237,2026-02-01 15:28:19
284,Tessah Andrianjafitrimo,1147.0,WTA,up,France,237,2026-02-01 15:28:19
285,Xiaodi You,1819.0,WTA,up,China,237,2026-02-01 15:28:19
286,Veronika Podrez,40100.0,WTA,up,Ukraine,237,2026-02-01 15:28:19
287,Dalila Spiteri,4188.0,WTA,down,Italy,236,2026-02-01 15:28:19
288,Anouck Vrancken Peeters,2250.0,WTA,down,Netherlands,234,2026-02-01 15:28:19
289,Sijia Wei,40.0,WTA,up,China,233,2026-02-01 15:28:19
290,Zarina Diyas,1800.0,WTA,up,Kazakhstan,232,2026-02-01 15:28:19
291,Johanna Brockmann Tessa,63288.0,WTA,up,Germany,232,2026-02-01 15:28:19
292,Hiromi Abe,14313.0,WTA,down,Japan,229,2026-02-01 15:28:19
293,Julia Avdeeva,14150.0,WTA,up,World,229,2026-02-01 15:28:19
294,Lia Karatancheva,155.0,WTA,up,Bulgaria,225,2026-02-01 15:28:19
295,Mariam Bolkvadze,1806.0,WTA,up,Georgia,223,2026-02-01 15:28:19
296,Nastasja Schunk,487.0,WTA,down,Germany,223,2026-02-01 15:28:19
297,Sara Sorribes Tormo,2910.0,WTA,up,Spain,217,2026-02-01 15:28:19
298,Sakura Hosogi,1399.0,WTA,up,Japan,216,2026-02-01 15:28:19
299,Carolyn Ansari,40166.0,WTA,down,USA,216,2026-02-01 15:28:19
300,Nina Stojanovic,3004.0,WTA,up,Serbia,215,2026-02-01 15:28:19
301,Ekaterina Reyngold,1814.0,WTA,up,World,215,2026-02-01 15:28:19
302,Alisa Oktiabreva,78480.0,WTA,up,World,215,2026-02-01 15:28:19
303,Ruxandra Bertea Elena,67747.0,WTA,up,Romania,215,2026-02-01 15:28:19
304,Haruka Kaji,5088.0,WTA,up,Japan,214,2026-02-01 15:28:19
305,Fangran Tian,13672.0,WTA,down,China,214,2026-02-01 15:28:19
306,Rina Saigo,73.0,WTA,down,Japan,214,2026-02-01 15:28:19
307,Caroline Garcia,1148.0,WTA,up,France,211,2026-02-01 15:28:19
308,Anastasia Zolotareva,13411.0,WTA,up,World,211,2026-02-01 15:28:19
309,Emina Bektas,1796.0,WTA,up,USA,209,2026-02-01 15:28:19
310,Kyoka Okamura,1396.0,WTA,down,Japan,209,2026-02-01 15:28:19
311,Dayeon Back,20923.0,WTA,up,South Korea,209,2026-02-01 15:28:19
312,Katrina Scott,186.0,WTA,down,USA,207,2026-02-01 15:28:19
313,Alicia Herrero Linana,14112.0,WTA,up,Spain,207,2026-02-01 15:28:19
314,Alevtina Ibragimova,51378.0,WTA,up,World,207,2026-02-01 15:28:19
315,Polona Hercog,2819.0,WTA,up,Slovenia,206,2026-02-01 15:28:19
316,Katarina Jokic,8284.0,WTA,up,Serbia,206,2026-02-01 15:28:19
317,Eunhye Lee,,WTA,up,South Korea,205,2026-02-01 15:28:19
318,Jennifer Ruggeri,21178.0,WTA,up,Italy,202,2026-02-01 15:28:19
319,Elizara Yaneva,58227.0,WTA,down,Bulgaria,202,2026-02-01 15:28:19
320,Lea Boskovic,161.0,WTA,down,Croatia,201,2026-02-01 15:28:19
321,Vendula Valdmannova,30799.0,WTA,up,Czech Republic,201,2026-02-01 15:28:19
322,Gabriela Ce,4752.0,WTA,up,Brazil,200,2026-02-01 15:28:19
323,Julie Struplova,15563.0,WTA,up,Czech Republic,200,2026-02-01 15:28:19
324,Hanna Chang,1128.0,WTA,up,USA,199,2026-02-01 15:28:19
325,Carol Zhao,1822.0,WTA,up,Canada,198,2026-02-01 15:28:19
326,Aurora Zantedeschi,170.0,WTA,up,Italy,197,2026-02-01 15:28:19
327,Laura Hietaranta,9247.0,WTA,up,Finland,197,2026-02-01 15:28:19
328,Martyna Kubka,2295.0,WTA,up,Poland,196,2026-02-01 15:28:19
329,Victoria Bosio,4019.0,WTA,down,Argentina,194,2026-02-01 15:28:19
330,Vivian Wolff,13506.0,WTA,up,USA,194,2026-02-01 15:28:19
331,Tiphanie Lemaitre,1432.0,WTA,up,France,193,2026-02-01 15:28:19
332,Katarina Zavatska,480.0,WTA,down,Ukraine,193,2026-02-01 15:28:19
333,Amarni Banks,13898.0,WTA,up,United Kingdom,191,2026-02-01 15:28:19
334,Nadine Smith Tina,12994.0,WTA,up,Australia,190,2026-02-01 15:28:19
335,Gabriela Lee,1786.0,WTA,up,Romania,190,2026-02-01 15:28:19
336,Ariana Geerlings Martinez,37888.0,WTA,up,Spain,188,2026-02-01 15:28:19
337,Akasha Urhobo,127.0,WTA,up,USA,188,2026-02-01 15:28:19
338,Dalila Jakupovic,1427.0,WTA,up,Slovenia,187,2026-02-01 15:28:19
339,Samira De Stefano,37984.0,WTA,up,Italy,186,2026-02-01 15:28:19
340,Daria Khomutsianskaya,37975.0,WTA,up,World,186,2026-02-01 15:28:19
341,Francesca Pace,24135.0,WTA,down,Italy,185,2026-02-01 15:28:19
342,Wushuang Zheng,,WTA,up,China,184,2026-02-01 15:28:19
343,Amandine Hesse,2990.0,WTA,up,France,183,2026-02-01 15:28:19
344,Francesca Curmi,145.0,WTA,up,Malta,183,2026-02-01 15:28:19
345,Jeline Vandromme,73460.0,WTA,up,Belgium,183,2026-02-01 15:28:19
346,Lea Ma,53951.0,WTA,up,USA,182,2026-02-01 15:28:19
347,Natalija Senic,14152.0,WTA,down,Serbia,182,2026-02-01 15:28:19
348,Aliona Falei,9265.0,WTA,up,World,181,2026-02-01 15:28:19
349,Julieta Pareja,32553.0,WTA,up,USA,180,2026-02-01 15:28:19
350,Isabella Shinikova,503.0,WTA,down,Bulgaria,180,2026-02-01 15:28:19
351,Viktoria Morvayova,72.0,WTA,up,Slovakia,179,2026-02-01 15:28:19
352,Elena Micic,10904.0,WTA,up,Australia,177,2026-02-01 15:28:19
353,Leonie Kung,,WTA,up,Switzerland,177,2026-02-01 15:28:19
354,Tatiana Pieri,1426.0,WTA,up,Italy,177,2026-02-01 15:28:19
355,Monika Ekstrand,68739.0,WTA,up,USA,176,2026-02-01 15:28:19
356,Yidi Yang,,WTA,up,China,175,2026-02-01 15:28:19
357,Irina Bara,469.0,WTA,up,Romania,175,2026-02-01 15:28:19
358,Giorgia Pedone,10892.0,WTA,up,Italy,174,2026-02-01 15:28:19
359,Shuo Liang En,2574.0,WTA,up,Taiwan,174,2026-02-01 15:28:19
360,Miriana Tona,22868.0,WTA,up,Italy,174,2026-02-01 15:28:19
361,Astrid Lew Yan Foon,14241.0,WTA,up,France,174,2026-02-01 15:28:19
362,Cagla Buyukakcay,2988.0,WTA,up,Turkey,174,2026-02-01 15:28:19
363,Jenny Duerst,2260.0,WTA,up,Switzerland,174,2026-02-01 15:28:19
364,Miho Kuramochi,1052.0,WTA,down,Japan,173,2026-02-01 15:28:19
365,Lauren Davis,2389.0,WTA,up,USA,171,2026-02-01 15:28:19
366,Katarina Kuzmova,13326.0,WTA,down,Slovakia,171,2026-02-01 15:28:19
367,Storm Hunter,,WTA,up,Australia,169,2026-02-01 15:28:19
368,Ane Mintegi Del Olmo,9267.0,WTA,up,Spain,169,2026-02-01 15:28:19
369,Fiona Ferro,526.0,WTA,up,France,168,2026-02-01 15:28:19
370,Sahaja Yamalapalli,13919.0,WTA,up,India,168,2026-02-01 15:28:19
371,Alexis Blokhina,1412.0,WTA,up,USA,168,2026-02-01 15:28:19
372,Emily Appleton,2598.0,WTA,down,United Kingdom,167,2026-02-01 15:28:19
373,Martina Colmegna,1348.0,WTA,down,Italy,167,2026-02-01 15:28:19
374,Sofia Shapatava,120.0,WTA,down,Georgia,167,2026-02-01 15:28:19
375,Diletta Cherubini,1016.0,WTA,up,Italy,166,2026-02-01 15:28:19
376,Wilda Hennemann Caijsa,162.0,WTA,up,Sweden,166,2026-02-01 15:28:19
377,Lucciana Perez Alarcon,38782.0,WTA,up,Peru,165,2026-02-01 15:28:19
378,Antonia Schmidt,1026.0,WTA,up,Germany,165,2026-02-01 15:28:19
379,Victoria Hu,20331.0,WTA,up,USA,163,2026-02-01 15:28:19
380,Saki Imamura,1359.0,WTA,up,Japan,163,2026-02-01 15:28:19
381,Alina Granwehr,18373.0,WTA,up,Switzerland,162,2026-02-01 15:28:19
382,Margaux Rouvroy,9119.0,WTA,up,France,161,2026-02-01 15:28:19
383,Haley Giavara,1429.0,WTA,up,USA,161,2026-02-01 15:28:19
384,Zhibek Kulambayeva,14355.0,WTA,up,Kazakhstan,161,2026-02-01 15:28:19
385,Eva Bennemann,57345.0,WTA,up,Germany,161,2026-02-01 15:28:19
386,Sandra Samir,8362.0,WTA,down,Egypt,161,2026-02-01 15:28:19
387,Alexandra Shubladze,38880.0,WTA,down,World,160,2026-02-01 15:28:19
388,Denislava Glushkova,10906.0,WTA,down,Bulgaria,160,2026-02-01 15:28:19
389,Gergana Topalova,169.0,WTA,down,Bulgaria,159,2026-02-01 15:28:19
390,Ikumi Yamazaki,13990.0,WTA,up,Japan,159,2026-02-01 15:28:19
391,Carlota Martinez Cirez,144.0,WTA,down,Spain,158,2026-02-01 15:28:19
392,Martina Capurro Taborda,1960.0,WTA,up,Argentina,158,2026-02-01 15:28:19
393,Cristina Diaz Adrover,64290.0,WTA,up,Spain,158,2026-02-01 15:28:19
394,Valeriya Strakhova,148.0,WTA,up,Ukraine,157,2026-02-01 15:28:19
395,Martha Matoula,34.0,WTA,up,Greece,157,2026-02-01 15:28:19
396,Lucija Ciric Bagaric,2575.0,WTA,down,Croatia,156,2026-02-01 15:28:19
397,Ayano Shimizu,5085.0,WTA,down,Japan,155,2026-02-01 15:28:19
398,Naiktha Bains,2567.0,WTA,up,United Kingdom,155,2026-02-01 15:28:19
399,Eryn Cayetano,38190.0,WTA,up,USA,155,2026-02-01 15:28:19
400,Nicole Fossa Huergo,15246.0,WTA,up,Argentina,154,2026-02-01 15:28:19
401,Victoria Rodriguez,5922.0,WTA,down,Mexico,152,2026-02-01 15:28:19
402,Weronika Ewald,38788.0,WTA,up,Poland,152,2026-02-01 15:28:19
403,Sapfo Sakellaridi,226.0,WTA,up,Greece,151,2026-02-01 15:28:19
404,Darya Astakhova,1435.0,WTA,down,World,150,2026-02-01 15:28:19
405,Maria Tig Patricia,3128.0,WTA,up,Romania,149,2026-02-01 15:28:19
406,Ekaterina Makarova,524.0,WTA,up,World,149,2026-02-01 15:28:19
407,Madelyn Nugroho Priska,9261.0,WTA,up,Indonesia,149,2026-02-01 15:28:19
408,Yasmine Mansouri,42.0,WTA,up,France,149,2026-02-01 15:28:19
409,Hibah Shaikh,28034.0,WTA,up,USA,149,2026-02-01 15:28:19
410,Ekaterina Kazionova,1985.0,WTA,up,World,148,2026-02-01 15:28:19
411,Ylena In-Albon,1110.0,WTA,up,Switzerland,148,2026-02-01 15:28:19
412,Eri Shimizu,13810.0,WTA,up,Japan,148,2026-02-01 15:28:19
413,Amandine Monnot,14242.0,WTA,up,France,147,2026-02-01 15:28:19
414,Angella Okutoyi,10913.0,WTA,down,Kenya,147,2026-02-01 15:28:19
415,Sayaka Ishii,37885.0,WTA,up,Japan,146,2026-02-01 15:28:19
416,Sofya Lansere,69.0,WTA,up,World,146,2026-02-01 15:28:19
417,Martina Okalova,38017.0,WTA,up,Slovakia,145,2026-02-01 15:28:19
418,Maria Mateas,111.0,WTA,up,USA,144,2026-02-01 15:28:19
419,Jia-Jing Lu,1002.0,WTA,up,China,144,2026-02-01 15:28:19
420,Vittoria Paganetti,29728.0,WTA,up,Italy,144,2026-02-01 15:28:19
421,Kristina Dmitruk,2298.0,WTA,up,World,143,2026-02-01 15:28:19
422,Ayla Aksu,4363.0,WTA,up,Turkey,143,2026-02-01 15:28:19
423,Anastasia Abbagnato,38052.0,WTA,up,Italy,142,2026-02-01 15:28:19
424,Momoko Kobori,7356.0,WTA,up,Japan,142,2026-02-01 15:28:19
425,Alana Smith,17346.0,WTA,up,USA,141,2026-02-01 15:28:19
426,Kira Pavlova,13072.0,WTA,up,World,141,2026-02-01 15:28:19
427,Yasmine Kabbaj,37878.0,WTA,down,Morocco,139,2026-02-01 15:28:19
428,Lisa Zaar,12814.0,WTA,up,Sweden,139,2026-02-01 15:28:19
429,Antonia Vergara Rivera,23356.0,WTA,up,Chile,138,2026-02-01 15:28:19
430,Elena Malygina,1994.0,WTA,up,Estonia,137,2026-02-01 15:28:19
431,Andreea Prisacariu,13793.0,WTA,down,Romania,136,2026-02-01 15:28:19
432,Sophie Steur Joelle Lilly,15649.0,WTA,up,Germany,136,2026-02-01 15:28:19
433,Zuzanna Pawlikowska,15409.0,WTA,down,Poland,136,2026-02-01 15:28:19
434,Victoria Allen,71438.0,WTA,down,United Kingdom,136,2026-02-01 15:28:19
435,Alice Tubello,7522.0,WTA,up,France,133,2026-02-01 15:28:19
436,Maria Kozyreva,19544.0,WTA,up,World,133,2026-02-01 15:28:19
437,Aneta Kucmova,,WTA,up,Czech Republic,133,2026-02-01 15:28:19
438,Julia Adams,15344.0,WTA,up,USA,133,2026-02-01 15:28:19
439,Han Shi,38097.0,WTA,up,China,132,2026-02-01 15:28:19
440,Patcharin Cheapchandej,5426.0,WTA,down,Thailand,132,2026-02-01 15:28:19
441,Aunchisa Chanta,,WTA,up,Thailand,132,2026-02-01 15:28:19
442,Alicia Dudeney,37850.0,WTA,up,United Kingdom,132,2026-02-01 15:28:19
443,Judith Visscher Stephanie,21.0,WTA,up,Netherlands,132,2026-02-01 15:28:19
444,Lamis Alhussein Abdel Aziz,13865.0,WTA,up,Egypt,130,2026-02-01 15:28:19
445,Madison Sieg,9246.0,WTA,up,USA,129,2026-02-01 15:28:19
446,Mina Hodzic,147.0,WTA,down,Germany,127,2026-02-01 15:28:19
447,Mathilde Lollia,14672.0,WTA,up,France,127,2026-02-01 15:28:19
448,Hayu Kinoshita,10909.0,WTA,down,Japan,127,2026-02-01 15:28:19
449,Federica Urgesi,10912.0,WTA,up,Italy,126,2026-02-01 15:28:19
450,Akua Stoiber Ranah,9387.0,WTA,up,United Kingdom,126,2026-02-01 15:28:19
451,Tena Lukas,1438.0,WTA,up,Croatia,126,2026-02-01 15:28:19
452,Urszula Radwanska,2272.0,WTA,up,Poland,125,2026-02-01 15:28:19
453,Rashmikaa Bhamidipaty Shrivalli,18040.0,WTA,up,India,124,2026-02-01 15:28:19
454,Amelia Rajecki,39071.0,WTA,up,United Kingdom,123,2026-02-01 15:28:19
455,Madison Brengle,2391.0,WTA,up,USA,121,2026-02-01 15:28:19
456,Florencia Urrutia Maria,54084.0,WTA,down,Argentina,121,2026-02-01 15:28:19
457,Lian Tran,13212.0,WTA,up,Netherlands,120,2026-02-01 15:28:19
458,Fernanda Labrana,2121.0,WTA,up,Chile,120,2026-02-01 15:28:19
459,Meiqi Guo,9108.0,WTA,up,China,120,2026-02-01 15:28:19
460,Radka Zelnickova,1363.0,WTA,up,Slovakia,120,2026-02-01 15:28:19
461,Valentini Grammatikopoulou,504.0,WTA,up,Greece,120,2026-02-01 15:28:19
462,Jasmijn Gimbrere,13078.0,WTA,down,Netherlands,120,2026-02-01 15:28:19
463,Yaroslava Bartashevich,9169.0,WTA,up,France,119,2026-02-01 15:28:19
464,Angelina Voloshchuk,39033.0,WTA,up,Portugal,119,2026-02-01 15:28:19
465,Elizabeth Reasco Gonzalez Mell,11487.0,WTA,down,Ecuador,119,2026-02-01 15:28:19
466,Zongyu Li,22722.0,WTA,up,China,118,2026-02-01 15:28:19
467,Thaisa Pedretti,4778.0,WTA,down,Brazil,118,2026-02-01 15:28:19
468,Emily Seibold,13503.0,WTA,up,Germany,118,2026-02-01 15:28:19
469,Tereza Martincova,1149.0,WTA,up,Czech Republic,117,2026-02-01 15:28:19
470,Vaidehi Chaudhari,13982.0,WTA,up,India,117,2026-02-01 15:28:19
471,Rasheeda McAdoo,1414.0,WTA,up,USA,117,2026-02-01 15:28:19
472,Sara Daavettila,13521.0,WTA,up,USA,117,2026-02-01 15:28:19
473,Natsumi Kawaguchi,13546.0,WTA,down,Japan,117,2026-02-01 15:28:19
474,Aleksandra Krunic,443.0,WTA,up,Serbia,116,2026-02-01 15:28:19
475,Yufei Ren,51632.0,WTA,down,China,116,2026-02-01 15:28:19
476,Misaki Matsuda,1423.0,WTA,down,Japan,116,2026-02-01 15:28:19
477,Robin Anderson,1798.0,WTA,up,USA,115,2026-02-01 15:28:19
478,Luca Udvardy,38781.0,WTA,down,Hungary,114,2026-02-01 15:28:19
479,Yuki Naito,,WTA,up,Japan,114,2026-02-01 15:28:19
480,Mariia Tkacheva,13204.0,WTA,up,World,114,2026-02-01 15:28:19
481,Kristiana Sidorova,57527.0,WTA,up,World,113,2026-02-01 15:28:19
482,Dalina Amariei Ilinca,30.0,WTA,up,Romania,113,2026-02-01 15:28:19
483,Fangzhou Liu,1959.0,WTA,up,China,113,2026-02-01 15:28:19
484,Ayumi Koshiishi,38.0,WTA,up,Japan,113,2026-02-01 15:28:19
485,Nahia Berecoechea,9266.0,WTA,up,France,112,2026-02-01 15:28:19
486,Mayu Crossley,33954.0,WTA,up,Japan,112,2026-02-01 15:28:19
487,Marie Vogt,28610.0,WTA,up,Germany,112,2026-02-01 15:28:19
488,Berfu Cengiz,1241.0,WTA,up,Turkey,111,2026-02-01 15:28:19
489,Carla Markus,39540.0,WTA,down,Argentina,111,2026-02-01 15:28:19
490,Ekaterina Ovcharenko,18807.0,WTA,up,World,111,2026-02-01 15:28:19
491,Sara Dols,36845.0,WTA,up,Spain,111,2026-02-01 15:28:19
492,Ruth Roura Llaverias,58496.0,WTA,up,Spain,110,2026-02-01 15:28:19
493,Ekaterina Khayrutdinova,10901.0,WTA,up,World,110,2026-02-01 15:28:19
494,Britt Du Pree,54738.0,WTA,up,Netherlands,110,2026-02-01 15:28:19
495,Alessandra Mazzola,15681.0,WTA,up,Italy,109,2026-02-01 15:28:19
496,Tahlia Kokkinis,63057.0,WTA,up,Australia,109,2026-02-01 15:28:19
497,Josy Daems,40135.0,WTA,up,Germany,109,2026-02-01 15:28:19
498,Jiaqi Wang,,WTA,up,China,108,2026-02-01 15:28:19
499,Georgeta Simion Oana,167.0,WTA,up,Romania,108,2026-02-01 15:28:19
500,Andreea Craciun Georgia,14036.0,WTA,up,Romania,107,2026-02-01 15:28:19
501,Alice Gillan,2565.0,WTA,up,United Kingdom,107,2026-02-01 15:28:19
502,Shiho Akita,4315.0,WTA,up,Japan,107,2026-02-01 15:28:19
503,Anja Stankovic,52257.0,WTA,up,Serbia,107,2026-02-01 15:28:19
504,Noemi Basiletti,13420.0,WTA,up,Italy,106,2026-02-01 15:28:19
505,Emeline Dartron,1114.0,WTA,up,France,105,2026-02-01 15:28:19
506,Maria Martinez Vaquero,20501.0,WTA,up,Spain,105,2026-02-01 15:28:19
507,Ariana Arseneault,185.0,WTA,up,Canada,104,2026-02-01 15:28:19
508,Weronika Falkowska,164.0,WTA,up,Poland,104,2026-02-01 15:28:19
509,Yelyzaveta Kotliar,38883.0,WTA,same,Ukraine,104,2026-02-01 15:28:19
510,Pia Lovric,11488.0,WTA,up,Slovenia,104,2026-02-01 15:28:19
511,Ania Hertel,12792.0,WTA,up,Poland,104,2026-02-01 15:28:19
512,Ana Candiotto,10902.0,WTA,up,Brazil,103,2026-02-01 15:28:19
513,Ekaterina Maklakova,9256.0,WTA,down,World,103,2026-02-01 15:28:19
514,Anastasia Kulikova,458.0,WTA,up,Finland,101,2026-02-01 15:28:19
515,Ipek Oz,486.0,WTA,up,Turkey,100,2026-02-01 15:28:19
516,Rada Zolotareva,40163.0,WTA,up,World,100,2026-02-01 15:28:19
517,Ana Bogdan,2004.0,WTA,up,Romania,99,2026-02-01 15:28:19
518,Sarah Van Emst,50288.0,WTA,up,Netherlands,99,2026-02-01 15:28:19
519,Marie Voracek Eva,58571.0,WTA,up,Germany,99,2026-02-01 15:28:19
520,Arianna Zucchini,2581.0,WTA,up,Italy,98,2026-02-01 15:28:19
521,Sara Popa Maria,14322.0,WTA,up,Romania,98,2026-02-01 15:28:19
522,Julie Pastikova,30860.0,WTA,up,Czech Republic,98,2026-02-01 15:28:19
523,Lidia Encheva,50682.0,WTA,down,Bulgaria,98,2026-02-01 15:28:19
524,Marie Dittmann Gina,19899.0,WTA,up,Germany,98,2026-02-01 15:28:19
525,Haruna Arakawa,75.0,WTA,up,Japan,98,2026-02-01 15:28:19
526,Petra Kvitova,2693.0,WTA,up,Czech Republic,97,2026-02-01 15:28:19
527,Ella McDonald,24733.0,WTA,up,United Kingdom,97,2026-02-01 15:28:19
528,Mia Pohankova,61034.0,WTA,up,Slovakia,97,2026-02-01 15:28:19
529,Rinko Matsuda,39924.0,WTA,up,Japan,96,2026-02-01 15:28:19
530,Jessica Bertoldo,37972.0,WTA,up,Italy,96,2026-02-01 15:28:19
531,Camilla Zanolini,55115.0,WTA,down,Italy,96,2026-02-01 15:28:19
532,Arina Bulatova,51324.0,WTA,up,World,96,2026-02-01 15:28:19
533,Vitalia Diatchenko,1115.0,WTA,up,World,95,2026-02-01 15:28:19
534,Malaika Rapolu,19546.0,WTA,up,USA,95,2026-02-01 15:28:19
535,Daria Lodikova,993.0,WTA,up,World,95,2026-02-01 15:28:19
536,Luiza Fullana,52392.0,WTA,up,Brazil,95,2026-02-01 15:28:19
537,Malene Helgo,172.0,WTA,up,Norway,95,2026-02-01 15:28:19
538,Riya Bhatia,93.0,WTA,up,India,94,2026-02-01 15:28:19
539,Deborah Chiesa,231.0,WTA,up,Italy,94,2026-02-01 15:28:19
540,Aran Teixido Garcia Maria,22522.0,WTA,up,Spain,94,2026-02-01 15:28:19
541,Ashley Lahey,13742.0,WTA,up,USA,93,2026-02-01 15:28:19
542,Maria Golovina,51418.0,WTA,up,World,93,2026-02-01 15:28:19
543,Verena Meliss,2580.0,WTA,up,Italy,92,2026-02-01 15:28:19
544,Draginja Vukovic,1367.0,WTA,up,Serbia,92,2026-02-01 15:28:19
545,Louise Van den Broek Isis,55590.0,WTA,up,Netherlands,91,2026-02-01 15:28:19
546,Ying Zhang,8910.0,WTA,up,China,91,2026-02-01 15:28:19
547,Jaeda Daniel,31723.0,WTA,up,USA,91,2026-02-01 15:28:19
548,Esther Adeshina,70322.0,WTA,down,United Kingdom,91,2026-02-01 15:28:19
549,Alana Subasic,68363.0,WTA,up,Australia,90,2026-02-01 15:28:19
550,Meiling Wang,2263.0,WTA,up,China,90,2026-02-01 15:28:19
551,Varvara Panshina,67427.0,WTA,up,World,90,2026-02-01 15:28:19
552,Katerina Tsygourova,23388.0,WTA,up,Switzerland,90,2026-02-01 15:28:19
553,Andreea Herea Carmen,28104.0,WTA,up,Romania,89,2026-02-01 15:28:19
554,Boyoung Jeong,24516.0,WTA,up,South Korea,89,2026-02-01 15:28:19
555,Xinxin Yao,46.0,WTA,up,China,88,2026-02-01 15:28:19
556,Lucia Cortez Llorca,5919.0,WTA,up,Spain,88,2026-02-01 15:28:19
557,Jana Kovackova,71705.0,WTA,up,Czech Republic,88,2026-02-01 15:28:19
558,Carolina Kuhl,10896.0,WTA,up,Germany,88,2026-02-01 15:28:19
559,Maria Serban Isabella,58892.0,WTA,down,Italy,88,2026-02-01 15:28:19
560,Marie Weckerle,7413.0,WTA,up,Luxembourg,88,2026-02-01 15:28:19
561,Yuno Kitahara,61695.0,WTA,same,Japan,88,2026-02-01 15:28:19
562,Sara Cakarevic,228.0,WTA,down,France,87,2026-02-01 15:28:19
563,Victoria Osuigwe,19463.0,WTA,up,USA,87,2026-02-01 15:28:19
564,Mio Mushika,10893.0,WTA,up,Japan,87,2026-02-01 15:28:19
565,Elena Milovanovic,13620.0,WTA,up,Serbia,86,2026-02-01 15:28:19
566,Mayuka Aikawa,13333.0,WTA,up,Japan,86,2026-02-01 15:28:19
567,Sachia Vickery,1790.0,WTA,up,USA,85,2026-02-01 15:28:19
568,Jamie Loeb,1782.0,WTA,down,USA,85,2026-02-01 15:28:19
569,Christine Svendsen Johanne,9257.0,WTA,up,Denmark,85,2026-02-01 15:28:19
570,Elena Cabezas Dominguez Sofia,56279.0,WTA,up,Venezuela,85,2026-02-01 15:28:19
571,Jenny Lim,8545.0,WTA,up,France,84,2026-02-01 15:28:19
572,Adelina Lachinova,50429.0,WTA,up,Latvia,84,2026-02-01 15:28:19
573,Ena Koike,40075.0,WTA,up,Japan,84,2026-02-01 15:28:19
574,Dana Guzman,9241.0,WTA,up,Peru,84,2026-02-01 15:28:19
575,Kayo Nishimura,49582.0,WTA,up,Japan,84,2026-02-01 15:28:19
576,Rositsa Dencheva,34106.0,WTA,up,Bulgaria,83,2026-02-01 15:28:19
577,Erika Sema,4526.0,WTA,down,Japan,83,2026-02-01 15:28:19
578,Venus Williams,5341.0,WTA,up,USA,82,2026-02-01 15:28:19
579,Vera Zvonareva,2822.0,WTA,down,World,82,2026-02-01 15:28:19
580,Noelia Zeballos,6.0,WTA,down,Bolivia,82,2026-02-01 15:28:19
581,Ema Burgic,9356.0,WTA,up,Bosnia and Herzegovina,82,2026-02-01 15:28:19
582,Marine Szostak,13505.0,WTA,up,France,82,2026-02-01 15:28:19
583,Ksenia Efremova,63490.0,WTA,up,France,81,2026-02-01 15:28:19
584,Valentina Steiner,74837.0,WTA,up,Germany,81,2026-02-01 15:28:19
585,Ankita Raina,1442.0,WTA,up,India,81,2026-02-01 15:28:19
586,Ksenia Zaytseva,2526.0,WTA,up,World,81,2026-02-01 15:28:19
587,Reina Goto,50792.0,WTA,up,Japan,81,2026-02-01 15:28:19
588,Natsuki Yoshimoto,53278.0,WTA,up,Japan,81,2026-02-01 15:28:19
589,Maria Gonzalez Daniele Justina,53436.0,WTA,down,Argentina,81,2026-02-01 15:28:19
590,Eliska Tichackova,56385.0,WTA,up,Czech Republic,80,2026-02-01 15:28:19
591,Jana Kolodynska,199.0,WTA,down,World,80,2026-02-01 15:28:19
592,Daria Egorova,63419.0,WTA,down,World,79,2026-02-01 15:28:19
593,Jenna Defalco,13650.0,WTA,up,USA,79,2026-02-01 15:28:19
594,Maria Ionescu Eva,54081.0,WTA,up,Romania,79,2026-02-01 15:28:19
595,Gabriella da Silva Fick,1366.0,WTA,down,Australia,78,2026-02-01 15:28:19
596,Ellie Schoppe,77239.0,WTA,up,USA,78,2026-02-01 15:28:19
597,Alice Robbe,91.0,WTA,up,France,78,2026-02-01 15:28:19
598,Hikaru Sato,39077.0,WTA,up,Japan,78,2026-02-01 15:28:19
599,Chihiro Muramatsu,5343.0,WTA,down,Japan,78,2026-02-01 15:28:19
600,Bianca Barbulescu,29.0,WTA,up,Romania,78,2026-02-01 15:28:19
601,Noelia Bouzo Zanotti,31.0,WTA,up,Spain,78,2026-02-01 15:28:19
602,Chenting Zhu,53060.0,WTA,up,China,77,2026-02-01 15:28:19
603,Amy Zhu,133.0,WTA,up,USA,77,2026-02-01 15:28:19
604,Iva Primorac,5330.0,WTA,up,Croatia,77,2026-02-01 15:28:19
605,Dasha Plekhanova,50654.0,WTA,up,Canada,76,2026-02-01 15:28:19
606,Alena Kovackova,52683.0,WTA,up,Czech Republic,76,2026-02-01 15:28:19
607,Alba Rey Garcia,1418.0,WTA,up,Spain,76,2026-02-01 15:28:19
608,Adrienn Nagy,12932.0,WTA,up,Hungary,76,2026-02-01 15:28:19
609,Enola Chiesa,176.0,WTA,up,Italy,75,2026-02-01 15:28:19
610,Merna Refaat,1044.0,WTA,up,Egypt,75,2026-02-01 15:28:19
611,Valeriya Yushchenko,1005.0,WTA,up,World,75,2026-02-01 15:28:19
612,Kristina Kroitor,75363.0,WTA,up,World,75,2026-02-01 15:28:19
613,Jada Robinson,59623.0,WTA,up,USA,75,2026-02-01 15:28:19
614,Yi Yang Ya,1023.0,WTA,up,Taiwan,75,2026-02-01 15:28:19
615,Fiona Ganz,12561.0,WTA,up,Switzerland,75,2026-02-01 15:28:19
616,Eleejah Inisan,40528.0,WTA,up,France,74,2026-02-01 15:28:19
617,Melisa Ercan,40065.0,WTA,up,Australia,74,2026-02-01 15:28:19
618,Eudice Chong,7589.0,WTA,up,Hong Kong,74,2026-02-01 15:28:19
619,Diana Martynov,13466.0,WTA,up,France,74,2026-02-01 15:28:19
620,Mariana Diaz-Oliva,,WTA,down,Argentina,74,2026-02-01 15:28:19
621,Jana Otzipka,51326.0,WTA,up,Belgium,74,2026-02-01 15:28:19
622,Kamilla Bartone,220.0,WTA,up,Latvia,74,2026-02-01 15:28:19
623,Amelie Van Impe,21360.0,WTA,up,Belgium,74,2026-02-01 15:28:19
624,Ekaterina Perelygina,75890.0,WTA,up,Austria,74,2026-02-01 15:28:19
625,Dasha Ivanova,1050.0,WTA,up,USA,74,2026-02-01 15:28:19
626,Angelica Raggi,1443.0,WTA,up,Italy,73,2026-02-01 15:28:19
627,Dalayna Hewitt,189.0,WTA,up,USA,73,2026-02-01 15:28:19
628,Zeel Desai,13676.0,WTA,up,India,73,2026-02-01 15:28:19
629,Elena Korokozidi,37979.0,WTA,up,Greece,73,2026-02-01 15:28:19
630,Valeria Bhunu,7729.0,WTA,up,Zimbabwe,73,2026-02-01 15:28:19
631,Laura Mair,5151.0,WTA,up,Italy,73,2026-02-01 15:28:19
632,Amelia Honer,9526.0,WTA,up,USA,72,2026-02-01 15:28:19
633,Hannah Klugman,55586.0,WTA,down,United Kingdom,72,2026-02-01 15:28:19
634,Thasaporn Naklo,58067.0,WTA,up,Thailand,72,2026-02-01 15:28:19
635,Nina Vargova,15593.0,WTA,up,Slovakia,72,2026-02-01 15:28:19
636,Sara Errani,474.0,WTA,up,Italy,71,2026-02-01 15:28:19
637,Olivia Lincer,19335.0,WTA,up,USA,71,2026-02-01 15:28:19
638,Mariella Thamm,70149.0,WTA,up,Germany,71,2026-02-01 15:28:19
639,Berta Bonardi,4005.0,WTA,down,Argentina,71,2026-02-01 15:28:19
640,Loes Ebeling Koning,66095.0,WTA,up,Netherlands,71,2026-02-01 15:28:19
641,Andre Lukosiute,11326.0,WTA,up,Lithuania,71,2026-02-01 15:28:19
642,Alize Lim,5432.0,WTA,down,France,71,2026-02-01 15:28:19
643,Marcelina Podlinska,9047.0,WTA,up,Poland,71,2026-02-01 15:28:19
644,Danka Kovinic,2524.0,WTA,up,Montenegro,70,2026-02-01 15:28:19
645,Lan Mi,68334.0,WTA,down,China,70,2026-02-01 15:28:19
646,Ana Konjuh,1824.0,WTA,up,Croatia,69,2026-02-01 15:28:19
647,Marie Mettraux,2265.0,WTA,up,Switzerland,69,2026-02-01 15:28:19
648,Beatrise Zeltina,80157.0,WTA,down,Latvia,69,2026-02-01 15:28:19
649,Michika Ozeki,7561.0,WTA,up,Japan,69,2026-02-01 15:28:19
650,Maaya Rajeshwaran Revathi,63412.0,WTA,up,India,68,2026-02-01 15:28:19
651,Elina Nepliy,62081.0,WTA,up,World,68,2026-02-01 15:28:19
652,Stefani Webb,10932.0,WTA,up,Australia,68,2026-02-01 15:28:19
653,Tamila Gadamauri,80301.0,WTA,up,Belgium,68,2026-02-01 15:28:19
654,Rebecca Munk Mortensen,37903.0,WTA,down,Denmark,68,2026-02-01 15:28:19
655,Mara Guth,8334.0,WTA,up,Germany,68,2026-02-01 15:28:19
656,Astrid Cirotte,13324.0,WTA,down,France,68,2026-02-01 15:28:19
657,Alyssa Reguer,2545.0,WTA,up,France,67,2026-02-01 15:28:19
658,Stephanie Wagner,1416.0,WTA,up,Germany,67,2026-02-01 15:28:19
659,Stefania Bojica,38154.0,WTA,down,Romania,67,2026-02-01 15:28:19
660,Vitoria Leme Da Silva Nauhany,65788.0,WTA,up,Brazil,66,2026-02-01 15:28:19
661,Rachel Gailis,1351.0,WTA,up,USA,66,2026-02-01 15:28:19
662,Maitane Arconada Usue,3001.0,WTA,up,USA,65,2026-02-01 15:28:19
663,Anna Petkovic,72578.0,WTA,up,Germany,65,2026-02-01 15:28:19
664,Hiroko Kuwata,5244.0,WTA,same,Japan,65,2026-02-01 15:28:19
665,Karina Miller,23171.0,WTA,up,USA,65,2026-02-01 15:28:19
666,Mary Lewis,40229.0,WTA,up,USA,64,2026-02-01 15:28:19
667,Christasha McNeil,32551.0,WTA,up,USA,64,2026-02-01 15:28:19
668,Sarah Iliev,9250.0,WTA,up,France,64,2026-02-01 15:28:19
669,Punnin Kovapitukted,12715.0,WTA,up,Thailand,64,2026-02-01 15:28:19
670,Milana Zhabrailova,43.0,WTA,down,World,64,2026-02-01 15:28:19
671,Katy Dunne,5016.0,WTA,down,United Kingdom,63,2026-02-01 15:28:19
672,Alexis Nguyen,,WTA,up,USA,63,2026-02-01 15:28:19
673,Jeong Jang Su,1803.0,WTA,up,South Korea,63,2026-02-01 15:28:19
674,Lavinia Tanasie,13031.0,WTA,up,Romania,63,2026-02-01 15:28:19
675,Kateryna Lazarenko,38153.0,WTA,up,Ukraine,63,2026-02-01 15:28:19
676,Ruien Zhang,,WTA,up,China,62,2026-02-01 15:28:19
677,Alexandra Vagramov,7035.0,WTA,up,Canada,62,2026-02-01 15:28:19
678,Tian Jialin,69107.0,WTA,up,China,62,2026-02-01 15:28:19
679,Sofia Rocchetti,2584.0,WTA,up,Italy,61,2026-02-01 15:28:19
680,Federica Oana Anamaria,55524.0,WTA,up,Romania,61,2026-02-01 15:28:19
681,Raphaelle Lacasse,6697.0,WTA,up,Canada,61,2026-02-01 15:28:19
682,Oceane Dodin,523.0,WTA,down,France,59,2026-02-01 15:28:19
683,Vaishnavi Adkar,39035.0,WTA,up,India,59,2026-02-01 15:28:19
684,Jessica Hinojosa Gomez,1051.0,WTA,up,Mexico,59,2026-02-01 15:28:19
685,Lina Glushko,1829.0,WTA,up,Israel,58,2026-02-01 15:28:19
686,Sarah Rokusek,10929.0,WTA,down,Australia,58,2026-02-01 15:28:19
687,Marie Nijkamp Rose,61974.0,WTA,up,Netherlands,58,2026-02-01 15:28:19
688,Gaia Maduzzi,55153.0,WTA,up,Italy,58,2026-02-01 15:28:19
689,Clara Vlasselaer,1357.0,WTA,up,Belgium,58,2026-02-01 15:28:19
690,Cody Wong Hong Yi,2566.0,WTA,up,Hong Kong,57,2026-02-01 15:28:19
691,Briana Szabo,13381.0,WTA,up,Romania,57,2026-02-01 15:28:19
692,Emma Lene,13258.0,WTA,up,France,57,2026-02-01 15:28:19
693,Federica Di Sarra,1799.0,WTA,up,Italy,56,2026-02-01 15:28:19
694,Jesika Maleckova,1109.0,WTA,up,Czech Republic,56,2026-02-01 15:28:19
695,Kristina Novak,38150.0,WTA,down,Slovenia,56,2026-02-01 15:28:19
696,Lea Nilsson,51328.0,WTA,up,Sweden,56,2026-02-01 15:28:19
697,Shilin Xu,131.0,WTA,up,China,56,2026-02-01 15:28:19
698,Kylie Collins,20330.0,WTA,up,USA,56,2026-02-01 15:28:19
699,Akasha Ceuca Ann,75973.0,WTA,down,Germany,56,2026-02-01 15:28:19
700,Ana Grubor,89.0,WTA,down,Canada,56,2026-02-01 15:28:19
701,Martina Trevisan,512.0,WTA,up,Italy,55,2026-02-01 15:28:19
702,Zhuoxuan Bai,9107.0,WTA,up,China,55,2026-02-01 15:28:19
703,Amina Anshba,1983.0,WTA,up,World,55,2026-02-01 15:28:19
704,Demi Tran,13208.0,WTA,down,Netherlands,55,2026-02-01 15:28:19
705,Julia Stusek,38313.0,WTA,up,Germany,55,2026-02-01 15:28:19
706,Anastasia Bertacchi,68678.0,WTA,up,Italy,55,2026-02-01 15:28:19
707,Nellie Taraba Wallberg,40173.0,WTA,up,Sweden,55,2026-02-01 15:28:19
708,Ivana Sebestova,14.0,WTA,up,Czech Republic,55,2026-02-01 15:28:19
709,Luisa Meyer Auf Der Heide,53.0,WTA,up,Germany,55,2026-02-01 15:28:19
710,Junhan Zhang,63420.0,WTA,up,China,55,2026-02-01 15:28:19
711,Mia Horvit,38670.0,WTA,up,USA,55,2026-02-01 15:28:19
712,Jose Portillo Ramirez Maria,1428.0,WTA,up,Mexico,54,2026-02-01 15:28:19
713,Gina Feistel,38149.0,WTA,up,Poland,54,2026-02-01 15:28:19
714,Anna Kubareva,1417.0,WTA,up,World,54,2026-02-01 15:28:19
715,Anita Sahdiieva,13920.0,WTA,up,Ukraine,54,2026-02-01 15:28:19
716,Anastasiia Gureva,9245.0,WTA,up,World,53,2026-02-01 15:28:19
717,Monique Barry,40167.0,WTA,up,New Zealand,53,2026-02-01 15:28:19
718,Kristina Liutova,76966.0,WTA,up,World,53,2026-02-01 15:28:19
719,Laia Petretic,22.0,WTA,up,France,53,2026-02-01 15:28:19
720,Iva Ivanova,52708.0,WTA,up,Bulgaria,53,2026-02-01 15:28:19
721,Yasmin Ezzat,1035.0,WTA,up,Egypt,53,2026-02-01 15:28:19
722,Zoziya Kardava,11480.0,WTA,up,Georgia,53,2026-02-01 15:28:19
723,Marie Benoit,2289.0,WTA,up,Belgium,52,2026-02-01 15:28:19
724,Brooke Black,55157.0,WTA,up,United Kingdom,52,2026-02-01 15:28:19
725,Evialina Laskevich,2114.0,WTA,up,World,52,2026-02-01 15:28:19
726,Monika Stankiewicz,52685.0,WTA,up,Poland,52,2026-02-01 15:28:19
727,Aneta Laboutkova,4085.0,WTA,up,Czech Republic,52,2026-02-01 15:28:19
728,Camila Romero,22529.0,WTA,down,Ecuador,52,2026-02-01 15:28:19
729,Ava Markham,40193.0,WTA,up,USA,52,2026-02-01 15:28:19
730,Irina Balus,10898.0,WTA,up,Slovakia,52,2026-02-01 15:28:19
731,Salma Ewing,38259.0,WTA,up,USA,52,2026-02-01 15:28:19
732,Yujia Huang,56997.0,WTA,down,China,52,2026-02-01 15:28:19
733,Alyssa Ahn,48889.0,WTA,up,USA,51,2026-02-01 15:28:19
734,Yuliana Lizarazo,150.0,WTA,up,Colombia,51,2026-02-01 15:28:19
735,Julia Konishi Camargo Silva,2120.0,WTA,up,Brazil,51,2026-02-01 15:28:19
736,Makenna Jones,38040.0,WTA,up,USA,51,2026-02-01 15:28:19
737,Chengyiyi Yuan,10227.0,WTA,up,China,51,2026-02-01 15:28:19
738,Carmen Lopez Martinez,38035.0,WTA,down,Spain,51,2026-02-01 15:28:19
739,Ida Wobker,81722.0,WTA,up,Germany,51,2026-02-01 15:28:19
740,Arlinda Rushiti,104.0,WTA,up,Kosovo,51,2026-02-01 15:28:19
741,Luciana Moyano,40060.0,WTA,down,Argentina,51,2026-02-01 15:28:19
742,Franziska Sziedat,2116.0,WTA,down,Germany,51,2026-02-01 15:28:19
743,Ziva Falkner,2278.0,WTA,up,Slovenia,51,2026-02-01 15:28:19
744,JiaYi Wang,5683.0,WTA,down,China,51,2026-02-01 15:28:19
745,Daria Zelinskaya,14549.0,WTA,up,World,51,2026-02-01 15:28:19
746,Yuhan Wang,85999.0,WTA,up,China,50,2026-02-01 15:28:19
747,Sophia Biolay,16091.0,WTA,up,France,50,2026-02-01 15:28:19
748,Maria Sholokhova,9258.0,WTA,up,World,50,2026-02-01 15:28:19
749,Edda Mamedova,14563.0,WTA,up,World,50,2026-02-01 15:28:19
750,Yanina Wickmayer,74.0,WTA,up,Belgium,49,2026-02-01 15:28:19
751,Clara Burel,515.0,WTA,up,France,49,2026-02-01 15:28:19
752,Diana Demidova,1001.0,WTA,up,World,49,2026-02-01 15:28:19
753,Victoria Milovanova,63416.0,WTA,up,World,49,2026-02-01 15:28:19
754,Jiangxue Han,,WTA,up,China,49,2026-02-01 15:28:19
755,Daria Kudashova,13424.0,WTA,up,World,48,2026-02-01 15:28:19
756,Nadiya Kolb,7553.0,WTA,up,Ukraine,48,2026-02-01 15:28:19
757,Melany Fajmonova Sarah,83920.0,WTA,down,Czech Republic,48,2026-02-01 15:28:19
758,Ying Cheuk Shek,70300.0,WTA,up,Hong Kong,48,2026-02-01 15:28:19
759,Ayumi Miyamoto,11583.0,WTA,up,Japan,48,2026-02-01 15:28:19
760,Vlada Mincheva,61490.0,WTA,up,World,48,2026-02-01 15:28:19
761,Laura Svatikova,14635.0,WTA,up,Slovakia,48,2026-02-01 15:28:19
762,Ekaterina Yashina,1987.0,WTA,up,World,47,2026-02-01 15:28:19
763,Celia Cervino Ruiz,137.0,WTA,up,Spain,47,2026-02-01 15:28:19
764,Laquisa Khan,58844.0,WTA,down,Australia,47,2026-02-01 15:28:19
765,Joy De Zeeuw,54718.0,WTA,up,Netherlands,47,2026-02-01 15:28:19
766,Adithya Karunaratne,13074.0,WTA,up,Hong Kong,47,2026-02-01 15:28:19
767,Aruzhan Sagandikova,10917.0,WTA,up,Kazakhstan,47,2026-02-01 15:28:19
768,Vicky Van De Peer,13820.0,WTA,up,Belgium,47,2026-02-01 15:28:19
769,Yuliya Hatouka,466.0,WTA,up,World,47,2026-02-01 15:28:19
770,Maria Kalyakina,61314.0,WTA,up,World,47,2026-02-01 15:28:19
771,Angelina Wirges,1368.0,WTA,up,Germany,47,2026-02-01 15:28:19
772,Valentina Mediorreal Arias,50044.0,WTA,up,Colombia,46,2026-02-01 15:28:19
773,Michaela Bayerlova,194.0,WTA,down,Czech Republic,46,2026-02-01 15:28:19
774,Geraldine Gerald Gonzalez Jimar,19896.0,WTA,up,Chile,46,2026-02-01 15:28:19
775,Yi Chen Meng,40110.0,WTA,up,China,46,2026-02-01 15:28:19
776,Matilde Paoletti,9395.0,WTA,up,Italy,46,2026-02-01 15:28:19
777,Patricija Paukstyte,10903.0,WTA,up,Lithuania,46,2026-02-01 15:28:19
778,Petra Konjikusic,50681.0,WTA,up,Serbia,46,2026-02-01 15:28:19
779,Federica Sacco,57428.0,WTA,up,Italy,46,2026-02-01 15:28:19
780,Dune Vaissaud,52684.0,WTA,up,France,46,2026-02-01 15:28:19
781,Safina Popa Giulia,69063.0,WTA,up,Romania,45,2026-02-01 15:28:19
782,Anne-Christine Lutkemeyer,1358.0,WTA,up,USA,45,2026-02-01 15:28:19
783,Madelief Hageman,2527.0,WTA,down,Netherlands,45,2026-02-01 15:28:19
784,Mirjam Bjorklund,498.0,WTA,up,Sweden,44,2026-02-01 15:28:19
785,Jessica Failla,13323.0,WTA,up,USA,44,2026-02-01 15:28:19
786,Naho Sato,,WTA,up,Japan,44,2026-02-01 15:28:19
787,Ilay Yoruk,1344.0,WTA,down,Turkey,44,2026-02-01 15:28:19
788,Bella Payne,82380.0,WTA,up,USA,44,2026-02-01 15:28:19
789,Adriana Reami,2586.0,WTA,up,USA,44,2026-02-01 15:28:19
790,Honoka Kobayashi,13415.0,WTA,up,Japan,44,2026-02-01 15:28:19
791,Daria Yesypchuk,52647.0,WTA,down,Ukraine,44,2026-02-01 15:28:19
792,Noemi Maines,73807.0,WTA,down,Italy,44,2026-02-01 15:28:19
793,Beatrice Ricci,1024.0,WTA,up,Italy,43,2026-02-01 15:28:19
794,Oceane Babel,492.0,WTA,up,France,43,2026-02-01 15:28:19
795,Iveta Dapkute,11610.0,WTA,up,Lithuania,43,2026-02-01 15:28:19
796,Chloe Noel,13077.0,WTA,up,France,43,2026-02-01 15:28:19
797,Marie Villet,13075.0,WTA,up,France,43,2026-02-01 15:28:19
798,Petra Hule,33387.0,WTA,up,Australia,42,2026-02-01 15:28:19
799,Gaeul Jang,32808.0,WTA,up,South Korea,42,2026-02-01 15:28:19
800,Chelsea Fontenel,9252.0,WTA,up,Switzerland,42,2026-02-01 15:28:19
801,Maria Toma,13545.0,WTA,up,Romania,42,2026-02-01 15:28:19
802,Linda Sevcikova,21842.0,WTA,up,Czech Republic,42,2026-02-01 15:28:19
803,Nika Radisic,175.0,WTA,up,Slovenia,41,2026-02-01 15:28:19
804,Kailey Evans,22282.0,WTA,up,USA,41,2026-02-01 15:28:19
805,Victoria Gomez O'Hayon,40095.0,WTA,up,Spain,41,2026-02-01 15:28:19
806,Yiming Dang,53147.0,WTA,up,China,41,2026-02-01 15:28:19
807,Tamira Paszek,2756.0,WTA,up,Austria,41,2026-02-01 15:28:19
808,Nagi Hanatani,2602.0,WTA,up,Japan,41,2026-02-01 15:28:19
809,Mana Kawamura,2570.0,WTA,up,Japan,41,2026-02-01 15:28:19
810,Romina Ccuno,2119.0,WTA,up,Peru,41,2026-02-01 15:28:19
811,Jaimee Fourlis,441.0,WTA,up,Australia,40,2026-02-01 15:28:19
812,Onyu Choi,24515.0,WTA,up,South Korea,40,2026-02-01 15:28:19
813,Diana Marcinkevica,122.0,WTA,up,Latvia,40,2026-02-01 15:28:19
814,Ya-Hsuan Lee,5239.0,WTA,up,Taiwan,39,2026-02-01 15:28:19
815,Ilinca Burcescu Maia,69713.0,WTA,up,Romania,39,2026-02-01 15:28:19
816,Jacqueline Cabaj Awad,87.0,WTA,up,Sweden,39,2026-02-01 15:28:19
817,Wanja Brune Olsen Astrid,20694.0,WTA,up,Norway,39,2026-02-01 15:28:19
818,Anastasiia Firman,69527.0,WTA,up,Ukraine,39,2026-02-01 15:28:19
819,Brenda Fruhvirtova,9532.0,WTA,up,Czech Republic,38,2026-02-01 15:28:19
820,Karolina Schmiedlova Anna,1145.0,WTA,up,Slovakia,38,2026-02-01 15:28:19
821,Belle Thompson,39129.0,WTA,up,Australia,38,2026-02-01 15:28:19
822,Suana Tucakovic,50431.0,WTA,up,Bosnia and Herzegovina,38,2026-02-01 15:28:19
823,Ella Haavisto,38990.0,WTA,down,Finland,38,2026-02-01 15:28:19
824,Peangtarn Plipuech,3409.0,WTA,down,Thailand,38,2026-02-01 15:28:19
825,Merel Hoedt,2296.0,WTA,up,Netherlands,38,2026-02-01 15:28:19
826,Kristina Penickova,58224.0,WTA,up,USA,37,2026-02-01 15:28:19
827,Viola Turini,1375.0,WTA,up,Italy,37,2026-02-01 15:28:19
828,Luna Vujovic,65718.0,WTA,up,Serbia,37,2026-02-01 15:28:19
829,Marianne Argyrokastriti,53625.0,WTA,up,Greece,37,2026-02-01 15:28:19
830,Eugenie Bouchard,2941.0,WTA,up,Canada,36,2026-02-01 15:28:19
831,Kristina Mladenovic,514.0,WTA,up,France,36,2026-02-01 15:28:19
832,Ines Murta,90.0,WTA,up,Portugal,36,2026-02-01 15:28:19
833,Linea Bajraliu,67387.0,WTA,down,Sweden,36,2026-02-01 15:28:19
834,Shannon Lam,32562.0,WTA,up,USA,36,2026-02-01 15:28:19
835,Polina Kuharenko,40793.0,WTA,up,World,36,2026-02-01 15:28:19
836,Yujin Kim,62139.0,WTA,up,South Korea,36,2026-02-01 15:28:19
837,Arabella Koller,14207.0,WTA,up,Austria,36,2026-02-01 15:28:19
838,Mara Gae,55170.0,WTA,up,Romania,36,2026-02-01 15:28:19
839,Garbiela Vasilescu Arina,13991.0,WTA,up,Romania,36,2026-02-01 15:28:19
840,Maddalena Giordano,58312.0,WTA,down,Italy,36,2026-02-01 15:28:19
841,Fernanda Herazo Gonzalez Maria,1415.0,WTA,up,Colombia,35,2026-02-01 15:28:19
842,Camila Torres Murcia Maria,1053.0,WTA,up,Colombia,35,2026-02-01 15:28:19
843,Victoria Kan,1421.0,WTA,up,World,35,2026-02-01 15:28:19
844,Raquel Gonzalez Vilar,13821.0,WTA,up,Spain,35,2026-02-01 15:28:19
845,Kate Mansfield,24735.0,WTA,up,USA,35,2026-02-01 15:28:19
846,Klara Veldman,13168.0,WTA,up,Netherlands,35,2026-02-01 15:28:19
847,Lavinia Luciano,68315.0,WTA,up,Italy,35,2026-02-01 15:28:19
848,Jing-Jing Lu,8238.0,WTA,up,China,34,2026-02-01 15:28:19
849,Sonja Zhenikhova,57568.0,WTA,up,Germany,34,2026-02-01 15:28:19
850,Xinran Sun,82564.0,WTA,up,China,34,2026-02-01 15:28:19
851,Mao Mushika,37889.0,WTA,up,Japan,34,2026-02-01 15:28:19
852,Jamilah Snells,13360.0,WTA,up,USA,34,2026-02-01 15:28:19
853,Karine Sarkisova,40214.0,WTA,up,World,34,2026-02-01 15:28:19
854,Gaia Squarcialupi,2533.0,WTA,up,Italy,34,2026-02-01 15:28:19
855,Tilwith Di Girolami,33.0,WTA,up,Belgium,34,2026-02-01 15:28:19
856,Carolin Raschdorf,65988.0,WTA,down,Germany,34,2026-02-01 15:28:19
857,Anja Wildgruber,1387.0,WTA,up,Germany,34,2026-02-01 15:28:19
858,Dileep Nitture Akanksha,18042.0,WTA,up,India,33,2026-02-01 15:28:19
859,DJ Bennett,52057.0,WTA,up,USA,33,2026-02-01 15:28:19
860,Amy Sucha,56476.0,WTA,up,Czech Republic,33,2026-02-01 15:28:19
861,Anastasija Cvetkovic,57899.0,WTA,up,Serbia,33,2026-02-01 15:28:19
862,Johanna Silva,38157.0,WTA,up,Germany,33,2026-02-01 15:28:19
863,Coco Bosman,70147.0,WTA,up,Netherlands,33,2026-02-01 15:28:19
864,Alicia Smith,6292.0,WTA,up,Australia,33,2026-02-01 15:28:19
865,Diana-Ioana Simionescu,55523.0,WTA,up,Romania,33,2026-02-01 15:28:19
866,Julia Stamatova,2600.0,WTA,up,Bulgaria,33,2026-02-01 15:28:19
867,Lilian Poling,61430.0,WTA,down,USA,33,2026-02-01 15:28:19
868,Defne Cirpanli,1009.0,WTA,up,Turkey,32,2026-02-01 15:28:19
869,Natalia Sousa Salazar,67621.0,WTA,down,Mexico,32,2026-02-01 15:28:19
870,Irem Kurt,13034.0,WTA,up,Turkey,32,2026-02-01 15:28:19
871,Shiyu Ye,,WTA,up,China,32,2026-02-01 15:28:19
872,Sofia Rojas,,WTA,up,Ecuador,32,2026-02-01 15:28:19
873,Ophelie Boullay,90171.0,WTA,up,France,32,2026-02-01 15:28:19
874,Julieta Estable Lara,2283.0,WTA,up,Argentina,32,2026-02-01 15:28:19
875,Akiko Omae,4342.0,WTA,up,Japan,32,2026-02-01 15:28:19
876,Polina Leykina,5264.0,WTA,up,World,32,2026-02-01 15:28:19
877,Louna Zoppas,54698.0,WTA,same,France,32,2026-02-01 15:28:19
878,Claudia Ferrer Perez,51629.0,WTA,up,Spain,32,2026-02-01 15:28:19
879,Valentina Ivanov,3215.0,WTA,up,New Zealand,32,2026-02-01 15:28:19
880,Darja Suvirdjonkova,38698.0,WTA,up,Serbia,32,2026-02-01 15:28:19
881,Candela Vazquez,57346.0,WTA,down,Argentina,30,2026-02-01 15:28:19
882,Julia Garcia,,WTA,up,Mexico,30,2026-02-01 15:28:19
883,Sae Noguchi,76009.0,WTA,up,Japan,30,2026-02-01 15:28:19
884,Laima Vladson,68753.0,WTA,up,Lithuania,30,2026-02-01 15:28:19
885,Cristina Dinu,1441.0,WTA,up,Romania,30,2026-02-01 15:28:19
886,Angelica Blake,,WTA,down,United Kingdom,30,2026-02-01 15:28:19
887,Aspen Schuman,54119.0,WTA,up,USA,30,2026-02-01 15:28:19
888,Lucie Petruzelova,1355.0,WTA,up,Czech Republic,30,2026-02-01 15:28:19
889,Paula Cembranos,38981.0,WTA,up,Switzerland,30,2026-02-01 15:28:19
890,Camilla Gennaro,15629.0,WTA,down,Italy,30,2026-02-01 15:28:19
891,Sabastiani Leon,,WTA,down,Mexico,29,2026-02-01 15:28:19
892,Anna Pircher,72884.0,WTA,up,Austria,29,2026-02-01 15:28:19
893,Agustina Chlpac,13036.0,WTA,up,Argentina,29,2026-02-01 15:28:19
894,Isabella Barrera Aguirre,13331.0,WTA,down,USA,29,2026-02-01 15:28:19
895,Wozuko Mdlulwa,50501.0,WTA,up,South Africa,29,2026-02-01 15:28:19
896,Ysaline Bonaventure,461.0,WTA,up,Belgium,28,2026-02-01 15:28:19
897,Daphnee Mpetshi Perricard,52022.0,WTA,up,France,28,2026-02-01 15:28:19
898,Ava Hrastar,84406.0,WTA,up,USA,28,2026-02-01 15:28:19
899,Ani Amiraghyan,4535.0,WTA,down,Armenia,28,2026-02-01 15:28:19
900,Maria Lazarenko,,WTA,up,Ukraine,28,2026-02-01 15:28:19
901,Anna Snigireva,51594.0,WTA,up,World,28,2026-02-01 15:28:19
902,Abigail Rencheli,31238.0,WTA,up,Moldova,28,2026-02-01 15:28:19
903,Lorena Solar Donoso,54884.0,WTA,up,Spain,28,2026-02-01 15:28:19
904,Salma Drugdova,15598.0,WTA,up,Slovakia,28,2026-02-01 15:28:19
905,Tian Deng Tiana,51325.0,WTA,up,Sweden,28,2026-02-01 15:28:19
906,Elena-Teodora Cadar,77.0,WTA,up,Romania,28,2026-02-01 15:28:19
907,Alexandra Vasilyeva,1347.0,WTA,up,World,28,2026-02-01 15:28:19
908,Saisai Zheng,3398.0,WTA,up,China,27,2026-02-01 15:28:19
909,Dimitra Pavlou,28.0,WTA,up,Greece,27,2026-02-01 15:28:19
910,Tianmei Wang,6173.0,WTA,up,USA,27,2026-02-01 15:28:19
911,Dunja Maric,54858.0,WTA,up,Serbia,27,2026-02-01 15:28:19
912,Lucie Nguyen Tan,1135.0,WTA,up,France,27,2026-02-01 15:28:19
913,Cherry Kim,22975.0,WTA,up,South Korea,27,2026-02-01 15:28:19
914,Arina Varaksina,14553.0,WTA,up,World,27,2026-02-01 15:28:19
915,Shiho Tsujioka,73854.0,WTA,up,Japan,27,2026-02-01 15:28:19
916,Petra Sedlackova,9069.0,WTA,up,Czech Republic,26,2026-02-01 15:28:19
917,Natalija Stevanovic,219.0,WTA,up,Serbia,26,2026-02-01 15:28:19
918,Lucie Urbanova,33202.0,WTA,up,Czech Republic,26,2026-02-01 15:28:19
919,Beatrice Stagno,20873.0,WTA,up,Italy,26,2026-02-01 15:28:19
920,Indianna Spink,86839.0,WTA,up,United Kingdom,26,2026-02-01 15:28:19
921,Ava Rodriguez,81885.0,WTA,up,USA,26,2026-02-01 15:28:19
922,Carolina Bohrer Martins,52056.0,WTA,up,Brazil,26,2026-02-01 15:28:19
923,Mila Masic,38009.0,WTA,up,Serbia,26,2026-02-01 15:28:19
924,Neus Torner Sensano,74878.0,WTA,up,Spain,25,2026-02-01 15:28:19
925,Maya Iyengar,68681.0,WTA,up,USA,25,2026-02-01 15:28:19
926,Yu Ye Qiu,8624.0,WTA,up,China,25,2026-02-01 15:28:19
927,Shruti Ahlawat,25026.0,WTA,up,India,25,2026-02-01 15:28:19
928,Allura Zamarripa,14438.0,WTA,up,USA,25,2026-02-01 15:28:19
929,Teah Chavez,38269.0,WTA,up,Canada,25,2026-02-01 15:28:19
930,Dabin Kim,,WTA,up,South Korea,25,2026-02-01 15:28:19
931,Olga Helmi,1406.0,WTA,up,Denmark,25,2026-02-01 15:28:19
932,Jordyn McBride,79400.0,WTA,up,USA,25,2026-02-01 15:28:19
933,Romane Longueville,76314.0,WTA,up,Belgium,25,2026-02-01 15:28:19
934,Polina Bakhmutkina,1342.0,WTA,up,Belgium,25,2026-02-01 15:28:19
935,Clarissa Blomqvist,23386.0,WTA,up,Finland,25,2026-02-01 15:28:19
936,Celine Simunyu,11612.0,WTA,up,Ireland,24,2026-02-01 15:28:19
937,Jin Ahn Yu,3133.0,WTA,up,South Korea,24,2026-02-01 15:28:19
938,Elza Tomase,13500.0,WTA,up,Latvia,24,2026-02-01 15:28:19
939,Anna Gabric,2572.0,WTA,up,Germany,24,2026-02-01 15:28:19
940,Antonia Stoyanov,70319.0,WTA,up,Netherlands,24,2026-02-01 15:28:19
941,Irina Fetecau,3000.0,WTA,up,Romania,24,2026-02-01 15:28:19
942,Anjali Rathi,25031.0,WTA,up,India,24,2026-02-01 15:28:19
943,Yingqun Sun,58612.0,WTA,up,China,24,2026-02-01 15:28:19
944,Victoria Pohle,55087.0,WTA,up,Germany,24,2026-02-01 15:28:19
945,Simona Ogescu,2544.0,WTA,up,Romania,24,2026-02-01 15:28:19
946,Mihaela Buzarnescu,483.0,WTA,up,Romania,23,2026-02-01 15:28:19
947,Filipa Santos Ana,100.0,WTA,up,Portugal,23,2026-02-01 15:28:19
948,Freya Christie,2273.0,WTA,up,United Kingdom,23,2026-02-01 15:28:19
949,Maria Garcia Cid,18071.0,WTA,same,Spain,23,2026-02-01 15:28:19
950,Stefania Rogozinska Dzik,12791.0,WTA,same,Poland,23,2026-02-01 15:28:19
951,Adriana Tkachenko,82997.0,WTA,same,Ukraine,23,2026-02-01 15:28:19
952,Solymar Colling,13367.0,WTA,same,USA,23,2026-02-01 15:28:19
953,Marta Lombardini,72030.0,WTA,same,Italy,23,2026-02-01 15:28:19
954,Chantal Sauvant,19.0,WTA,same,Germany,23,2026-02-01 15:28:19
955,Valeriia Artemeva,76954.0,WTA,same,World,23,2026-02-01 15:28:19
956,Lisa-Marie Rioux,19163.0,WTA,same,Japan,23,2026-02-01 15:28:19
957,Maelle Leclercq,38971.0,WTA,same,France,23,2026-02-01 15:28:19
958,Sara Svetac,38952.0,WTA,same,Croatia,22,2026-02-01 15:28:19
959,Eszter Meri,2117.0,WTA,same,Slovakia,22,2026-02-01 15:28:19
960,Sylvie Zund,,WTA,same,Liechtenstein,22,2026-02-01 15:28:19
961,Elyse Tse,13809.0,WTA,same,New Zealand,22,2026-02-01 15:28:19
962,Krisha Mahendran,80829.0,WTA,same,India,22,2026-02-01 15:28:19
963,Francesca Mattioli,61631.0,WTA,same,Argentina,22,2026-02-01 15:28:19
964,Xuan Leong Shihomi Li,40287.0,WTA,same,Malaysia,22,2026-02-01 15:28:19
965,Savannah Broadus,30106.0,WTA,same,USA,22,2026-02-01 15:28:19
966,Stefaniya Pushkar,73480.0,WTA,same,Ukraine,22,2026-02-01 15:28:19
967,Xi Luo,53035.0,WTA,same,China,22,2026-02-01 15:28:19
968,An Lin Fang,40156.0,WTA,same,Taiwan,22,2026-02-01 15:28:19
969,Barbora Michalkova,70093.0,WTA,down,Czech Republic,22,2026-02-01 15:28:19
970,Nanari Katsumi,40160.0,WTA,up,Japan,22,2026-02-01 15:28:19
971,Valentina Losciale,15372.0,WTA,up,Italy,22,2026-02-01 15:28:19
972,Arina Arifullina,24512.0,WTA,up,World,22,2026-02-01 15:28:19
973,Eri Hozumi,3442.0,WTA,up,Japan,21,2026-02-01 15:28:19
974,Fanny Norin,38948.0,WTA,up,Sweden,21,2026-02-01 15:28:19
975,Aysegul Mert,10894.0,WTA,up,Turkey,21,2026-02-01 15:28:19
976,Lauryn John-Baptiste,19166.0,WTA,up,United Kingdom,21,2026-02-01 15:28:19
977,Didi Bredberg Canizares,85919.0,WTA,up,USA,21,2026-02-01 15:28:19
978,Carson Tanguilig,69984.0,WTA,up,USA,21,2026-02-01 15:28:19
979,Felitsata Dorofeeva-Rybas,67676.0,WTA,up,World,21,2026-02-01 15:28:19
980,Elizabeth Ionescu,53647.0,WTA,up,USA,21,2026-02-01 15:28:19
981,Nada Fouad,1020.0,WTA,up,Egypt,21,2026-02-01 15:28:19
982,Alesia Breaz,85934.0,WTA,up,Romania,21,2026-02-01 15:28:19
983,Lucie Pawlak,38780.0,WTA,up,France,21,2026-02-01 15:28:19
984,Inka Wawrzkiewicz,84424.0,WTA,up,Poland,21,2026-02-01 15:28:19
985,Yushan Shao,9041.0,WTA,up,China,20,2026-02-01 15:28:19
986,Sofia Martinez Solis Claudia,25343.0,WTA,up,Mexico,20,2026-02-01 15:28:19
987,Alexandra Osborne,71.0,WTA,up,Australia,20,2026-02-01 15:28:19
988,Isabella Guillen Giselle,63491.0,WTA,up,Australia,20,2026-02-01 15:28:19
989,Jizelle Sibai,78990.0,WTA,down,Australia,20,2026-02-01 15:28:19
990,Eleonora Alvisi,8441.0,WTA,up,Italy,20,2026-02-01 15:28:19
992,Veronica Miroshnichenko,40122.0,WTA,up,World,20,2026-02-01 15:28:19
993,Annika Penickova,58204.0,WTA,up,USA,20,2026-02-01 15:28:19
994,Carolina Millan Ingrid,91244.0,WTA,up,Mexico,20,2026-02-01 15:28:19
995,Gabriella Price,114.0,WTA,up,USA,20,2026-02-01 15:28:19
996,Victoria Balan Sara,72448.0,WTA,up,Romania,20,2026-02-01 15:28:19
997,Kamonwan Yodpetch,27706.0,WTA,down,Thailand,20,2026-02-01 15:28:19
998,Georgiana Goina Patricia,58114.0,WTA,up,Romania,20,2026-02-01 15:28:19
999,Cindy Langlais,62516.0,WTA,up,France,19,2026-02-01 15:28:19
1000,Sofia Da Cruz Mendonca,1019.0,WTA,up,Brazil,19,2026-02-01 15:28:19
1001,Tegan Bush,70748.0,WTA,up,United Kingdom,19,2026-02-01 15:28:19
1002,Kylie McKenzie,9127.0,WTA,up,USA,19,2026-02-01 15:28:19
1003,Anna Pushkareva,92497.0,WTA,up,World,19,2026-02-01 15:28:19
1004,Gloriana Nahum,54699.0,WTA,up,Benin,19,2026-02-01 15:28:19
1005,Gabriella Broadfoot,38791.0,WTA,up,South Africa,19,2026-02-01 15:28:19
1006,Marion Job Karine,38136.0,WTA,up,Cameroon,19,2026-02-01 15:28:19
1007,Lara Schmidt,,WTA,up,Germany,19,2026-02-01 15:28:19
1008,Amelia Paszun,84716.0,WTA,up,Poland,19,2026-02-01 15:28:19
1009,Daria Kuczer,38181.0,WTA,up,Poland,19,2026-02-01 15:28:19
1010,Jenna Dean,66635.0,WTA,up,USA,19,2026-02-01 15:28:19
1011,Ustiniya Lekomtseva,49392.0,WTA,up,World,19,2026-02-01 15:28:19
1012,Evgeniya Burdina,13376.0,WTA,up,World,19,2026-02-01 15:28:19
1013,Brandy Walker,5.0,WTA,up,USA,19,2026-02-01 15:28:19
1014,Sophie Chang,2126.0,WTA,up,USA,18,2026-02-01 15:28:19
1015,Kallista Liu,60031.0,WTA,up,Hong Kong,18,2026-02-01 15:28:19
1016,Diae El Jardi,64804.0,WTA,up,Morocco,18,2026-02-01 15:28:19
1017,Suha Lee,4095.0,WTA,up,South Korea,18,2026-02-01 15:28:19
1018,Catherine Aulia,3325.0,WTA,up,Australia,18,2026-02-01 15:28:19
1019,Sonja Zhiyenbayeva,40076.0,WTA,up,Kazakhstan,18,2026-02-01 15:28:19
1020,Kateryna Diatlova,20381.0,WTA,up,Ukraine,18,2026-02-01 15:28:19
1021,Lily Taylor,10895.0,WTA,up,Australia,18,2026-02-01 15:28:19
1022,Polina Skliar,86096.0,WTA,up,Ukraine,18,2026-02-01 15:28:19
1023,Thea Frodin,53978.0,WTA,up,USA,18,2026-02-01 15:28:19
1023,Anna Ureke,13214.0,WTA,up,World,18,2026-02-01 15:28:19
1025,Yanan Hou,31155.0,WTA,up,China,18,2026-02-01 15:28:19
1026,Zuzanna Kolonus,37956.0,WTA,up,Poland,18,2026-02-01 15:28:19
1027,Seda Baslilar,65411.0,WTA,up,France,18,2026-02-01 15:28:19
1028,Carlotta Moccia,40162.0,WTA,up,Italy,18,2026-02-01 15:28:19
1029,Ksenia Laskutova,7190.0,WTA,up,World,18,2026-02-01 15:28:19
1030,Miyu Nakashima,56185.0,WTA,up,Japan,18,2026-02-01 15:28:19
1031,Kisa Yoshioka,13971.0,WTA,up,Japan,18,2026-02-01 15:28:19
1032,Sina Herrmann,1413.0,WTA,up,Germany,18,2026-02-01 15:28:19
1033,Marta Soriano Santiago,24523.0,WTA,up,Spain,18,2026-02-01 15:28:19
1034,Giulia Paterno,23392.0,WTA,down,Italy,18,2026-02-01 15:28:19
1035,Tianmi Mi,40821.0,WTA,up,China,18,2026-02-01 15:28:19
1036,Paulina Perez Garcia Maria,136.0,WTA,up,Colombia,17,2026-02-01 15:28:19
1037,Kim Chiarello,90503.0,WTA,up,France,17,2026-02-01 15:28:19
1037,Lea Tholey,5757.0,WTA,up,France,17,2026-02-01 15:28:19
1039,Tina Manescu,88208.0,WTA,up,Germany,17,2026-02-01 15:28:19
1040,Anastasiya Kuparev,23873.0,WTA,down,Germany,17,2026-02-01 15:28:19
1041,Rikke De Koning,40086.0,WTA,up,Netherlands,17,2026-02-01 15:28:19
1042,Jo-Yee Chan,84315.0,WTA,up,USA,17,2026-02-01 15:28:19
1043,Lucia Peyre,17376.0,WTA,up,Argentina,17,2026-02-01 15:28:19
1044,Anna Kartseva,77927.0,WTA,down,World,17,2026-02-01 15:28:19
1045,Lorena Schaedel,34690.0,WTA,down,Germany,17,2026-02-01 15:28:19
1046,Maria Kononova,202.0,WTA,up,World,17,2026-02-01 15:28:19
1047,Julita Saner,2597.0,WTA,up,Sweden,17,2026-02-01 15:28:19
1048,Nina Radovanovic,13073.0,WTA,up,France,17,2026-02-01 15:28:19
1049,Eunji Lee,,WTA,up,South Korea,17,2026-02-01 15:28:19
1050,Sara Mikaca,19162.0,WTA,up,Bosnia and Herzegovina,17,2026-02-01 15:28:19
1051,Natsuho Arakawa,68.0,WTA,up,Japan,17,2026-02-01 15:28:19
1052,Helena Stevic,14382.0,WTA,up,France,17,2026-02-01 15:28:19
1052,Claudia Gasparovic,68425.0,WTA,up,Austria,17,2026-02-01 15:28:19
1054,Nicole Gadient,13738.0,WTA,up,Switzerland,17,2026-02-01 15:28:19
1055,Nala Milic Ela,50633.0,WTA,up,Slovenia,17,2026-02-01 15:28:19
1056,Valerie Glozman,37843.0,WTA,up,USA,16,2026-02-01 15:28:19
1057,Karolina Pliskova,517.0,WTA,up,Czech Republic,16,2026-02-01 15:28:19
1058,Christina McHale,496.0,WTA,up,USA,16,2026-02-01 15:28:19
1059,Isabel Higuita Barraza Mariana,21720.0,WTA,up,Colombia,16,2026-02-01 15:28:19
1060,Sarah Mildren,78988.0,WTA,down,Australia,16,2026-02-01 15:28:19
1061,Daniela Piani,28606.0,WTA,up,United Kingdom,16,2026-02-01 15:28:19
1062,Midori Castillo Meza,90153.0,WTA,up,USA,16,2026-02-01 15:28:19
1063,Kennedy Drenser-Hagmann,92077.0,WTA,up,USA,16,2026-02-01 15:28:19
1063,Charlotte Keitel,67693.0,WTA,up,Germany,16,2026-02-01 15:28:19
1063,Amy Stevens,15341.0,WTA,up,Australia,16,2026-02-01 15:28:19
1066,Nadia Lagaev,5775.0,WTA,up,Canada,16,2026-02-01 15:28:19
1067,Georgina Garcia-Perez,1784.0,WTA,up,Spain,16,2026-02-01 15:28:19
1068,Andrea Obradovic,40062.0,WTA,up,Serbia,16,2026-02-01 15:28:19
1068,Sabine Rutlauka,19429.0,WTA,up,Latvia,16,2026-02-01 15:28:19
1070,Lisa Claeys,68070.0,WTA,down,Belgium,16,2026-02-01 15:28:19
1071,Gloria Ceschi,1014.0,WTA,up,Italy,16,2026-02-01 15:28:19
1072,Luana Plaza Araujo,13083.0,WTA,up,Brazil,16,2026-02-01 15:28:19
1073,Vlada Ekshibarova,27727.0,WTA,up,Israel,16,2026-02-01 15:28:19
1074,Bunyawi Thamchaiwat,38246.0,WTA,up,Thailand,16,2026-02-01 15:28:19
1075,Amelie Hejtmankova,69485.0,WTA,down,Czech Republic,16,2026-02-01 15:28:19
1076,Giuliana Bestetti,25.0,WTA,up,Italy,16,2026-02-01 15:28:19
1077,Xi Wu Ru,90543.0,WTA,up,China,15,2026-02-01 15:28:19
1078,Ruby Cooling,84355.0,WTA,up,United Kingdom,15,2026-02-01 15:28:19
1079,Nadia Kulbiej,70751.0,WTA,up,Poland,15,2026-02-01 15:28:19
1080,Selina Atay,2525.0,WTA,up,Turkey,15,2026-02-01 15:28:19
1081,Laetitia Sarrazin,3746.0,WTA,up,France,15,2026-02-01 15:28:19
1081,Barbara Kostecka,86095.0,WTA,up,Poland,15,2026-02-01 15:28:19
1083,Kiara Zabkova,73135.0,WTA,up,Slovakia,15,2026-02-01 15:28:19
1084,Lani Chang,83235.0,WTA,up,USA,15,2026-02-01 15:28:19
1084,Jessie Aney,214.0,WTA,up,USA,15,2026-02-01 15:28:19
1086,Margaux Maquet,69067.0,WTA,up,Belgium,15,2026-02-01 15:28:19
1087,Alessia Monteleone Giulia,75456.0,WTA,up,Italy,15,2026-02-01 15:28:19
1088,Mandegar Farzami,71459.0,WTA,down,Iran,15,2026-02-01 15:28:19
1089,Ulyana Hrabavets,57647.0,WTA,up,World,15,2026-02-01 15:28:19
1090,Alisa Vasileva,91358.0,WTA,up,World,15,2026-02-01 15:28:19
1091,Lexue Xiao,31666.0,WTA,up,China,15,2026-02-01 15:28:19
1092,Chukwumelije Clarke,,WTA,up,USA,15,2026-02-01 15:28:19
1093,Judith Perello Saavedra,1420.0,WTA,up,Spain,15,2026-02-01 15:28:19
1094,Kolie Allen,39131.0,WTA,up,USA,15,2026-02-01 15:28:19
1095,Rinon Okuwaki,39116.0,WTA,up,Japan,15,2026-02-01 15:28:19
1096,Carmen Gallardo Guevara,16110.0,WTA,up,Spain,15,2026-02-01 15:28:19
1097,Josefina Estevez,38941.0,WTA,down,Argentina,15,2026-02-01 15:28:19
1098,Marie Mattel,89697.0,WTA,up,France,15,2026-02-01 15:28:19
1099,Karolina Vlckova,1037.0,WTA,up,Czech Republic,15,2026-02-01 15:28:19
1100,Annabelle Xu,,WTA,up,Canada,15,2026-02-01 15:28:19
1100,Annabelle Xu,,WTA,up,Canada,15,2026-02-01 15:28:19
1102,Sloane Stephens,1826.0,WTA,up,USA,14,2026-02-01 15:28:19
1103,Tayisiya Morderger,1997.0,WTA,up,Germany,14,2026-02-01 15:28:19
1104,Luiza Barros Victoria,70747.0,WTA,up,Brazil,14,2026-02-01 15:28:19
1105,Maria Cinalli Luna,63493.0,WTA,up,Argentina,14,2026-02-01 15:28:19
1106,Denisa Hindova,4082.0,WTA,up,Czech Republic,14,2026-02-01 15:28:19
1107,Ada Kumru,38327.0,WTA,up,Turkey,14,2026-02-01 15:28:19
1108,Naoko Eto,5249.0,WTA,up,Japan,14,2026-02-01 15:28:19
1109,Mavie Osterreicher,7359.0,WTA,up,Austria,14,2026-02-01 15:28:19
1110,Welles Newman,73853.0,WTA,up,USA,14,2026-02-01 15:28:19
1111,Kathleen Kanev,96.0,WTA,up,Germany,14,2026-02-01 15:28:19
1112,Riko Kikawada,68050.0,WTA,up,Japan,14,2026-02-01 15:28:19
1113,Vlada Zvereva,,WTA,up,World,14,2026-02-01 15:28:19
1113,Emma Kamper Malmkjaer,87042.0,WTA,up,Denmark,14,2026-02-01 15:28:19
1115,Katerina Mandelikova,14354.0,WTA,up,Czech Republic,14,2026-02-01 15:28:19
1116,Mia Wainwright,76419.0,WTA,up,United Kingdom,14,2026-02-01 15:28:19
1117,Ching Wu Ho,1362.0,WTA,up,Hong Kong,14,2026-02-01 15:28:19
1118,Irina Anghel Alexandra,69065.0,WTA,up,Romania,14,2026-02-01 15:28:19
1119,Krystyna Pochtovyk,20383.0,WTA,up,Ukraine,14,2026-02-01 15:28:19
1119,Asylzhan Arystanbekova,39124.0,WTA,up,Kazakhstan,14,2026-02-01 15:28:19
1121,Kianah Motosono,22705.0,WTA,up,USA,14,2026-02-01 15:28:19
1122,Polina Kaibekova,60798.0,WTA,up,World,14,2026-02-01 15:28:19
1123,Elena Jamshidi,50.0,WTA,up,Denmark,14,2026-02-01 15:28:19
1124,Jizel Matos Sequeira Fernandes,66514.0,WTA,up,United Kingdom,14,2026-02-01 15:28:19
1125,Bethanie Mattek-Sands,2749.0,WTA,up,USA,13,2026-02-01 15:28:19
1126,Maribella Zamarripa,23069.0,WTA,up,USA,13,2026-02-01 15:28:19
1127,Charo Esquiva Banuls,52706.0,WTA,up,Spain,13,2026-02-01 15:28:19
1128,Tara Moore,1909.0,WTA,up,United Kingdom,13,2026-02-01 15:28:19
1129,Tamara Kostic,38119.0,WTA,up,Austria,13,2026-02-01 15:28:19
1130,Aishi Das,62582.0,WTA,up,New Zealand,13,2026-02-01 15:28:19
1131,Allegra Korpanec Davies,91359.0,WTA,down,United Kingdom,13,2026-02-01 15:28:19
1132,Liel Rothensteiner,49347.0,WTA,up,Austria,13,2026-02-01 15:28:19
1133,Alja Senica,59689.0,WTA,down,Slovenia,13,2026-02-01 15:28:19
1134,Dejana Radanovic,4190.0,WTA,up,Serbia,13,2026-02-01 15:28:19
1135,Luciana Perry,84407.0,WTA,up,USA,13,2026-02-01 15:28:19
1135,Kate Fakih,40835.0,WTA,up,USA,13,2026-02-01 15:28:19
1137,Alice Ferlito,71935.0,WTA,up,Spain,13,2026-02-01 15:28:19
1138,Federica Bilardo,2284.0,WTA,up,Italy,13,2026-02-01 15:28:19
1139,Stacey Fung,13329.0,WTA,up,Canada,13,2026-02-01 15:28:19
1140,Naomi McKenzie,75585.0,WTA,up,Australia,13,2026-02-01 15:28:19
1141,India Houghton,57056.0,WTA,up,USA,13,2026-02-01 15:28:19
1142,Lugiana Muelle Valdez Yleymi,57703.0,WTA,up,Peru,13,2026-02-01 15:28:19
1143,Ava-Monet Sycamore,65356.0,WTA,up,Australia,13,2026-02-01 15:28:19
1144,Emma Wilson,24734.0,WTA,up,United Kingdom,13,2026-02-01 15:28:19
1145,Ilinca Sagmar,68665.0,WTA,up,Romania,13,2026-02-01 15:28:19
1146,Lara Smejkal,39923.0,WTA,up,Slovenia,13,2026-02-01 15:28:19
1147,Lara Pfeifer,13337.0,WTA,up,Italy,13,2026-02-01 15:28:19
1148,Lena Ebster Anna,84408.0,WTA,up,Austria,13,2026-02-01 15:28:19
1148,Tori Kinard,192.0,WTA,up,USA,13,2026-02-01 15:28:19
1150,Sydney Jara,75928.0,WTA,up,USA,13,2026-02-01 15:28:19
1151,Ekaterina Tupitsyna,81408.0,WTA,up,World,13,2026-02-01 15:28:19
1152,Barbara Straszewska,73134.0,WTA,up,Poland,13,2026-02-01 15:28:19
1152,Sonal Patil,66515.0,WTA,up,India,13,2026-02-01 15:28:19
1154,Barbara Dessolis,2282.0,WTA,up,Italy,13,2026-02-01 15:28:19
1155,Rebeca Pereira,8439.0,WTA,up,Brazil,12,2026-02-01 15:28:19
1156,Shuo Feng,9106.0,WTA,up,China,12,2026-02-01 15:28:19
1157,Ying Xun Fang,1379.0,WTA,up,China,12,2026-02-01 15:28:19
1158,Min Liu,4581.0,WTA,up,China,12,2026-02-01 15:28:19
1159,Anastasia Sysoeva,125.0,WTA,up,USA,12,2026-02-01 15:28:19
1160,Vivian Yang,11482.0,WTA,up,New Zealand,12,2026-02-01 15:28:19
1161,Zaire Clarke,76243.0,WTA,up,USA,12,2026-02-01 15:28:19
1162,Janae Preston,89244.0,WTA,up,USA,12,2026-02-01 15:28:19
1162,Jahnie Van Zyl,69923.0,WTA,up,South Africa,12,2026-02-01 15:28:19
1162,Ekaterina Shalimova,9168.0,WTA,up,World,12,2026-02-01 15:28:19
1165,Xinle Geng,84720.0,WTA,up,China,12,2026-02-01 15:28:19
1165,Berta Passola,53340.0,WTA,up,Spain,12,2026-02-01 15:28:19
1165,Kira Bataikina,67383.0,WTA,up,World,12,2026-02-01 15:28:19
1168,Aravane Rezai,3539.0,WTA,up,France,12,2026-02-01 15:28:19
1169,Raveena Kingsley,9157.0,WTA,up,USA,12,2026-02-01 15:28:19
1169,Misa Malkin,15319.0,WTA,up,USA,12,2026-02-01 15:28:19
1169,Mia Slama,69230.0,WTA,up,USA,12,2026-02-01 15:28:19
1172,Cara Korhonen,56715.0,WTA,up,Finland,12,2026-02-01 15:28:19
1173,Margaret Sohns,73855.0,WTA,up,USA,12,2026-02-01 15:28:19
1174,Karla Bartel,82378.0,WTA,up,Germany,12,2026-02-01 15:28:19
1174,Mercedes Aristegui,20222.0,WTA,up,Spain,12,2026-02-01 15:28:19
1176,Manca Pislak,11882.0,WTA,up,Slovenia,12,2026-02-01 15:28:19
1177,Fabienne Gettwart,14243.0,WTA,up,Germany,12,2026-02-01 15:28:19
1177,Kaede Usui,75546.0,WTA,up,USA,12,2026-02-01 15:28:19
1177,Juliana Giaccio,76054.0,WTA,down,Spain,12,2026-02-01 15:28:19
1180,Elizabeth Coleman,9239.0,WTA,up,USA,12,2026-02-01 15:28:19
1181,Anri Nagata,13621.0,WTA,up,Japan,12,2026-02-01 15:28:19
1182,Emma Van Poppel,13203.0,WTA,up,Netherlands,12,2026-02-01 15:28:19
1183,Nana Kawagishi,13071.0,WTA,up,Japan,12,2026-02-01 15:28:19
1183,Feier Hu,54660.0,WTA,up,China,12,2026-02-01 15:28:19
1185,Rachael Smith,7919.0,WTA,up,USA,12,2026-02-01 15:28:19
1186,Marian Gomez Pezuela Cano,2556.0,WTA,up,Mexico,11,2026-02-01 15:28:19
1187,Marina Bulbarella,2559.0,WTA,down,Argentina,11,2026-02-01 15:28:19
1188,Leticia Garcia Vidal,57688.0,WTA,up,Brazil,11,2026-02-01 15:28:19
1189,Aoi Ide,82980.0,WTA,up,Japan,11,2026-02-01 15:28:19
1190,Karolina Krajmer,77248.0,WTA,up,Slovakia,11,2026-02-01 15:28:19
1191,Nao Nishino,58203.0,WTA,up,Japan,11,2026-02-01 15:28:19
1192,Tereza Krejcova,73864.0,WTA,up,Czech Republic,11,2026-02-01 15:28:19
1193,Daria Shadchneva,40518.0,WTA,up,World,11,2026-02-01 15:28:19
1194,Mouna Bouzgarrou,23295.0,WTA,up,Tunisia,11,2026-02-01 15:28:19
1195,Zoe Hitt,20874.0,WTA,up,USA,11,2026-02-01 15:28:19
1196,Kseniia Ruchkina,90809.0,WTA,up,World,11,2026-02-01 15:28:19
1197,Alisa Kummel,14558.0,WTA,up,World,11,2026-02-01 15:28:19
1197,Klara Kosan,11728.0,WTA,up,USA,11,2026-02-01 15:28:19
1199,Georgina Groth,74171.0,WTA,up,Germany,11,2026-02-01 15:28:19
1200,Milana Maslenkova,7030.0,WTA,up,Uzbekistan,11,2026-02-01 15:28:19
1201,Paola Lopez,60664.0,WTA,up,USA,11,2026-02-01 15:28:19
1202,Emily De Oliveira,75929.0,WTA,up,USA,11,2026-02-01 15:28:19
1203,Esina Samardzic Ayline,9335.0,WTA,up,Switzerland,11,2026-02-01 15:28:19
1203,Maayan Laron,83613.0,WTA,up,Israel,11,2026-02-01 15:28:19
1203,Isabella Svahn,40199.0,WTA,up,Sweden,11,2026-02-01 15:28:19
1203,Meritxell Teixido Garcia,70752.0,WTA,up,Spain,11,2026-02-01 15:28:19
1203,Sofia Martianova,74763.0,WTA,up,World,11,2026-02-01 15:28:19
1208,Isabella Marton,65100.0,WTA,up,Canada,11,2026-02-01 15:28:19
1208,Emma Slavikova,61722.0,WTA,up,Czech Republic,11,2026-02-01 15:28:19
1208,Lourdes Ayala,24413.0,WTA,down,Argentina,11,2026-02-01 15:28:19
1211,Natalia Krockova,40725.0,WTA,up,Slovakia,11,2026-02-01 15:28:19
1212,Maria Oliver Sanchez,38007.0,WTA,up,Spain,11,2026-02-01 15:28:19
1213,Nadia Podoroska,2805.0,WTA,up,Argentina,10,2026-02-01 15:28:19
1214,Analu Freitas,63826.0,WTA,up,Portugal,10,2026-02-01 15:28:19
1215,Sara Lanca,94.0,WTA,up,Portugal,10,2026-02-01 15:28:19
1216,Marie Desvignes Eva,52686.0,WTA,up,Singapore,10,2026-02-01 15:28:19
1217,Karla Popovic,5707.0,WTA,up,Croatia,10,2026-02-01 15:28:19
1217,Thessy Ntondele Zinga,18142.0,WTA,up,France,10,2026-02-01 15:28:19
1219,Piper Charney,58202.0,WTA,up,USA,10,2026-02-01 15:28:19
1220,Warona Mdlulwa,13355.0,WTA,up,South Africa,10,2026-02-01 15:28:19
1220,Celia Anson Sanchez,58397.0,WTA,up,Spain,10,2026-02-01 15:28:19
1220,Cristina Ramos Sierra,64791.0,WTA,up,Spain,10,2026-02-01 15:28:19
1223,Patricia Bejenaru Karola,20152.0,WTA,up,Romania,10,2026-02-01 15:28:19
1223,Emily Sartz-Lunde,73865.0,WTA,up,Norway,10,2026-02-01 15:28:19
1225,Karolina Mrazikova,51003.0,WTA,up,Slovakia,10,2026-02-01 15:28:19
1225,Lucrezia Musetti,73781.0,WTA,up,Italy,10,2026-02-01 15:28:19
1227,Malkia Menguene,,WTA,up,USA,10,2026-02-01 15:28:19
1228,Ciara Moore,55154.0,WTA,up,United Kingdom,10,2026-02-01 15:28:19
1229,Nehira Sanon,78734.0,WTA,down,France,10,2026-02-01 15:28:19
1229,Sofia Cohen Perovani,2264.0,WTA,up,Brazil,10,2026-02-01 15:28:19
1231,Sofia Suslova,90177.0,WTA,up,World,10,2026-02-01 15:28:19
1231,Jiho Shin,3130.0,WTA,up,South Korea,10,2026-02-01 15:28:19
1231,Anna Kmiecik,72749.0,WTA,up,Poland,10,2026-02-01 15:28:19
1231,Saoirse Breen,52222.0,WTA,up,Fiji,10,2026-02-01 15:28:19
1235,Dusica Popovski,68680.0,WTA,up,Serbia,10,2026-02-01 15:28:19
1235,Rosa Dourado Zimermman Jennifer,24284.0,WTA,up,Brazil,10,2026-02-01 15:28:19
1237,Carolina Nava Elkin Amanda,39505.0,WTA,up,Mexico,10,2026-02-01 15:28:19
1238,Dia Evtimova,1341.0,WTA,up,Bulgaria,10,2026-02-01 15:28:19
1239,Francesca Dell'Edera,17.0,WTA,up,Italy,10,2026-02-01 15:28:19
1239,Jeong Moon,24519.0,WTA,up,South Korea,10,2026-02-01 15:28:19
1239,Jasmine Conway,9401.0,WTA,up,United Kingdom,10,2026-02-01 15:28:19
1239,Maria Mikhaylova,38938.0,WTA,up,World,10,2026-02-01 15:28:19
1239,Laura Cilekova,49791.0,WTA,up,Slovakia,10,2026-02-01 15:28:19
1239,Kanon Sawashiro,50791.0,WTA,up,Japan,10,2026-02-01 15:28:19
1239,Francesca Gandolfi,61315.0,WTA,up,Italy,10,2026-02-01 15:28:19
1246,Anna Tabunshchyk,80336.0,WTA,up,Canada,10,2026-02-01 15:28:19
1247,Giovanna Giessler Elena,29352.0,WTA,up,Germany,10,2026-02-01 15:28:19
1248,Laura Boehner,15846.0,WTA,up,Germany,10,2026-02-01 15:28:19
1248,Tanisha Kashyap,40820.0,WTA,up,India,10,2026-02-01 15:28:19
1250,Summer Yardley,58641.0,WTA,up,United Kingdom,10,2026-02-01 15:28:19
1251,Melis Rasim,75050.0,WTA,down,Bulgaria,10,2026-02-01 15:28:19
1252,Jose Sanchez Uribe Maria,3885.0,WTA,up,Colombia,9,2026-02-01 15:28:19
1253,Yana Morderger,1830.0,WTA,up,Germany,9,2026-02-01 15:28:19
1254,Smriti Bhasin,58.0,WTA,up,India,9,2026-02-01 15:28:19
1255,Sevil Yuldasheva,32.0,WTA,down,Uzbekistan,9,2026-02-01 15:28:19
1255,Maria Garcia,38929.0,WTA,up,Portugal,9,2026-02-01 15:28:19
1255,Isabel Skoog,40792.0,WTA,up,Sweden,9,2026-02-01 15:28:19
1255,Ariadna Garcia-Patron Canals,66137.0,WTA,up,Spain,9,2026-02-01 15:28:19
1259,Elena Michel,78662.0,WTA,down,France,9,2026-02-01 15:28:19
1259,Kaat Coppez,66485.0,WTA,up,Belgium,9,2026-02-01 15:28:19
1259,Marcella Dessolis,53621.0,WTA,up,Italy,9,2026-02-01 15:28:19
1259,Pilar Beveraggi Lespiau,59522.0,WTA,up,Argentina,9,2026-02-01 15:28:19
1259,Liu Yuhan,90141.0,WTA,up,China,9,2026-02-01 15:28:19
1264,Ashmitha Easwaramurthi,99.0,WTA,up,India,9,2026-02-01 15:28:19
1265,Anastasiya Zaparyniuk,66833.0,WTA,down,Ukraine,9,2026-02-01 15:28:19
1265,Klaudija Bubelyte,19431.0,WTA,up,Lithuania,9,2026-02-01 15:28:19
1265,Tamara Sramkova,65045.0,WTA,up,Slovakia,9,2026-02-01 15:28:19
1268,Maelys Bougrat,14109.0,WTA,up,France,9,2026-02-01 15:28:19
1269,Victoria Gobbi Monllau Ana,6241.0,WTA,down,Argentina,9,2026-02-01 15:28:19
1269,Soha Sadiq,13983.0,WTA,up,India,9,2026-02-01 15:28:19
1271,Polina Isakova,71279.0,WTA,up,Ukraine,9,2026-02-01 15:28:19
1271,Daria Gorska,54024.0,WTA,up,Poland,9,2026-02-01 15:28:19
1271,Teodora Sava Ioana,54092.0,WTA,up,Romania,9,2026-02-01 15:28:19
1274,Laura Brunkel,56754.0,WTA,up,Denmark,9,2026-02-01 15:28:19
1274,Mutsumi Uemura,81772.0,WTA,up,Japan,9,2026-02-01 15:28:19
1274,Caterina Odorizzi,38949.0,WTA,up,Italy,9,2026-02-01 15:28:19
1274,Viktoria Veleva,90855.0,WTA,up,Bulgaria,9,2026-02-01 15:28:19
1278,Beatris Spasova,1345.0,WTA,up,Bulgaria,9,2026-02-01 15:28:19
1279,Lucia Llinares Domingo,15842.0,WTA,up,Spain,9,2026-02-01 15:28:19
1280,Anna Frey,53648.0,WTA,up,USA,8,2026-02-01 15:28:19
1281,Anna Dvorackova,81423.0,WTA,up,Czech Republic,8,2026-02-01 15:28:19
1282,Brandelyn Fulgenzi,81647.0,WTA,up,USA,8,2026-02-01 15:28:19
1282,Mia Kupres,6702.0,WTA,up,Canada,8,2026-02-01 15:28:19
1282,Sera Nishimoto,65698.0,WTA,up,Japan,8,2026-02-01 15:28:19
1285,Kanako Morisaki,6933.0,WTA,up,Japan,8,2026-02-01 15:28:19
1286,Darta Feldmane Daniela,55584.0,WTA,up,Latvia,8,2026-02-01 15:28:19
1287,Alana Parnaby,1408.0,WTA,up,Australia,8,2026-02-01 15:28:19
1288,Olivia Bergler,15525.0,WTA,up,Poland,8,2026-02-01 15:28:19
1289,Vanessa Teiusanu,13543.0,WTA,up,Romania,8,2026-02-01 15:28:19
1289,Camilla Bossi,38280.0,WTA,up,Brazil,8,2026-02-01 15:28:19
1289,Leilany Ipunesso,56269.0,WTA,up,New Caledonia,8,2026-02-01 15:28:19
1289,Milla Sequeira,38914.0,WTA,up,Portugal,8,2026-02-01 15:28:19
1293,Lucia Natal,69062.0,WTA,up,Spain,8,2026-02-01 15:28:19
1293,Claudia Hoste Ferrer,146.0,WTA,up,Spain,8,2026-02-01 15:28:19
1293,Ha Jang Soo,,WTA,up,South Korea,8,2026-02-01 15:28:19
1296,Charlotte Pikkaart,82542.0,WTA,up,Netherlands,8,2026-02-01 15:28:19
1296,Mariia Bergen,23.0,WTA,up,Ukraine,8,2026-02-01 15:28:19
1296,Jade Groen,85497.0,WTA,up,Netherlands,8,2026-02-01 15:28:19
1299,Katarina Kujovic,83338.0,WTA,down,Belgium,8,2026-02-01 15:28:19
1299,Margaux Komano,17377.0,WTA,up,France,8,2026-02-01 15:28:19
1299,Catarina Ibiaraba Melleiro,,WTA,up,Brazil,8,2026-02-01 15:28:19
1299,Katarina Kujovic,83338.0,WTA,down,Belgium,8,2026-02-01 15:28:19
1299,Remika Ohashi,72037.0,WTA,up,Japan,8,2026-02-01 15:28:19
1299,Maddy Zampardo,82381.0,WTA,up,USA,8,2026-02-01 15:28:19
1299,Nicoleta Todoni Cristiana,68666.0,WTA,up,Romania,8,2026-02-01 15:28:19
1306,Liv Boulard,62009.0,WTA,down,France,8,2026-02-01 15:28:19
1306,Alisa Danilova,87011.0,WTA,down,World,8,2026-02-01 15:28:19
1308,Olivia Hansen Sarafina,29957.0,WTA,up,Denmark,8,2026-02-01 15:28:19
1308,Xichen Zhao,22721.0,WTA,up,China,8,2026-02-01 15:28:19
1310,Paula Ormaechea,1118.0,WTA,up,Argentina,7,2026-02-01 15:28:19
1311,Pietra Rivoli,51930.0,WTA,up,Brazil,7,2026-02-01 15:28:19
1312,Audrey Aulia,10931.0,WTA,up,Australia,7,2026-02-01 15:28:19
1312,Sophie Llewellyn,67444.0,WTA,up,USA,7,2026-02-01 15:28:19
1312,Seo Lee Gyeong,39108.0,WTA,up,South Korea,7,2026-02-01 15:28:19
1312,Kaur Sandhu Gurmanat,93944.0,WTA,up,Australia,7,2026-02-01 15:28:19
1312,Camila Markus,33851.0,WTA,up,Argentina,7,2026-02-01 15:28:19
1312,Heidi Bulger,83548.0,WTA,up,USA,7,2026-02-01 15:28:19
1312,Micol Salvadori,61356.0,WTA,up,Italy,7,2026-02-01 15:28:19
1312,Yuka Hosoki,8723.0,WTA,up,Japan,7,2026-02-01 15:28:19
1312,Ida Johansson,40172.0,WTA,up,Sweden,7,2026-02-01 15:28:19
1312,Jelena Cvijanovic,10919.0,WTA,up,Australia,7,2026-02-01 15:28:19
1312,Won Wi Hwui,18965.0,WTA,up,South Korea,7,2026-02-01 15:28:19
1312,Vanshita Pathania,25291.0,WTA,up,India,7,2026-02-01 15:28:19
1324,Rianna Alame,63492.0,WTA,up,Australia,7,2026-02-01 15:28:19
1325,Oriana Gniewkowska,72916.0,WTA,up,Poland,7,2026-02-01 15:28:19
1325,Heerae Im,38235.0,WTA,up,South Korea,7,2026-02-01 15:28:19
1325,Doga Turkmen,13028.0,WTA,up,Turkey,7,2026-02-01 15:28:19
1325,Danielle Daley,41.0,WTA,up,United Kingdom,7,2026-02-01 15:28:19
1325,Benedetta Ortenzi,1015.0,WTA,up,Italy,7,2026-02-01 15:28:19
1330,Nagomi Higashitani,38988.0,WTA,up,Japan,7,2026-02-01 15:28:19
1330,Julie Myatovic,49584.0,WTA,up,France,7,2026-02-01 15:28:19
1332,Avery Alexander,87957.0,WTA,up,Canada,7,2026-02-01 15:28:19
1332,Isabel Adrover Gallego,20218.0,WTA,up,Spain,7,2026-02-01 15:28:19
1334,Najah Dawson,72577.0,WTA,up,Jamaica,7,2026-02-01 15:28:19
1334,Melissa Boyden,39056.0,WTA,up,Netherlands,7,2026-02-01 15:28:19
1334,Aya El Sayed,20520.0,WTA,up,Egypt,7,2026-02-01 15:28:19
1334,Hania Abouelsaad,69486.0,WTA,up,Egypt,7,2026-02-01 15:28:19
1334,Anastasia Grechkina,35429.0,WTA,up,World,7,2026-02-01 15:28:19
1334,Elena Grekul,20909.0,WTA,up,Ukraine,7,2026-02-01 15:28:19
1334,Ying Ruan Zi,67675.0,WTA,up,China,7,2026-02-01 15:28:19
1334,Honori Koyama,50995.0,WTA,up,Japan,7,2026-02-01 15:28:19
1342,Lois Newberry,86840.0,WTA,up,United Kingdom,7,2026-02-01 15:28:19
1342,Mirjana Jovanovic,65091.0,WTA,up,Serbia,7,2026-02-01 15:28:19
1344,Himari Sato,9092.0,WTA,up,Japan,7,2026-02-01 15:28:19
1345,Tenika Mcgiffin,33854.0,WTA,up,Australia,7,2026-02-01 15:28:19
1345,Vivien Sandberg,1006.0,WTA,up,Germany,7,2026-02-01 15:28:19
1345,Chiara Fornasieri,38893.0,WTA,up,Italy,7,2026-02-01 15:28:19
1345,Milena Ciocan,58750.0,WTA,up,France,7,2026-02-01 15:28:19
1349,Anna Yang,72041.0,WTA,up,China,6,2026-02-01 15:28:19
1350,Yuyao Li,4144.0,WTA,up,China,6,2026-02-01 15:28:19
1351,Qianhui Tang,9104.0,WTA,up,China,6,2026-02-01 15:28:19
1352,Lena Couto,39827.0,WTA,up,Portugal,6,2026-02-01 15:28:19
1352,Ava Beck,6551.0,WTA,down,Australia,6,2026-02-01 15:28:19
1354,Marjorie Souza,78136.0,WTA,up,Brazil,6,2026-02-01 15:28:19
1355,Moeka Miyata,49563.0,WTA,up,Japan,6,2026-02-01 15:28:19
1355,Olga Danilova,64779.0,WTA,up,Cyprus,6,2026-02-01 15:28:19
1355,Amelie Brooks,,WTA,up,United Kingdom,6,2026-02-01 15:28:19
1355,Margot Phanthala,14670.0,WTA,up,France,6,2026-02-01 15:28:19
1355,Ria Dernikovic,49895.0,WTA,up,Croatia,6,2026-02-01 15:28:19
1355,Anika Jaskova,13032.0,WTA,up,Slovakia,6,2026-02-01 15:28:19
1361,Maria Vancea Gabriela,92126.0,WTA,up,Romania,6,2026-02-01 15:28:19
1361,Pia Praefke,13085.0,WTA,up,Germany,6,2026-02-01 15:28:19
1361,Victoria Rennert Julia,13169.0,WTA,up,Germany,6,2026-02-01 15:28:19
1361,Maria Andrienko,40096.0,WTA,up,World,6,2026-02-01 15:28:19
1361,Matylda Burylo,61144.0,WTA,up,Norway,6,2026-02-01 15:28:19
1361,Sana Garakani,38903.0,WTA,up,Iran,6,2026-02-01 15:28:19
1361,Katarina Stresnakova,14034.0,WTA,up,Slovakia,6,2026-02-01 15:28:19
1361,Nikola Breckova,6334.0,WTA,up,Czech Republic,6,2026-02-01 15:28:19
1361,Isabella Harvison,14154.0,WTA,up,USA,6,2026-02-01 15:28:19
1361,Na-Ri Kim,4348.0,WTA,up,South Korea,6,2026-02-01 15:28:19
1361,Claire An,67443.0,WTA,up,USA,6,2026-02-01 15:28:19
1361,Dominika Podhajecka,71086.0,WTA,up,Poland,6,2026-02-01 15:28:19
1361,Nina Sozaonova,84299.0,WTA,up,World,6,2026-02-01 15:28:19
1361,Gala Ivanovic,84069.0,WTA,up,Serbia,6,2026-02-01 15:28:19
1361,Massiva Boukirat,48922.0,WTA,up,France,6,2026-02-01 15:28:19
1361,Aleksandra Pozarenko,52629.0,WTA,up,World,6,2026-02-01 15:28:19
1361,Yiru Chen,92127.0,WTA,down,China,6,2026-02-01 15:28:19
1361,Naomi Xu,83820.0,WTA,up,Canada,6,2026-02-01 15:28:19
1361,Lavinia Puiac Alexia,54023.0,WTA,up,Romania,6,2026-02-01 15:28:19
1361,Lola Giza,57083.0,WTA,up,Germany,6,2026-02-01 15:28:19
1361,Megan Heuser,39181.0,WTA,up,USA,6,2026-02-01 15:28:19
1361,Ellie Daniels,38794.0,WTA,up,Canada,6,2026-02-01 15:28:19
1383,Maria Fedotova Anna,63414.0,WTA,up,Dominican Republic,6,2026-02-01 15:28:19
1384,Prathyusha Rachapudi,23741.0,WTA,up,India,6,2026-02-01 15:28:19
1384,Shria Atturu,13976.0,WTA,up,USA,6,2026-02-01 15:28:19
1384,Pooja Ingale,,WTA,up,India,6,2026-02-01 15:28:19
1387,Ginevra Parentini,2115.0,WTA,up,Italy,6,2026-02-01 15:28:19
1387,Yuna Ohashi,27844.0,WTA,up,Japan,6,2026-02-01 15:28:19
1387,Aurora Urso,57058.0,WTA,up,Italy,6,2026-02-01 15:28:19
1387,Saumya Vig,13980.0,WTA,up,India,6,2026-02-01 15:28:19
1387,Angelica Sara,65858.0,WTA,up,Italy,6,2026-02-01 15:28:19
1392,Ulrikke Eikeri,1817.0,WTA,up,Norway,5,2026-02-01 15:28:19
1393,Stefanie Voegele,1804.0,WTA,up,Switzerland,5,2026-02-01 15:28:19
1394,Daniela Martinez,60554.0,WTA,up,Mexico,5,2026-02-01 15:28:19
1395,Eduarda Carbone Maria,92934.0,WTA,up,Brazil,5,2026-02-01 15:28:19
1395,Valeria Savinykh,1116.0,WTA,up,World,5,2026-02-01 15:28:19
1397,Ximena Senties,64461.0,WTA,up,Mexico,5,2026-02-01 15:28:19
1397,Amalia Suciu,60360.0,WTA,up,Portugal,5,2026-02-01 15:28:19
1399,Teresa Franco Dias,59607.0,WTA,up,Portugal,5,2026-02-01 15:28:19
1400,Emma Charney,19702.0,WTA,up,USA,5,2026-02-01 15:28:19
1400,Rita Colyer,92523.0,WTA,up,Canada,5,2026-02-01 15:28:19
1400,Ran Wakana,82978.0,WTA,up,Japan,5,2026-02-01 15:28:19
1400,Phillippa Preugschat,19222.0,WTA,up,Germany,5,2026-02-01 15:28:19
1400,Paulina Montiel,74126.0,WTA,up,Mexico,5,2026-02-01 15:28:19
1400,Victoria Chramcova,23299.0,WTA,up,Slovakia,5,2026-02-01 15:28:19
1400,Alice Battesti,18145.0,WTA,up,France,5,2026-02-01 15:28:19
1400,Alexa Karatancheva,69949.0,WTA,up,Bulgaria,5,2026-02-01 15:28:19
1400,Anastasiya Lopata,62788.0,WTA,up,Ukraine,5,2026-02-01 15:28:19
1400,Camila Rodero,73111.0,WTA,up,Chile,5,2026-02-01 15:28:19
1400,Carla Tomai,59608.0,WTA,up,Portugal,5,2026-02-01 15:28:19
1400,Giovana Schincariol Delatorre Barbosa,78280.0,WTA,up,Brazil,5,2026-02-01 15:28:19
1400,Emilija Tverijonaite,50062.0,WTA,up,Lithuania,5,2026-02-01 15:28:19
1400,Emma Charney,19702.0,WTA,up,USA,5,2026-02-01 15:28:19
1400,Mariia Masiianskaia,23833.0,WTA,up,World,5,2026-02-01 15:28:19
1400,Michela Castro Zunino,54083.0,WTA,up,Peru,5,2026-02-01 15:28:19
1400,Nigina Abduraimova,1439.0,WTA,up,Uzbekistan,5,2026-02-01 15:28:19
1400,Nahjime Dho,85779.0,WTA,up,France,5,2026-02-01 15:28:19
1400,Maria Buculei Iulia,75051.0,WTA,up,Romania,5,2026-02-01 15:28:19
1400,Helena Buchwald,38989.0,WTA,up,Germany,5,2026-02-01 15:28:19
1400,Hephzibah Oluwadare,64356.0,WTA,up,United Kingdom,5,2026-02-01 15:28:19
1400,Heike Janse Van Vuuren,21854.0,WTA,up,South Africa,5,2026-02-01 15:28:19
1400,Julia Khramtsova,76626.0,WTA,up,World,5,2026-02-01 15:28:19
1400,Demi Teso Kaili,69068.0,WTA,up,Japan,5,2026-02-01 15:28:19
1400,Kristina Paskauskas,40089.0,WTA,up,United Kingdom,5,2026-02-01 15:28:19
1425,Conny Perrin,448.0,WTA,up,Switzerland,5,2026-02-01 15:28:19
1426,Charlotte Van Zonneveld,64496.0,WTA,up,Netherlands,5,2026-02-01 15:28:19
1426,Ela Plosnik,53165.0,WTA,up,Slovenia,5,2026-02-01 15:28:19
1426,Darya Velikova,68706.0,WTA,up,Bulgaria,5,2026-02-01 15:28:19
1426,Anastasia Mozgaleva,21946.0,WTA,up,World,5,2026-02-01 15:28:19
1426,Hanna Bougouffa,20385.0,WTA,up,France,5,2026-02-01 15:28:19
1426,Ines Leon,51431.0,WTA,up,Spain,5,2026-02-01 15:28:19
1432,Wen Wan I,63417.0,WTA,up,Taiwan,5,2026-02-01 15:28:19
1432,Holly Hutchinson,23391.0,WTA,up,United Kingdom,5,2026-02-01 15:28:19
1432,Hyun Kang Na,52572.0,WTA,up,South Korea,5,2026-02-01 15:28:19
1432,Meshkatolzahra Safi,10908.0,WTA,up,Iran,5,2026-02-01 15:28:19
1432,Mika Buchnik,38186.0,WTA,up,Israel,5,2026-02-01 15:28:19
1432,Maria Maruca Melina,34552.0,WTA,down,Argentina,5,2026-02-01 15:28:19
1432,Maria Eduarda Lages,22869.0,WTA,up,Brazil,5,2026-02-01 15:28:19
1432,Mariam Atia,1042.0,WTA,up,Egypt,5,2026-02-01 15:28:19
1432,Alessia Popescu,70150.0,WTA,down,Romania,5,2026-02-01 15:28:19
1432,Alice Soulie,68755.0,WTA,up,France,5,2026-02-01 15:28:19
1432,Daria Belyaeva,75364.0,WTA,up,World,5,2026-02-01 15:28:19
1432,Yui Chikaraishi,12992.0,WTA,up,Japan,5,2026-02-01 15:28:19
1432,Ailin Larraya Guidi Sol,38942.0,WTA,up,Argentina,5,2026-02-01 15:28:19
1445,Emily Webley-Smith,2942.0,WTA,up,United Kingdom,4,2026-02-01 15:28:19
1446,Francisca Laundes,74404.0,WTA,up,Portugal,4,2026-02-01 15:28:19
1446,Jolie Fernandez Bianca,3456.0,WTA,up,Canada,4,2026-02-01 15:28:19
1446,Mariia Nozdrachova,89937.0,WTA,up,Ukraine,4,2026-02-01 15:28:19
1446,Tori Russell,78989.0,WTA,down,Australia,4,2026-02-01 15:28:19
1450,Venla Ahti,56783.0,WTA,up,Finland,4,2026-02-01 15:28:19
1450,Priyanshi Bhandari,80129.0,WTA,up,India,4,2026-02-01 15:28:19
1450,Samantha Imbo Nloga,53624.0,WTA,up,USA,4,2026-02-01 15:28:19
1450,Yichen Zhao,71899.0,WTA,up,China,4,2026-02-01 15:28:19
1450,Madhurima Sawant,62374.0,WTA,up,India,4,2026-02-01 15:28:19
1450,Mia Yamakita,40146.0,WTA,up,USA,4,2026-02-01 15:28:19
1450,Camille Allegre,86357.0,WTA,up,USA,4,2026-02-01 15:28:19
1450,Francoise Abanda,6699.0,WTA,up,Canada,4,2026-02-01 15:28:19
1450,Gabriella Mikaul,78523.0,WTA,up,USA,4,2026-02-01 15:28:19
1450,Dora Miskovic,49896.0,WTA,up,Croatia,4,2026-02-01 15:28:19
1450,Cayetana Gay,62060.0,WTA,up,Spain,4,2026-02-01 15:28:19
1461,Chrystal Lopez,24582.0,WTA,up,Belgium,4,2026-02-01 15:28:19
1461,Gloria Contrino,77940.0,WTA,up,Italy,4,2026-02-01 15:28:19
1461,Emma Mazzoni,21653.0,WTA,up,France,4,2026-02-01 15:28:19
1461,Carolann Delaunay,21526.0,WTA,up,New Caledonia,4,2026-02-01 15:28:19
1461,Aurora Corvi,67759.0,WTA,up,Italy,4,2026-02-01 15:28:19
1461,Aliesia Reva,87044.0,WTA,up,Ukraine,4,2026-02-01 15:28:19
1461,Alina Yuneva,75457.0,WTA,up,World,4,2026-02-01 15:28:19
1461,Anastasia Safta,14380.0,WTA,up,Romania,4,2026-02-01 15:28:19
1461,Nika Hurkacz,87758.0,WTA,up,Poland,4,2026-02-01 15:28:19
1461,Madalena Matias,84428.0,WTA,up,Portugal,4,2026-02-01 15:28:19
1461,Maria Penalver Aguilo,83298.0,WTA,up,Spain,4,2026-02-01 15:28:19
1461,Helena Bueno,22590.0,WTA,up,Brazil,4,2026-02-01 15:28:19
1461,Joody Elkady,13554.0,WTA,up,Egypt,4,2026-02-01 15:28:19
1461,Laura Badia,62569.0,WTA,up,Brazil,4,2026-02-01 15:28:19
1461,Juliette Mazzoni,2267.0,WTA,up,France,4,2026-02-01 15:28:19
1461,Xenia Bandurowska,37999.0,WTA,up,Poland,4,2026-02-01 15:28:19
1461,Yuka Naito,475.0,WTA,up,Japan,4,2026-02-01 15:28:19
1461,Yuzuha Negishi,74582.0,WTA,up,Japan,4,2026-02-01 15:28:19
1461,Ruirui Zou,60781.0,WTA,up,China,4,2026-02-01 15:28:19
1461,Yun Choi Seo,,WTA,up,South Korea,4,2026-02-01 15:28:19
1461,Polina Skopintseva,82996.0,WTA,up,World,4,2026-02-01 15:28:19
1461,Paavanii Paathak,37451.0,WTA,up,India,4,2026-02-01 15:28:19
1461,Tara Malik,19225.0,WTA,up,USA,4,2026-02-01 15:28:19
1461,Sofia Avataneo,56782.0,WTA,up,Italy,4,2026-02-01 15:28:19
1485,Maryna Kolb,40211.0,WTA,up,Ukraine,3,2026-02-01 15:28:19
1486,Jennifer Jackson,16817.0,WTA,up,USA,3,2026-02-01 15:28:19
1486,Yihan Qu,70637.0,WTA,up,China,3,2026-02-01 15:28:19
1488,Olga Bienzobas Fernandez,92130.0,WTA,up,Spain,3,2026-02-01 15:28:19
1488,Nala Kovacic,67678.0,WTA,up,Slovenia,3,2026-02-01 15:28:19
1490,Michelle Dzjachangirova,33199.0,WTA,up,Azerbaijan,3,2026-02-01 15:28:19
1490,Margarita Ignatjeva,13492.0,WTA,up,Latvia,3,2026-02-01 15:28:19
1490,Maria Aytoyan,84742.0,WTA,up,USA,3,2026-02-01 15:28:19
1490,Luisa Schruff,75944.0,WTA,up,Germany,3,2026-02-01 15:28:19
1490,Magdalena Stoilkovska,2557.0,WTA,up,North Macedonia,3,2026-02-01 15:28:19
1490,Magdalena Baniak,73805.0,WTA,up,Poland,3,2026-02-01 15:28:19
1490,Jaquelyn Ogunwale,9403.0,WTA,up,United Kingdom,3,2026-02-01 15:28:19
1490,Kaur Kaler Havah,81406.0,WTA,up,Canada,3,2026-02-01 15:28:19
1490,Isabelle Cherny,52424.0,WTA,up,United Kingdom,3,2026-02-01 15:28:19
1490,Juliette Trunet,74087.0,WTA,up,France,3,2026-02-01 15:28:19
1490,Kenzie Nguyen,84317.0,WTA,up,USA,3,2026-02-01 15:28:19
1490,Larisa Arnautovic,80802.0,WTA,up,Australia,3,2026-02-01 15:28:19
1490,Kristina Belkova,88185.0,WTA,up,World,3,2026-02-01 15:28:19
1490,Komal Nagare,36588.0,WTA,up,India,3,2026-02-01 15:28:19
1490,Laalitya Kalluri,53623.0,WTA,up,India,3,2026-02-01 15:28:19
1490,Ana Giraldi Requena,38018.0,WTA,up,Spain,3,2026-02-01 15:28:19
1490,Carmen Zamburek Ana,39110.0,WTA,up,Dominican Republic,3,2026-02-01 15:28:19
1490,Angela Cui,80803.0,WTA,up,Australia,3,2026-02-01 15:28:19
1490,Aglaya Fedorova,14552.0,WTA,up,World,3,2026-02-01 15:28:19
1490,Abhilasha Bista,50217.0,WTA,up,Nepal,3,2026-02-01 15:28:19
1490,Abigayel Vosloo,78078.0,WTA,up,South Africa,3,2026-02-01 15:28:19
1490,Aurora Nosei,90048.0,WTA,up,Italy,3,2026-02-01 15:28:19
1490,Ava Schueller,89146.0,WTA,up,Austria,3,2026-02-01 15:28:19
1490,Carlota Corte,77369.0,WTA,up,Spain,3,2026-02-01 15:28:19
1490,Bruna Liotto de Carvalho,83819.0,WTA,up,Brazil,3,2026-02-01 15:28:19
1490,Ottavia Ghirardato Emma,52688.0,WTA,up,Italy,3,2026-02-01 15:28:19
1490,Elsa Wan,22865.0,WTA,up,Malaysia,3,2026-02-01 15:28:19
1490,Eleni Tsetsou,77247.0,WTA,up,Greece,3,2026-02-01 15:28:19
1490,Giada Di Paola,55520.0,WTA,up,Italy,3,2026-02-01 15:28:19
1490,Duanrui Gao,53036.0,WTA,up,China,3,2026-02-01 15:28:19
1490,Dominika Pirohova,74921.0,WTA,up,Slovakia,3,2026-02-01 15:28:19
1490,Diana Yakovleva,59864.0,WTA,up,Uzbekistan,3,2026-02-01 15:28:19
1490,Ekaterina Agureeva,66797.0,WTA,up,World,3,2026-02-01 15:28:19
1490,Denise Valente,10916.0,WTA,up,Italy,3,2026-02-01 15:28:19
1490,Delia Gaillard,52648.0,WTA,up,France,3,2026-02-01 15:28:19
1490,Defne Aydemir,79909.0,WTA,up,Turkey,3,2026-02-01 15:28:19
1490,Panna Bartha,40063.0,WTA,up,Hungary,3,2026-02-01 15:28:19
1490,Pauline Gloeckner,84193.0,WTA,up,Germany,3,2026-02-01 15:28:19
1490,Pranjala Yadlapalli,11768.0,WTA,up,India,3,2026-02-01 15:28:19
1490,Sandugash Kenzhibayeva,38789.0,WTA,up,Kazakhstan,3,2026-02-01 15:28:19
1490,Rhiann Newborn,22462.0,WTA,up,USA,3,2026-02-01 15:28:19
1490,Sofiia Nagornaia,38939.0,WTA,up,Israel,3,2026-02-01 15:28:19
1490,Silvia Husarova,91041.0,WTA,up,Slovakia,3,2026-02-01 15:28:19
1490,Sophia Ksandinov,56800.0,WTA,up,Germany,3,2026-02-01 15:28:19
1490,Valeria Garnevska,84197.0,WTA,up,Bulgaria,3,2026-02-01 15:28:19
1490,Vanja Gudelj,1008.0,WTA,up,Netherlands,3,2026-02-01 15:28:19
1490,Viola Bedini,88829.0,WTA,up,Italy,3,2026-02-01 15:28:19
1490,Yui Ohwaki,65787.0,WTA,up,Japan,3,2026-02-01 15:28:19
