tournament_key,tournament_name,event_type_key,event_type_type,tournament_sourface,download_time
2833,Aachen,281,Challenger Men Singles,Hard,2026-02-27 02:31:25
12400,Abidjan,281,Challenger Men Singles,Hard,2026-02-27 02:31:25
12399,Abidjan,282,Challenger Men Doubles,Hard,2026-02-27 02:31:25
12417,Abidjan 2,281,Challenger Men Singles,Hard,2026-02-27 02:31:25
12422,Abidjan 2,282,Challenger Men Doubles,Hard,2026-02-27 02:31:25
2655,Abu Dhabi,283,Exhibition Men,Hard,2026-02-27 02:31:25
2801,Abu Dhabi,276,Exhibition Women,Hard,2026-02-27 02:31:25
2130,Acapulco,266,Wta Singles,Hard,2026-02-27 02:31:25
8690,Acapulco,268,Wta Doubles,Hard,2026-02-27 02:31:25
10891,Acapulco,281,Challenger Men Singles,Hard,2026-02-27 02:31:25
10887,Acapulco,282,Challenger Men Doubles,Hard,2026-02-27 02:31:25
3223,Adelaide,265,Atp Singles,Hard,2026-02-27 02:31:25
5171,Adelaide 2,265,Atp Singles,Hard,2026-02-27 02:31:25
5172,Adelaide 2,266,Wta Singles,Hard,2026-02-27 02:31:25
5170,Adelaide 2,267,Atp Doubles,Hard,2026-02-27 02:31:25
5174,Adelaide 2,268,Wta Doubles,Hard,2026-02-27 02:31:25
3548,Adria Tour (Croatia),283,Exhibition Men,Clay,2026-02-27 02:31:25
3549,Adria Tour (Serbia),283,Exhibition Men,Clay,2026-02-27 02:31:25
8790,Agri,282,Challenger Men Doubles,Hard,2026-02-27 02:31:25
2643,Agri,281,Challenger Men Singles,Hard,2026-02-27 02:31:25
2834,Aguascalientes,281,Challenger Men Singles,Clay,2026-02-27 02:31:25
2888,Aguascalientes,282,Challenger Men Doubles,Clay,2026-02-27 02:31:25
2748,Aix en Provence,282,Challenger Men Doubles,Clay,2026-02-27 02:31:25
2476,Aix en Provence,281,Challenger Men Singles,Clay,2026-02-27 02:31:25
1971,Ajaccio,270,Itf Men Singles,Clay,2026-02-27 02:31:25
8923,Akko,264,Itf Men Doubles,Hard,2026-02-27 02:31:25
1691,Akko,270,Itf Men Singles,Hard,2026-02-27 02:31:25
1692,Akko,271,Itf Women Singles,Hard,2026-02-27 02:31:25
2293,Albinea,270,Itf Men Singles,Clay,2026-02-27 02:31:25
3712,Albuquerque,266,Wta Singles,Hard,2026-02-27 02:31:25
9199,Albuquerque,268,Wta Doubles,Hard,2026-02-27 02:31:25
1632,Albuquerque,271,Itf Women Singles,Hard,2026-02-27 02:31:25
8985,Albuquerque,287,Itf Women Doubles,Hard,2026-02-27 02:31:25
2201,Alcala de Henares,270,Itf Men Singles,Hard,2026-02-27 02:31:25
2692,Alessandria,281,Challenger Men Singles,Clay,2026-02-27 02:31:25
2743,Alger,271,Itf Women Singles,Clay,2026-02-27 02:31:25
8882,Alger,287,Itf Women Doubles,Clay,2026-02-27 02:31:25
1588,Alice Springs,270,Itf Men Singles,Hard,2026-02-27 02:31:25
1365,Alkmaar,270,Itf Men Singles,Clay,2026-02-27 02:31:25
11851,Almaty,265,Atp Singles,Hard (Indoor),2026-02-27 02:31:25
11853,Almaty,267,Atp Doubles,Hard (Indoor),2026-02-27 02:31:25
1424,Almaty,270,Itf Men Singles,Hard,2026-02-27 02:31:25
2952,Almaty,271,Itf Women Singles,Hard,2026-02-27 02:31:25
2783,Almaty,281,Challenger Men Singles,Clay,2026-02-27 02:31:25
2784,Almaty,282,Challenger Men Doubles,Clay,2026-02-27 02:31:25
3081,Almaty 2,282,Challenger Men Doubles,Hard,2026-02-27 02:31:25
3079,Almaty 2,281,Challenger Men Singles,Hard,2026-02-27 02:31:25
1694,Almaty 3,270,Itf Men Singles,Hard (Indoor),2026-02-27 02:31:25
2529,Almeria,270,Itf Men Singles,Hard,2026-02-27 02:31:25
2535,Almeria 2,270,Itf Men Singles,Hard,2026-02-27 02:31:25
2537,Almeria 3,270,Itf Men Singles,Hard,2026-02-27 02:31:25
2538,Almeria 4,270,Itf Men Singles,Hard,2026-02-27 02:31:25
1582,Alphen,271,Itf Women Singles,Clay,2026-02-27 02:31:25
2339,Alphen,281,Challenger Men Singles,Clay,2026-02-27 02:31:25
8738,Alphen,282,Challenger Men Doubles,Clay,2026-02-27 02:31:25
13178,Alphen,287,Itf Women Doubles,Clay,2026-02-27 02:31:25
3499,Altec Styslinger Tennis Exhibition,283,Exhibition Men,Hard,2026-02-27 02:31:25
1333,Amarante,271,Itf Women Singles,Hard,2026-02-27 02:31:25
4643,Ambato,281,Challenger Men Singles,Clay,2026-02-27 02:31:25
4641,Ambato,282,Challenger Men Doubles,Clay,2026-02-27 02:31:25
3713,Amelia Island,266,Wta Singles,Clay,2026-02-27 02:31:25
9200,Amelia Island,268,Wta Doubles,Clay,2026-02-27 02:31:25
1648,Amelia Island,271,Itf Women Singles,Clay,2026-02-27 02:31:25
1493,Americana,270,Itf Men Singles,Hard,2026-02-27 02:31:25
3658,Amersfoort,265,Atp Singles,Clay,2026-02-27 02:31:25
9148,Amersfoort,267,Atp Doubles,,2026-02-27 02:31:25
3148,Amersfoort,281,Challenger Men Singles,Clay,2026-02-27 02:31:25
3150,Amersfoort,282,Challenger Men Doubles,Clay,2026-02-27 02:31:25
1902,Amiens,271,Itf Women Singles,Clay (Indoor),2026-02-27 02:31:25
3659,Amsterdam,265,Atp Singles,Clay,2026-02-27 02:31:25
9149,Amsterdam,267,Atp Doubles,Clay,2026-02-27 02:31:25
2146,An-Ning,271,Itf Women Singles,Clay,2026-02-27 02:31:25
3042,An-Ning,272,Challenger Women Singles,Clay,2026-02-27 02:31:25
9049,An-Ning,275,Challenger Women Doubles,Clay,2026-02-27 02:31:25
2490,An-Ning,281,Challenger Men Singles,Clay,2026-02-27 02:31:25
8771,An-Ning,282,Challenger Men Doubles,Clay,2026-02-27 02:31:25
8364,Andorra,272,Challenger Women Singles,Hard (Indoor),2026-02-27 02:31:25
8404,Andorra,275,Challenger Women Doubles,Hard (Indoor),2026-02-27 02:31:25
2465,Andria,281,Challenger Men Singles,Hard (Indoor),2026-02-27 02:31:25
8321,Andria,282,Challenger Men Doubles,Hard (Indoor),2026-02-27 02:31:25
8924,Angers,264,Itf Men Doubles,Clay,2026-02-27 02:31:25
1961,Angers,270,Itf Men Singles,Clay (Indoor),2026-02-27 02:31:25
5089,Angers,272,Challenger Women Singles,Hard (Indoor),2026-02-27 02:31:25
5110,Angers,275,Challenger Women Doubles,Hard (Indoor),2026-02-27 02:31:25
2774,Ankara,271,Itf Women Singles,Hard,2026-02-27 02:31:25
8986,Ankara,287,Itf Women Doubles,Hard,2026-02-27 02:31:25
1800,Ankara 2,271,Itf Women Singles,Hard (Indoor),2026-02-27 02:31:25
3208,Ann Arbor,281,Challenger Men Singles,Hard (Indoor),2026-02-27 02:31:25
9078,Ann Arbor,282,Challenger Men Doubles,Hard (Indoor),2026-02-27 02:31:25
1695,Annaba,270,Itf Men Singles,Clay,2026-02-27 02:31:25
13122,Antalya,264,Itf Men Doubles,Hard,2026-02-27 02:31:25
2765,Antalya,265,Atp Singles,Grass,2026-02-27 02:31:25
2766,Antalya,267,Atp Doubles,Grass,2026-02-27 02:31:25
2894,Antalya,270,Itf Men Singles,Hard,2026-02-27 02:31:25
2953,Antalya,271,Itf Women Singles,Hard,2026-02-27 02:31:25
10808,Antalya,272,Challenger Women Singles,Clay,2026-02-27 02:31:25
10818,Antalya,275,Challenger Women Doubles,Clay,2026-02-27 02:31:25
3883,Antalya,281,Challenger Men Singles,Clay,2026-02-27 02:31:25
3884,Antalya,282,Challenger Men Doubles,Clay,2026-02-27 02:31:25
8987,Antalya,287,Itf Women Doubles,,2026-02-27 02:31:25
8925,Antalya 10,264,Itf Men Doubles,Hard,2026-02-27 02:31:25
2895,Antalya 10,270,Itf Men Singles,Hard,2026-02-27 02:31:25
1926,Antalya 10,271,Itf Women Singles,Clay,2026-02-27 02:31:25
8712,Antalya 11,264,Itf Men Doubles,Clay,2026-02-27 02:31:25
2896,Antalya 11,270,Itf Men Singles,Hard,2026-02-27 02:31:25
1949,Antalya 12,271,Itf Women Singles,Hard,2026-02-27 02:31:25
13135,Antalya 2,264,Itf Men Doubles,Hard,2026-02-27 02:31:25
2897,Antalya 2,270,Itf Men Singles,Hard,2026-02-27 02:31:25
2954,Antalya 2,271,Itf Women Singles,Hard,2026-02-27 02:31:25
12345,Antalya 2,272,Challenger Women Singles,Clay,2026-02-27 02:31:25
12351,Antalya 2,275,Challenger Women Doubles,Clay,2026-02-27 02:31:25
3900,Antalya 2,281,Challenger Men Singles,Clay,2026-02-27 02:31:25
3897,Antalya 2,282,Challenger Men Doubles,Clay,2026-02-27 02:31:25
8988,Antalya 2,287,Itf Women Doubles,Hard,2026-02-27 02:31:25
5061,Antalya 3,282,Challenger Men Doubles,Clay,2026-02-27 02:31:25
8989,Antalya 3,287,Itf Women Doubles,Clay,2026-02-27 02:31:25
8859,Antalya 3,264,Itf Men Doubles,Hard,2026-02-27 02:31:25
2898,Antalya 3,270,Itf Men Singles,Hard,2026-02-27 02:31:25
2955,Antalya 3,271,Itf Women Singles,Clay,2026-02-27 02:31:25
12376,Antalya 3,272,Challenger Women Singles,Clay,2026-02-27 02:31:25
12379,Antalya 3,275,Challenger Women Doubles,Clay,2026-02-27 02:31:25
5063,Antalya 3,281,Challenger Men Singles,Clay,2026-02-27 02:31:25
8926,Antalya 4,264,Itf Men Doubles,Hard,2026-02-27 02:31:25
2899,Antalya 4,270,Itf Men Singles,Hard,2026-02-27 02:31:25
5088,Antalya 4,281,Challenger Men Singles,Clay,2026-02-27 02:31:25
5086,Antalya 4,282,Challenger Men Doubles,Clay,2026-02-27 02:31:25
8927,Antalya 5,264,Itf Men Doubles,Hard,2026-02-27 02:31:25
2900,Antalya 5,270,Itf Men Singles,Hard,2026-02-27 02:31:25
8928,Antalya 6,264,Itf Men Doubles,Clay,2026-02-27 02:31:25
2901,Antalya 6,270,Itf Men Singles,Hard,2026-02-27 02:31:25
8929,Antalya 7,264,Itf Men Doubles,Hard,2026-02-27 02:31:25
2902,Antalya 7,270,Itf Men Singles,Hard,2026-02-27 02:31:25
8930,Antalya 8,264,Itf Men Doubles,Hard,2026-02-27 02:31:25
2740,Antalya 8,270,Itf Men Singles,Hard,2026-02-27 02:31:25
8931,Antalya 9,264,Itf Men Doubles,Hard,2026-02-27 02:31:25
2686,Antalya 9,270,Itf Men Singles,Hard,2026-02-27 02:31:25
1918,Antalya-Ali Bey Manavgat,270,Itf Men Singles,Clay,2026-02-27 02:31:25
2956,Antalya-Ali Bey Manavgat,271,Itf Women Singles,Clay,2026-02-27 02:31:25
8990,Antalya-Ali Bey Manavgat,287,Itf Women Doubles,Clay,2026-02-27 02:31:25
8991,Antalya-Ali Bey Manavgat 2,287,Itf Women Doubles,Clay,2026-02-27 02:31:25
2957,Antalya-Ali Bey Manavgat 2,271,Itf Women Singles,Clay,2026-02-27 02:31:25
8932,Antalya-Belconti,264,Itf Men Doubles,Hard,2026-02-27 02:31:25
1840,Antalya-Belconti,270,Itf Men Singles,Hard,2026-02-27 02:31:25
2545,Antalya-Belconti,271,Itf Women Singles,Hard,2026-02-27 02:31:25
1594,Antalya-Belconti 12,270,Itf Men Singles,Hard,2026-02-27 02:31:25
1607,Antalya-Belconti 13,270,Itf Men Singles,Hard,2026-02-27 02:31:25
1625,Antalya-Belconti 14,270,Itf Men Singles,Hard,2026-02-27 02:31:25
8836,Antalya-Belconti 2,264,Itf Men Doubles,Hard,2026-02-27 02:31:25
1846,Antalya-Belconti 2,270,Itf Men Singles,Hard,2026-02-27 02:31:25
2958,Antalya-Belconti 2,271,Itf Women Singles,Hard,2026-02-27 02:31:25
8992,Antalya-Belconti 2,287,Itf Women Doubles,Hard,2026-02-27 02:31:25
8933,Antalya-Belconti 3,264,Itf Men Doubles,Hard,2026-02-27 02:31:25
1869,Antalya-Belconti 3,270,Itf Men Singles,Hard,2026-02-27 02:31:25
2688,Antalya-Belconti 4,270,Itf Men Singles,Hard,2026-02-27 02:31:25
1947,Antalya-Belconti 6,270,Itf Men Singles,Hard,2026-02-27 02:31:25
2959,Antalya-Ihtisas,271,Itf Women Singles,Hard,2026-02-27 02:31:25
8993,Antalya-Ihtisas,287,Itf Women Doubles,Hard,2026-02-27 02:31:25
10152,Antofagasta,282,Challenger Men Doubles,Clay,2026-02-27 02:31:25
10154,Antofagasta,281,Challenger Men Singles,Clay,2026-02-27 02:31:25
2364,Antwerp,265,Atp Singles,Hard (Indoor),2026-02-27 02:31:25
2825,Antwerp,266,Wta Singles,Hard,2026-02-27 02:31:25
2365,Antwerp,267,Atp Doubles,Hard (Indoor),2026-02-27 02:31:25
8903,Antwerp,268,Wta Doubles,Hard,2026-02-27 02:31:25
3660,Antwerp 2,265,Atp Singles,Hard (Indoor),2026-02-27 02:31:25
9150,Antwerp 2,267,Atp Doubles,Hard (Indoor),2026-02-27 02:31:25
2082,Appiano,270,Itf Men Singles,Clay,2026-02-27 02:31:25
2397,Aptos,281,Challenger Men Singles,Hard,2026-02-27 02:31:25
8739,Aptos,282,Challenger Men Doubles,Hard,2026-02-27 02:31:25
8847,Arad,282,Challenger Men Doubles,Clay,2026-02-27 02:31:25
1319,Arad,271,Itf Women Singles,Clay,2026-02-27 02:31:25
2553,Arad,281,Challenger Men Singles,Clay,2026-02-27 02:31:25
3114,Arcadia,270,Itf Men Singles,Hard,2026-02-27 02:31:25
8934,Arequipa,264,Itf Men Doubles,Clay,2026-02-27 02:31:25
1347,Arequipa,270,Itf Men Singles,Clay,2026-02-27 02:31:25
1516,Arequipa,271,Itf Women Singles,Clay,2026-02-27 02:31:25
1409,Arroyito,270,Itf Men Singles,Clay,2026-02-27 02:31:25
2772,Artvin,271,Itf Women Singles,Hard,2026-02-27 02:31:25
1437,Aschaffenburg,271,Itf Women Singles,Clay,2026-02-27 02:31:25
3059,Ashland,271,Itf Women Singles,Hard,2026-02-27 02:31:25
10181,Asian Games,265,Atp Singles,Hard (Indoor),2026-02-27 02:31:25
10182,Asian Games,266,Wta Singles,Hard (Indoor),2026-02-27 02:31:25
10183,Asian Games,267,Atp Doubles,Hard (Indoor),2026-02-27 02:31:25
10184,Asian Games,268,Wta Doubles,Hard (Indoor),2026-02-27 02:31:25
10185,Asian Games,269,Mixed Doubles,Hard (Indoor),2026-02-27 02:31:25
3329,Asian Games,273,Teams Women,Hard,2026-02-27 02:31:25
3451,Asian Games,285,Teams Men,Hard,2026-02-27 02:31:25
3144,Astana,282,Challenger Men Doubles,Hard,2026-02-27 02:31:25
9061,Astana,264,Itf Men Doubles,Hard,2026-02-27 02:31:25
3656,Astana,265,Atp Singles,Hard (Indoor),2026-02-27 02:31:25
3773,Astana,267,Atp Doubles,Hard (Indoor),2026-02-27 02:31:25
2903,Astana,270,Itf Men Singles,Hard,2026-02-27 02:31:25
3146,Astana,281,Challenger Men Singles,Hard,2026-02-27 02:31:25
8935,Astana 2,264,Itf Men Doubles,Hard,2026-02-27 02:31:25
2739,Astana 2,270,Itf Men Singles,Hard,2026-02-27 02:31:25
2780,Astana 2,281,Challenger Men Singles,Hard,2026-02-27 02:31:25
8785,Astana 2,282,Challenger Men Doubles,Hard (Indoor),2026-02-27 02:31:25
1710,Astana 3,270,Itf Men Singles,Hard (Indoor),2026-02-27 02:31:25
2195,Asuncion,271,Itf Women Singles,Clay,2026-02-27 02:31:25
13091,Asuncion,281,Challenger Men Singles,Clay,2026-02-27 02:31:25
10771,Asuncion,282,Challenger Men Doubles,Clay,2026-02-27 02:31:25
13179,Asuncion,287,Itf Women Doubles,Clay,2026-02-27 02:31:25
13180,Asuncion 2,287,Itf Women Doubles,Clay,2026-02-27 02:31:25
2960,Asuncion 2,271,Itf Women Singles,Clay,2026-02-27 02:31:25
2961,Asuncion 3,271,Itf Women Singles,Clay,2026-02-27 02:31:25
8994,Asuncion 3,287,Itf Women Doubles,Clay,2026-02-27 02:31:25
3825,Asuncion Challenger Men,281,Challenger Men Singles,Clay,2026-02-27 02:31:25
13423,Athens,265,Atp Singles,Hard (Indoor),2026-02-27 02:31:25
3801,Athens,266,Wta Singles,Clay,2026-02-27 02:31:25
13424,Athens,267,Atp Doubles,Hard (Indoor),2026-02-27 02:31:25
13067,Athens,268,Wta Doubles,Clay,2026-02-27 02:31:25
2554,Athens,281,Challenger Men Singles,Hard,2026-02-27 02:31:25
13040,Athens,282,Challenger Men Doubles,Hard,2026-02-27 02:31:25
13509,Athens 2,281,Challenger Men Singles,Hard,2026-02-27 02:31:25
13506,Athens 2,282,Challenger Men Doubles,Hard,2026-02-27 02:31:25
3661,Athens 2,265,Atp Singles,Clay,2026-02-27 02:31:25
9151,Athens 2,267,Atp Doubles,Clay,2026-02-27 02:31:25
1526,Atlanta,265,Atp Singles,Hard,2026-02-27 02:31:25
1443,Atlanta,267,Atp Doubles,Hard,2026-02-27 02:31:25
2317,Atlanta,271,Itf Women Singles,Hard,2026-02-27 02:31:25
2131,ATP Acapulco,265,Atp Singles,Hard,2026-02-27 02:31:25
2129,ATP Acapulco,267,Atp Doubles,Hard,2026-02-27 02:31:25
3226,ATP Adelaide,267,Atp Doubles,Hard,2026-02-27 02:31:25
3234,ATP ATP Cup,265,Atp Singles,Hard,2026-02-27 02:31:25
3246,ATP ATP Cup,267,Atp Doubles,Hard,2026-02-27 02:31:25
8482,ATP Auckland,267,Atp Doubles,Hard,2026-02-27 02:31:25
1238,ATP Australian Open,267,Atp Doubles,Hard,2026-02-27 02:31:25
8659,ATP Brisbane,267,Atp Doubles,Hard,2026-02-27 02:31:25
1244,ATP Buenos Aires,267,Atp Doubles,Clay,2026-02-27 02:31:25
2615,ATP Challenger Tour Finals,281,Challenger Men Singles,Clay (Indoor),2026-02-27 02:31:25
3233,ATP Cup,285,Teams Men,Hard,2026-02-27 02:31:25
5233,ATP Dallas,267,Atp Doubles,Hard (Indoor),2026-02-27 02:31:25
2723,ATP Davis Cup - Group III,265,Atp Singles,,2026-02-27 02:31:25
2724,ATP Davis Cup - Group III,267,Atp Doubles,,2026-02-27 02:31:25
2722,ATP Davis Cup - Group IV,265,Atp Singles,,2026-02-27 02:31:25
2733,ATP Davis Cup - Group IV,267,Atp Doubles,- Promotion,2026-02-27 02:31:25
11333,ATP Davis Cup - Group V,265,Atp Singles,,2026-02-27 02:31:25
11334,ATP Davis Cup - Group V,267,Atp Doubles,,2026-02-27 02:31:25
3120,ATP Davis Cup - World Group,265,Atp Singles,- Play Offs,2026-02-27 02:31:25
2725,ATP Davis Cup - World Group,267,Atp Doubles,,2026-02-27 02:31:25
3445,ATP Davis Cup - World Group I,265,Atp Singles,- Preliminary,2026-02-27 02:31:25
3446,ATP Davis Cup - World Group I,267,Atp Doubles,- Preliminary,2026-02-27 02:31:25
3447,ATP Davis Cup - World Group II,265,Atp Singles,- Preliminary,2026-02-27 02:31:25
3448,ATP Davis Cup - World Group II,267,Atp Doubles,- Preliminary,2026-02-27 02:31:25
1251,ATP Delray Beach,265,Atp Singles,Hard,2026-02-27 02:31:25
1252,ATP Delray Beach,267,Atp Doubles,Hard,2026-02-27 02:31:25
1229,ATP Doha,267,Atp Doubles,Hard,2026-02-27 02:31:25
1249,ATP Dubai,265,Atp Singles,Hard,2026-02-27 02:31:25
1250,ATP Dubai,267,Atp Doubles,Hard,2026-02-27 02:31:25
9162,ATP Hong Kong,267,Atp Doubles,Hard,2026-02-27 02:31:25
12734,ATP Hopman Cup,265,Atp Singles,Clay,2026-02-27 02:31:25
3171,ATP Laver Cup,265,Atp Singles,Hard (Indoor),2026-02-27 02:31:25
3172,ATP Laver Cup,267,Atp Doubles,Hard (Indoor),2026-02-27 02:31:25
1845,ATP Montpellier,267,Atp Doubles,Hard (Indoor),2026-02-27 02:31:25
2125,ATP Rio de Janeiro,265,Atp Singles,Clay,2026-02-27 02:31:25
2126,ATP Rio de Janeiro,267,Atp Doubles,Clay,2026-02-27 02:31:25
1856,ATP Rotterdam,267,Atp Doubles,Hard (Indoor),2026-02-27 02:31:25
2824,ATP Santiago,265,Atp Singles,Clay,2026-02-27 02:31:25
2832,ATP Santiago,267,Atp Doubles,Clay,2026-02-27 02:31:25
8455,ATP United Cup,265,Atp Singles,Hard,2026-02-27 02:31:25
1231,Auckland,265,Atp Singles,Hard,2026-02-27 02:31:25
3154,Augsburg,281,Challenger Men Singles,Clay,2026-02-27 02:31:25
9068,Augsburg,282,Challenger Men Doubles,Clay,2026-02-27 02:31:25
8995,Aurangabad,287,Itf Women Doubles,Clay,2026-02-27 02:31:25
2962,Aurangabad,271,Itf Women Singles,Clay,2026-02-27 02:31:25
3802,Aurora,266,Wta Singles,Hard (Indoor),2026-02-27 02:31:25
13068,Aurora,268,Wta Doubles,Hard (Indoor),2026-02-27 02:31:25
8936,Austin,264,Itf Men Doubles,Hard,2026-02-27 02:31:25
1679,Austin,270,Itf Men Singles,Hard,2026-02-27 02:31:25
13427,Austin,272,Challenger Women Singles,Hard,2026-02-27 02:31:25
13450,Austin,275,Challenger Women Doubles,Hard,2026-02-27 02:31:25
1236,Australian Open,265,Atp Singles,Hard,2026-02-27 02:31:25
1235,Australian Open,269,Mixed Doubles,Hard,2026-02-27 02:31:25
1938,Bac Lieu City,270,Itf Men Singles,Hard,2026-02-27 02:31:25
2032,Bacau,270,Itf Men Singles,Clay,2026-02-27 02:31:25
2074,Bad Gastein,266,Wta Singles,Clay,2026-02-27 02:31:25
8671,Bad Gastein,268,Wta Doubles,Clay,2026-02-27 02:31:25
4228,Bad Homburg,266,Wta Singles,Grass,2026-02-27 02:31:25
4230,Bad Homburg,268,Wta Doubles,Grass,2026-02-27 02:31:25
1276,Bad Saarow,271,Itf Women Singles,Clay,2026-02-27 02:31:25
1701,Bad Salzdetfurth,270,Itf Men Singles,Hard (Indoor),2026-02-27 02:31:25
1498,Bad Saulgau,271,Itf Women Singles,Clay,2026-02-27 02:31:25
3056,Bad Schussenried,270,Itf Men Singles,Clay,2026-02-27 02:31:25
1471,Bad Waltersdorf,270,Itf Men Singles,Clay,2026-02-27 02:31:25
1472,Bad Waltersdorf,271,Itf Women Singles,Clay,2026-02-27 02:31:25
10150,Bad Waltersdorf,281,Challenger Men Singles,Clay,2026-02-27 02:31:25
10151,Bad Waltersdorf,282,Challenger Men Doubles,Clay,2026-02-27 02:31:25
1913,Badalona,270,Itf Men Singles,Clay,2026-02-27 02:31:25
1565,Bagnatica,271,Itf Women Singles,Clay,2026-02-27 02:31:25
2693,Bagnoles De L'Orne,270,Itf Men Singles,Clay (Indoor),2026-02-27 02:31:25
3714,Bahia,266,Wta Singles,Hard,2026-02-27 02:31:25
9201,Bahia,268,Wta Doubles,Hard,2026-02-27 02:31:25
3489,Bakersfield,270,Itf Men Singles,Hard,2026-02-27 02:31:25
2166,Bakio,270,Itf Men Singles,Hard,2026-02-27 02:31:25
1529,Baku,266,Wta Singles,Hard,2026-02-27 02:31:25
8673,Baku,268,Wta Doubles,Hard,2026-02-27 02:31:25
2002,Balaguer,270,Itf Men Singles,Clay,2026-02-27 02:31:25
1225,Bali,266,Wta Singles,Hard,2026-02-27 02:31:25
9202,Bali,268,Wta Doubles,Hard,2026-02-27 02:31:25
2017,Balikpapan,271,Itf Women Singles,Hard,2026-02-27 02:31:25
3715,Bangalore,266,Wta Singles,Hard,2026-02-27 02:31:25
9203,Bangalore,268,Wta Doubles,Hard,2026-02-27 02:31:25
1343,Bangalore,270,Itf Men Singles,Hard,2026-02-27 02:31:25
2963,Bangalore,271,Itf Women Singles,Hard,2026-02-27 02:31:25
2482,Bangalore,281,Challenger Men Singles,Hard,2026-02-27 02:31:25
8865,Bangalore,282,Challenger Men Doubles,Hard,2026-02-27 02:31:25
8996,Bangalore,287,Itf Women Doubles,Hard,2026-02-27 02:31:25
8802,Bangkok,282,Challenger Men Doubles,Hard,2026-02-27 02:31:25
3029,Bangkok,283,Exhibition Men,Hard (Indoor),2026-02-27 02:31:25
1634,Bangkok,265,Atp Singles,Hard,2026-02-27 02:31:25
3716,Bangkok,266,Wta Singles,Hard (Indoor),2026-02-27 02:31:25
8653,Bangkok,267,Atp Doubles,Hard,2026-02-27 02:31:25
9062,Bangkok,268,Wta Doubles,Hard (Indoor),2026-02-27 02:31:25
2023,Bangkok,270,Itf Men Singles,Hard,2026-02-27 02:31:25
2555,Bangkok,281,Challenger Men Singles,Hard,2026-02-27 02:31:25
1279,Bangkok 2,270,Itf Men Singles,Hard,2026-02-27 02:31:25
2461,Bangkok 2,281,Challenger Men Singles,Hard,2026-02-27 02:31:25
8803,Bangkok 2,282,Challenger Men Doubles,Hard,2026-02-27 02:31:25
8742,Bangkok 3,282,Challenger Men Doubles,Hard,2026-02-27 02:31:25
1297,Bangkok 3,270,Itf Men Singles,Hard,2026-02-27 02:31:25
2470,Bangkok 3,281,Challenger Men Singles,Hard,2026-02-27 02:31:25
2387,Bangkok 4,281,Challenger Men Singles,Hard,2026-02-27 02:31:25
8729,Bangkok 4,282,Challenger Men Doubles,Hard,2026-02-27 02:31:25
2386,Banja Luka,282,Challenger Men Doubles,Clay,2026-02-27 02:31:25
9455,Banja Luka,265,Atp Singles,Clay,2026-02-27 02:31:25
9456,Banja Luka,267,Atp Doubles,Clay,2026-02-27 02:31:25
2340,Banja Luka,281,Challenger Men Singles,Clay,2026-02-27 02:31:25
3051,Baotou,271,Itf Women Singles,Hard (Indoor),2026-02-27 02:31:25
3159,Baotou,281,Challenger Men Singles,Clay (Indoor),2026-02-27 02:31:25
9070,Baotou,282,Challenger Men Doubles,Hard (Indoor),2026-02-27 02:31:25
3083,Barcelona,282,Challenger Men Doubles,Clay,2026-02-27 02:31:25
1979,Barcelona,265,Atp Singles,Clay,2026-02-27 02:31:25
1259,Barcelona,266,Wta Singles,Clay,2026-02-27 02:31:25
1261,Barcelona,267,Atp Doubles,Clay,2026-02-27 02:31:25
8667,Barcelona,268,Wta Doubles,Clay,2026-02-27 02:31:25
2757,Barcelona,271,Itf Women Singles,Clay,2026-02-27 02:31:25
3082,Barcelona,281,Challenger Men Singles,Clay,2026-02-27 02:31:25
3717,Barcelona 2,266,Wta Singles,Clay,2026-02-27 02:31:25
9204,Barcelona 2,268,Wta Doubles,Clay,2026-02-27 02:31:25
7779,Bari,272,Challenger Women Singles,Clay,2026-02-27 02:31:25
7795,Bari,275,Challenger Women Doubles,Clay,2026-02-27 02:31:25
4998,Bari,281,Challenger Men Singles,Hard,2026-02-27 02:31:25
4995,Bari,282,Challenger Men Doubles,Hard,2026-02-27 02:31:25
2666,Barletta,282,Challenger Men Doubles,Clay,2026-02-27 02:31:25
2556,Barletta,281,Challenger Men Singles,Clay,2026-02-27 02:31:25
1741,Barnstaple,271,Itf Women Singles,Hard (Indoor),2026-02-27 02:31:25
9982,Barranquilla,272,Challenger Women Singles,Hard,2026-02-27 02:31:25
10021,Barranquilla,275,Challenger Women Doubles,Hard,2026-02-27 02:31:25
2341,Barranquilla,281,Challenger Men Singles,Clay,2026-02-27 02:31:25
8733,Barranquilla,282,Challenger Men Doubles,Clay,2026-02-27 02:31:25
1706,Basel,265,Atp Singles,Hard (Indoor),2026-02-27 02:31:25
3803,Basel,266,Wta Singles,Clay,2026-02-27 02:31:25
8105,Basel,267,Atp Doubles,Hard (Indoor),2026-02-27 02:31:25
13069,Basel,268,Wta Doubles,Clay,2026-02-27 02:31:25
2268,Basiglio,270,Itf Men Singles,Hard (Indoor),2026-02-27 02:31:25
2222,Basilicanova,270,Itf Men Singles,Clay,2026-02-27 02:31:25
2067,Bastad,265,Atp Singles,Clay,2026-02-27 02:31:25
1530,Bastad,266,Wta Singles,Clay,2026-02-27 02:31:25
1420,Bastad,267,Atp Doubles,Clay,2026-02-27 02:31:25
8672,Bastad,268,Wta Doubles,Clay,2026-02-27 02:31:25
2904,Bastad,270,Itf Men Singles,Clay,2026-02-27 02:31:25
1285,Bastad,271,Itf Women Singles,Clay,2026-02-27 02:31:25
3141,Bastad,272,Challenger Women Singles,Clay,2026-02-27 02:31:25
3142,Bastad,275,Challenger Women Doubles,Clay,2026-02-27 02:31:25
2417,Bastad,281,Challenger Men Singles,Clay,2026-02-27 02:31:25
8750,Bastad,282,Challenger Men Doubles,Clay,2026-02-27 02:31:25
1280,Bastad 2,270,Itf Men Singles,Clay,2026-02-27 02:31:25
8714,Bath,264,Itf Men Doubles,Hard,2026-02-27 02:31:25
1925,Bath,270,Itf Men Singles,Hard (Indoor),2026-02-27 02:31:25
1927,Bath,271,Itf Women Singles,Hard (Indoor),2026-02-27 02:31:25
2557,Bath,281,Challenger Men Singles,Hard,2026-02-27 02:31:25
8855,Bath,287,Itf Women Doubles,Hard (Indoor),2026-02-27 02:31:25
8997,Bath 2,287,Itf Women Doubles,Hard,2026-02-27 02:31:25
2964,Bath 2,271,Itf Women Singles,Hard,2026-02-27 02:31:25
2644,Batman,281,Challenger Men Singles,Hard,2026-02-27 02:31:25
8854,Batman,282,Challenger Men Doubles,Hard,2026-02-27 02:31:25
13654,Baton Rouge,282,Challenger Men Doubles,Hard (Indoor),2026-02-27 02:31:25
2835,Baton Rouge,281,Challenger Men Singles,Hard,2026-02-27 02:31:25
3493,Battle of the Brits,283,Exhibition Men,Hard (Indoor),2026-02-27 02:31:25
8452,Battle of the Brits,284,Exhibition Doubles Men,Hard (Indoor),2026-02-27 02:31:25
13574,Battle of the Sexes,305,Exhibition Mixed,Hard (Indoor),2026-02-27 02:31:25
3718,Bayonne,266,Wta Singles,Hard (Indoor),2026-02-27 02:31:25
9205,Bayonne,268,Wta Doubles,Hard (Indoor),2026-02-27 02:31:25
1652,Beijing,265,Atp Singles,Hard,2026-02-27 02:31:25
1651,Beijing,266,Wta Singles,Hard,2026-02-27 02:31:25
8655,Beijing,267,Atp Doubles,Hard,2026-02-27 02:31:25
8654,Beijing,268,Wta Doubles,Hard,2026-02-27 02:31:25
2072,Beijing,271,Itf Women Singles,Hard,2026-02-27 02:31:25
2558,Beijing,281,Challenger Men Singles,Hard,2026-02-27 02:31:25
8905,Beijing,282,Challenger Men Doubles,Hard,2026-02-27 02:31:25
2080,Bejar,270,Itf Men Singles,Hard,2026-02-27 02:31:25
1638,Belem,270,Itf Men Singles,Hard,2026-02-27 02:31:25
2559,Belem,281,Challenger Men Singles,Hard,2026-02-27 02:31:25
13041,Belem,282,Challenger Men Doubles,Hard,2026-02-27 02:31:25
1799,Belgaum,270,Itf Men Singles,Hard,2026-02-27 02:31:25
2550,Belgrade,265,Atp Singles,Clay,2026-02-27 02:31:25
4061,Belgrade,266,Wta Singles,Clay,2026-02-27 02:31:25
1265,Belgrade,267,Atp Doubles,Clay,2026-02-27 02:31:25
4064,Belgrade,268,Wta Doubles,Clay,2026-02-27 02:31:25
1349,Belgrade,270,Itf Men Singles,Clay,2026-02-27 02:31:25
4378,Belgrade,272,Challenger Women Singles,Clay,2026-02-27 02:31:25
9274,Belgrade,275,Challenger Women Doubles,Clay,2026-02-27 02:31:25
4001,Belgrade,281,Challenger Men Singles,Clay,2026-02-27 02:31:25
4000,Belgrade,282,Challenger Men Doubles,Clay,2026-02-27 02:31:25
4100,Belgrade 2,265,Atp Singles,Clay,2026-02-27 02:31:25
4102,Belgrade 2,267,Atp Doubles,Clay,2026-02-27 02:31:25
1375,Belgrade 2,270,Itf Men Singles,Clay,2026-02-27 02:31:25
2073,Belgrade 3,270,Itf Men Singles,Clay,2026-02-27 02:31:25
1450,Bell Ville,270,Itf Men Singles,Clay,2026-02-27 02:31:25
2836,Belo Horizonte,281,Challenger Men Singles,Clay,2026-02-27 02:31:25
1737,Bendigo,270,Itf Men Singles,Hard,2026-02-27 02:31:25
1738,Bendigo,271,Itf Women Singles,Hard,2026-02-27 02:31:25
3227,Bendigo,281,Challenger Men Singles,Hard,2026-02-27 02:31:25
3225,Bendigo,282,Challenger Men Doubles,Hard,2026-02-27 02:31:25
2109,Bendigo 2,271,Itf Women Singles,Hard,2026-02-27 02:31:25
2799,Bengaluru,281,Challenger Men Singles,Hard,2026-02-27 02:31:25
2800,Bengaluru,282,Challenger Men Doubles,Hard,2026-02-27 02:31:25
5256,Bengaluru 2,282,Challenger Men Doubles,Hard,2026-02-27 02:31:25
5257,Bengaluru 2,281,Challenger Men Singles,Hard,2026-02-27 02:31:25
3186,Benicarlo,270,Itf Men Singles,Clay,2026-02-27 02:31:25
1753,Benicarlo,271,Itf Women Singles,Clay,2026-02-27 02:31:25
8998,Benicarlo,287,Itf Women Doubles,Clay,2026-02-27 02:31:25
2837,Beograd,281,Challenger Men Singles,Hard,2026-02-27 02:31:25
2523,Bercuit,281,Challenger Men Singles,Clay,2026-02-27 02:31:25
13042,Bercuit,282,Challenger Men Doubles,Clay,2026-02-27 02:31:25
2670,Bergamo,282,Challenger Men Doubles,Hard (Indoor),2026-02-27 02:31:25
2152,Bergamo,270,Itf Men Singles,Clay,2026-02-27 02:31:25
2560,Bergamo,281,Challenger Men Singles,Hard (Indoor),2026-02-27 02:31:25
2217,Bergamo 2,270,Itf Men Singles,Clay,2026-02-27 02:31:25
2467,Berkeley,270,Itf Men Singles,Hard,2026-02-27 02:31:25
3058,Berkeley,271,Itf Women Singles,Hard,2026-02-27 02:31:25
3662,Berlin,265,Atp Singles,Hard (Indoor),2026-02-27 02:31:25
3183,Berlin,266,Wta Singles,Clay,2026-02-27 02:31:25
9152,Berlin,267,Atp Doubles,Hard (Indoor),2026-02-27 02:31:25
3101,Berlin,268,Wta Doubles,Clay,2026-02-27 02:31:25
3663,Bermuda,265,Atp Singles,Clay,2026-02-27 02:31:25
9153,Bermuda,267,Atp Doubles,Clay,2026-02-27 02:31:25
2838,Besancon,281,Challenger Men Singles,Hard,2026-02-27 02:31:25
9303,Besancon,282,Challenger Men Doubles,Hard,2026-02-27 02:31:25
1353,Bethany Beach,271,Itf Women Singles,Clay,2026-02-27 02:31:25
3525,Bett1 Aces Berlin,276,Exhibition Women,Grass,2026-02-27 02:31:25
3523,Bett1 Aces Berlin,283,Exhibition Men,Grass,2026-02-27 02:31:25
3532,Bett1 Aces Berlin 2,283,Exhibition Men,Hard (Indoor),2026-02-27 02:31:25
3533,Bett1 Aces Berlin 2,276,Exhibition Women,Hard (Indoor),2026-02-27 02:31:25
8937,Bhimavaram,264,Itf Men Doubles,Hard,2026-02-27 02:31:25
2697,Bhimavaram,270,Itf Men Singles,Hard,2026-02-27 02:31:25
8938,Bhopal,264,Itf Men Doubles,Hard,2026-02-27 02:31:25
2905,Bhopal,270,Itf Men Singles,Hard,2026-02-27 02:31:25
1429,Biarritz,271,Itf Women Singles,Clay,2026-02-27 02:31:25
2726,Biel,266,Wta Singles,Hard (Indoor),2026-02-27 02:31:25
8873,Biel,268,Wta Doubles,Hard (Indoor),2026-02-27 02:31:25
4639,Biel,281,Challenger Men Singles,Hard (Indoor),2026-02-27 02:31:25
4640,Biel,282,Challenger Men Doubles,Hard (Indoor),2026-02-27 02:31:25
2391,Biella,282,Challenger Men Doubles,Clay,2026-02-27 02:31:25
1621,Biella,270,Itf Men Singles,Clay,2026-02-27 02:31:25
1419,Biella,271,Itf Women Singles,Clay,2026-02-27 02:31:25
2456,Biella,281,Challenger Men Singles,Clay,2026-02-27 02:31:25
4174,Biella 2,281,Challenger Men Singles,Hard (Indoor),2026-02-27 02:31:25
9272,Biella 2,282,Challenger Men Doubles,Hard (Indoor),2026-02-27 02:31:25
9271,Biella 3,282,Challenger Men Doubles,Hard (Indoor),2026-02-27 02:31:25
4175,Biella 3,281,Challenger Men Singles,Hard (Indoor),2026-02-27 02:31:25
4176,Biella 4,281,Challenger Men Singles,Hard (Indoor),2026-02-27 02:31:25
9270,Biella 4,282,Challenger Men Doubles,Hard (Indoor),2026-02-27 02:31:25
4024,Biella 5,282,Challenger Men Doubles,Clay,2026-02-27 02:31:25
4025,Biella 5,281,Challenger Men Singles,Clay,2026-02-27 02:31:25
4067,Biella 6,281,Challenger Men Singles,Clay,2026-02-27 02:31:25
4063,Biella 6,282,Challenger Men Doubles,Clay,2026-02-27 02:31:25
4132,Biella 7,282,Challenger Men Doubles,Clay,2026-02-27 02:31:25
4133,Biella 7,281,Challenger Men Singles,Clay,2026-02-27 02:31:25
1745,Billie Jean King Cup - Group I Teams,273,Teams Women,,2026-02-27 02:31:25
4254,Billie Jean King Cup - Group II,273,Teams Women,,2026-02-27 02:31:25
4218,Billie Jean King Cup - Group III Teams,273,Teams Women,,2026-02-27 02:31:25
11132,Billie Jean King Cup - Group IV,273,Teams Women,,2026-02-27 02:31:25
2715,Billie Jean King Cup - World Group,273,Teams Women,,2026-02-27 02:31:25
3832,Billie Jean King Cup - World Group II,273,Teams Women,- Play Offs,2026-02-27 02:31:25
2411,Binghamton,281,Challenger Men Singles,Hard,2026-02-27 02:31:25
8740,Binghamton,282,Challenger Men Doubles,Hard,2026-02-27 02:31:25
1600,Binh Duong,270,Itf Men Singles,Hard,2026-02-27 02:31:25
1619,Binh Duong 2,270,Itf Men Singles,Hard,2026-02-27 02:31:25
1636,Binh Duong 3,270,Itf Men Singles,Hard,2026-02-27 02:31:25
13136,Birmingham,264,Itf Men Doubles,Clay,2026-02-27 02:31:25
3787,Birmingham,265,Atp Singles,Hard (Indoor),2026-02-27 02:31:25
1339,Birmingham,266,Wta Singles,Grass,2026-02-27 02:31:25
13052,Birmingham,267,Atp Doubles,Hard (Indoor),2026-02-27 02:31:25
1342,Birmingham,268,Wta Doubles,Grass,2026-02-27 02:31:25
1724,Birmingham,270,Itf Men Singles,Clay,2026-02-27 02:31:25
12548,Birmingham,272,Challenger Women Singles,Grass,2026-02-27 02:31:25
12556,Birmingham,275,Challenger Women Doubles,Grass,2026-02-27 02:31:25
12554,Birmingham,281,Challenger Men Singles,Grass,2026-02-27 02:31:25
12555,Birmingham,282,Challenger Men Doubles,Grass,2026-02-27 02:31:25
13137,Birmingham 2,264,Itf Men Doubles,Hard,2026-02-27 02:31:25
2906,Birmingham 2,270,Itf Men Singles,Hard,2026-02-27 02:31:25
1312,Bled,270,Itf Men Singles,Clay,2026-02-27 02:31:25
2616,Blois,281,Challenger Men Singles,Clay,2026-02-27 02:31:25
7246,Blois,282,Challenger Men Doubles,Clay,2026-02-27 02:31:25
9817,Bloomfield Hills,282,Challenger Men Doubles,Hard,2026-02-27 02:31:25
9819,Bloomfield Hills,281,Challenger Men Singles,Hard,2026-02-27 02:31:25
2561,Blumenau,281,Challenger Men Singles,Clay,2026-02-27 02:31:25
5173,Blumenau,282,Challenger Men Doubles,Clay,2026-02-27 02:31:25
2267,Boca Raton,270,Itf Men Singles,Clay,2026-02-27 02:31:25
2075,Bogota,265,Atp Singles,Hard,2026-02-27 02:31:25
1864,Bogota,266,Wta Singles,Clay,2026-02-27 02:31:25
8686,Bogota,267,Atp Doubles,Hard,2026-02-27 02:31:25
1242,Bogota,268,Wta Doubles,Clay,2026-02-27 02:31:25
1900,Bogota,270,Itf Men Singles,Clay,2026-02-27 02:31:25
2175,Bogota,271,Itf Women Singles,Clay,2026-02-27 02:31:25
2525,Bogota,281,Challenger Men Singles,Clay,2026-02-27 02:31:25
2527,Bogota,282,Challenger Men Doubles,Clay,2026-02-27 02:31:25
8999,Bogota,287,Itf Women Doubles,Clay,2026-02-27 02:31:25
2839,Bogota 2,281,Challenger Men Singles,Clay,2026-02-27 02:31:25
2840,Bogota 3,281,Challenger Men Singles,Clay,2026-02-27 02:31:25
13512,Bogota 4,281,Challenger Men Singles,Clay,2026-02-27 02:31:25
13511,Bogota 4,282,Challenger Men Doubles,Clay,2026-02-27 02:31:25
3719,Bol,266,Wta Singles,Clay,2026-02-27 02:31:25
9206,Bol,268,Wta Doubles,Clay,2026-02-27 02:31:25
2286,Bol,272,Challenger Women Singles,Clay,2026-02-27 02:31:25
2287,Bol,275,Challenger Women Doubles,Clay,2026-02-27 02:31:25
3664,Bologna,265,Atp Singles,Clay,2026-02-27 02:31:25
9154,Bologna,267,Atp Doubles,Clay,2026-02-27 02:31:25
3116,Bolton,270,Itf Men Singles,Hard (Indoor),2026-02-27 02:31:25
3665,Bolzano,265,Atp Singles,Hard (Indoor),2026-02-27 02:31:25
9155,Bolzano,267,Atp Doubles,Hard (Indoor),2026-02-27 02:31:25
1404,Bolzano,270,Itf Men Singles,Clay,2026-02-27 02:31:25
3124,Bonita Springs,271,Itf Women Singles,Clay,2026-02-27 02:31:25
11403,Bonn,281,Challenger Men Singles,Clay,2026-02-27 02:31:25
11401,Bonn,282,Challenger Men Doubles,Clay,2026-02-27 02:31:25
5501,Bordeaux,282,Challenger Men Doubles,Clay,2026-02-27 02:31:25
3666,Bordeaux,265,Atp Singles,Hard,2026-02-27 02:31:25
9156,Bordeaux,267,Atp Doubles,Hard,2026-02-27 02:31:25
2388,Bordeaux,281,Challenger Men Singles,Clay,2026-02-27 02:31:25
3667,Boston,265,Atp Singles,Hard,2026-02-27 02:31:25
3804,Boston,266,Wta Singles,Hard,2026-02-27 02:31:25
9157,Boston,267,Atp Doubles,Hard,2026-02-27 02:31:25
13070,Boston,268,Wta Doubles,Hard,2026-02-27 02:31:25
3066,Boston,270,Itf Men Singles,Hard,2026-02-27 02:31:25
1428,Bourg-En-Bresse,270,Itf Men Singles,Clay,2026-02-27 02:31:25
8861,Bournemouth,264,Itf Men Doubles,Clay,2026-02-27 02:31:25
3805,Bournemouth,266,Wta Singles,Clay,2026-02-27 02:31:25
13071,Bournemouth,268,Wta Doubles,Clay,2026-02-27 02:31:25
2139,Bournemouth,270,Itf Men Singles,Clay,2026-02-27 02:31:25
2965,Bournemouth,271,Itf Women Singles,Clay,2026-02-27 02:31:25
13181,Bournemouth,287,Itf Women Doubles,Clay,2026-02-27 02:31:25
2128,Boynton,270,Itf Men Singles,Clay,2026-02-27 02:31:25
2702,Boys Australian Open,277,Boys Singles,Hard,2026-02-27 02:31:25
2704,Boys Australian Open,279,Boys Doubles,Hard,2026-02-27 02:31:25
1765,Bradenton,270,Itf Men Singles,Clay,2026-02-27 02:31:25
3046,Braga,281,Challenger Men Singles,Clay,2026-02-27 02:31:25
3047,Braga,282,Challenger Men Doubles,Clay,2026-02-27 02:31:25
4997,Brasilia,282,Challenger Men Doubles,Clay,2026-02-27 02:31:25
3788,Brasilia,265,Atp Singles,Hard,2026-02-27 02:31:25
13053,Brasilia,267,Atp Doubles,Hard,2026-02-27 02:31:25
1713,Brasilia,271,Itf Women Singles,Clay,2026-02-27 02:31:25
2841,Brasilia,281,Challenger Men Singles,Hard,2026-02-27 02:31:25
2562,Brasov,281,Challenger Men Singles,Clay,2026-02-27 02:31:25
8850,Brasov,282,Challenger Men Doubles,Clay,2026-02-27 02:31:25
3138,Bratislava,282,Challenger Men Doubles,Hard,2026-02-27 02:31:25
3720,Bratislava,266,Wta Singles,Hard,2026-02-27 02:31:25
9207,Bratislava,268,Wta Doubles,Hard,2026-02-27 02:31:25
3137,Bratislava,281,Challenger Men Singles,Clay,2026-02-27 02:31:25
3550,Bratislava 2,271,Itf Women Singles,Hard,2026-02-27 02:31:25
3196,Bratislava 2,281,Challenger Men Singles,Hard (Indoor),2026-02-27 02:31:25
3197,Bratislava 2,282,Challenger Men Doubles,Hard (Indoor),2026-02-27 02:31:25
2504,Braunschweig,282,Challenger Men Doubles,Clay,2026-02-27 02:31:25
2966,Braunschweig,271,Itf Women Singles,Clay,2026-02-27 02:31:25
2451,Braunschweig,281,Challenger Men Singles,Clay,2026-02-27 02:31:25
1560,Braunschweig 2,271,Itf Women Singles,Clay,2026-02-27 02:31:25
11935,Brazzaville,281,Challenger Men Singles,Clay,2026-02-27 02:31:25
11934,Brazzaville,282,Challenger Men Doubles,Clay,2026-02-27 02:31:25
1397,Breda,270,Itf Men Singles,Clay,2026-02-27 02:31:25
1399,Breda,271,Itf Women Singles,Clay,2026-02-27 02:31:25
3721,Brentwood,266,Wta Singles,Hard (Indoor),2026-02-27 02:31:25
9208,Brentwood,268,Wta Doubles,Hard (Indoor),2026-02-27 02:31:25
1298,Brescia,271,Itf Women Singles,Clay,2026-02-27 02:31:25
2531,Brescia,281,Challenger Men Singles,Hard (Indoor),2026-02-27 02:31:25
8783,Brescia,282,Challenger Men Doubles,Hard (Indoor),2026-02-27 02:31:25
1832,Bressuire,270,Itf Men Singles,Hard (Indoor),2026-02-27 02:31:25
13138,Brest,264,Itf Men Doubles,Hard,2026-02-27 02:31:25
2363,Brest,281,Challenger Men Singles,Hard (Indoor),2026-02-27 02:31:25
2369,Brest,282,Challenger Men Doubles,Hard (Indoor),2026-02-27 02:31:25
3668,Brighton,265,Atp Singles,Clay (Indoor),2026-02-27 02:31:25
3722,Brighton,266,Wta Singles,Hard (Indoor),2026-02-27 02:31:25
9158,Brighton,267,Atp Doubles,Clay (Indoor),2026-02-27 02:31:25
9209,Brighton,268,Wta Doubles,Hard (Indoor),2026-02-27 02:31:25
1804,Brisbane,265,Atp Singles,Hard,2026-02-27 02:31:25
12207,Brisbane,281,Challenger Men Singles,Hard,2026-02-27 02:31:25
12206,Brisbane,282,Challenger Men Doubles,Hard,2026-02-27 02:31:25
12218,Brisbane 2,282,Challenger Men Doubles,Hard,2026-02-27 02:31:25
3723,Brisbane 2,266,Wta Singles,Hard,2026-02-27 02:31:25
9210,Brisbane 2,268,Wta Doubles,Hard,2026-02-27 02:31:25
12219,Brisbane 2,281,Challenger Men Singles,Hard,2026-02-27 02:31:25
13459,Brisbane 3,281,Challenger Men Singles,Hard,2026-02-27 02:31:25
13458,Brisbane 3,282,Challenger Men Doubles,Hard,2026-02-27 02:31:25
8792,Bron,287,Itf Women Doubles,Hard,2026-02-27 02:31:25
1886,Bron,271,Itf Women Singles,Hard (Indoor),2026-02-27 02:31:25
1525,Bronx,271,Itf Women Singles,Hard,2026-02-27 02:31:25
8939,Brownsville,264,Itf Men Doubles,Hard,2026-02-27 02:31:25
1879,Brownsville,270,Itf Men Singles,Hard,2026-02-27 02:31:25
3669,Brussels,265,Atp Singles,Hard (Indoor),2026-02-27 02:31:25
1295,Brussels,266,Wta Singles,Clay,2026-02-27 02:31:25
9159,Brussels,267,Atp Doubles,Hard (Indoor),2026-02-27 02:31:25
8670,Brussels,268,Wta Doubles,Clay,2026-02-27 02:31:25
1413,Brussels,271,Itf Women Singles,Clay,2026-02-27 02:31:25
13390,Brussels (DIC),265,Atp Singles,Hard (Indoor),2026-02-27 02:31:25
13391,Brussels (DIC),267,Atp Doubles,Hard (Indoor),2026-02-27 02:31:25
1978,Bucharest,265,Atp Singles,Clay,2026-02-27 02:31:25
2225,Bucharest,266,Wta Singles,Clay,2026-02-27 02:31:25
8650,Bucharest,267,Atp Doubles,Clay,2026-02-27 02:31:25
8692,Bucharest,268,Wta Doubles,Clay,2026-02-27 02:31:25
1412,Bucharest,270,Itf Men Singles,Clay,2026-02-27 02:31:25
2967,Bucharest,271,Itf Women Singles,Clay,2026-02-27 02:31:25
7818,Bucharest,272,Challenger Women Singles,Clay,2026-02-27 02:31:25
7847,Bucharest,275,Challenger Women Doubles,Clay,2026-02-27 02:31:25
4638,Bucharest,281,Challenger Men Singles,Clay,2026-02-27 02:31:25
9262,Bucharest,282,Challenger Men Doubles,Clay,2026-02-27 02:31:25
8852,Bucharest,287,Itf Women Doubles,Clay,2026-02-27 02:31:25
8812,Bucharest 2,287,Itf Women Doubles,Clay,2026-02-27 02:31:25
2968,Bucharest 2,271,Itf Women Singles,Clay,2026-02-27 02:31:25
1454,Bucharest 3,271,Itf Women Singles,Clay,2026-02-27 02:31:25
2729,Budapest,265,Atp Singles,Clay,2026-02-27 02:31:25
2710,Budapest,266,Wta Singles,Hard (Indoor),2026-02-27 02:31:25
8875,Budapest,267,Atp Doubles,Clay,2026-02-27 02:31:25
2711,Budapest,268,Wta Doubles,Hard (Indoor),2026-02-27 02:31:25
2299,Budapest,271,Itf Women Singles,Clay,2026-02-27 02:31:25
7856,Budapest,272,Challenger Women Singles,Clay,2026-02-27 02:31:25
7864,Budapest,275,Challenger Women Doubles,Clay,2026-02-27 02:31:25
2468,Budapest,281,Challenger Men Singles,Hard (Indoor),2026-02-27 02:31:25
8772,Budapest,282,Challenger Men Doubles,Hard (Indoor),2026-02-27 02:31:25
2718,Buenos Aires,282,Challenger Men Doubles,Hard,2026-02-27 02:31:25
3830,Buenos Aires,283,Exhibition Men,Hard,2026-02-27 02:31:25
8940,Buenos Aires,264,Itf Men Doubles,Clay,2026-02-27 02:31:25
1246,Buenos Aires,265,Atp Singles,Clay,2026-02-27 02:31:25
1546,Buenos Aires,270,Itf Men Singles,Clay,2026-02-27 02:31:25
1585,Buenos Aires,271,Itf Women Singles,Clay,2026-02-27 02:31:25
4869,Buenos Aires,272,Challenger Women Singles,Clay,2026-02-27 02:31:25
4872,Buenos Aires,275,Challenger Women Doubles,Clay,2026-02-27 02:31:25
2435,Buenos Aires,281,Challenger Men Singles,Clay,2026-02-27 02:31:25
1785,Buenos Aires 2,270,Itf Men Singles,Clay,2026-02-27 02:31:25
2331,Buenos Aires 2,281,Challenger Men Singles,Clay,2026-02-27 02:31:25
2337,Buenos Aires 2,282,Challenger Men Doubles,Clay,2026-02-27 02:31:25
13093,Buenos Aires 3,282,Challenger Men Doubles,Clay,2026-02-27 02:31:25
12185,Buenos Aires 3,281,Challenger Men Singles,Clay,2026-02-27 02:31:25
2163,Buffalo,270,Itf Men Singles,Clay,2026-02-27 02:31:25
1398,Buffalo,271,Itf Women Singles,Clay,2026-02-27 02:31:25
1762,Bujumbura,270,Itf Men Singles,Clay,2026-02-27 02:31:25
1937,Bundaberg,270,Itf Men Singles,Clay,2026-02-27 02:31:25
1950,Bundaberg,271,Itf Women Singles,Clay,2026-02-27 02:31:25
12730,Bunschoten,281,Challenger Men Singles,Clay,2026-02-27 02:31:25
12728,Bunschoten,282,Challenger Men Doubles,Clay,2026-02-27 02:31:25
2493,Burlingame,270,Itf Men Singles,Hard (Indoor),2026-02-27 02:31:25
2543,Burnie,281,Challenger Men Singles,Hard,2026-02-27 02:31:25
8537,Burnie,282,Challenger Men Doubles,Hard,2026-02-27 02:31:25
10614,Burnie 2,282,Challenger Men Doubles,Hard,2026-02-27 02:31:25
10615,Burnie 2,281,Challenger Men Singles,Hard,2026-02-27 02:31:25
2224,Bursa,271,Itf Women Singles,Clay,2026-02-27 02:31:25
2563,Busan,281,Challenger Men Singles,Hard,2026-02-27 02:31:25
8068,Busan,282,Challenger Men Doubles,Hard,2026-02-27 02:31:25
2059,Busto Arsizio,270,Itf Men Singles,Clay,2026-02-27 02:31:25
3670,Buzios,265,Atp Singles,Hard,2026-02-27 02:31:25
9160,Buzios,267,Atp Doubles,Hard,2026-02-27 02:31:25
1334,Bytom,270,Itf Men Singles,Clay,2026-02-27 02:31:25
2842,Bytom,281,Challenger Men Singles,Clay,2026-02-27 02:31:25
3988,Cagliari,265,Atp Singles,Clay,2026-02-27 02:31:25
3987,Cagliari,267,Atp Doubles,Clay,2026-02-27 02:31:25
2969,Cagliari,271,Itf Women Singles,Clay,2026-02-27 02:31:25
9507,Cagliari,281,Challenger Men Singles,Clay,2026-02-27 02:31:25
9508,Cagliari,282,Challenger Men Doubles,Clay,2026-02-27 02:31:25
9000,Cagliari,287,Itf Women Doubles,Clay,2026-02-27 02:31:25
1572,Cairns,270,Itf Men Singles,Hard,2026-02-27 02:31:25
1574,Cairns,271,Itf Women Singles,Hard,2026-02-27 02:31:25
3806,Cairo,266,Wta Singles,Clay,2026-02-27 02:31:25
13072,Cairo,268,Wta Doubles,Clay,2026-02-27 02:31:25
1957,Cairo,270,Itf Men Singles,Clay,2026-02-27 02:31:25
2843,Cairo,281,Challenger Men Singles,Clay,2026-02-27 02:31:25
1965,Cairo 2,270,Itf Men Singles,Clay,2026-02-27 02:31:25
1922,Calabasas,270,Itf Men Singles,Hard,2026-02-27 02:31:25
2844,Calabasas,281,Challenger Men Singles,Hard,2026-02-27 02:31:25
3176,Caldas da Rainha,271,Itf Women Singles,Hard,2026-02-27 02:31:25
13224,Caldas da Rainha,272,Challenger Women Singles,Hard,2026-02-27 02:31:25
13226,Caldas da Rainha,275,Challenger Women Doubles,Hard,2026-02-27 02:31:25
3084,Calgary,281,Challenger Men Singles,Hard (Indoor),2026-02-27 02:31:25
8220,Calgary,282,Challenger Men Doubles,Hard (Indoor),2026-02-27 02:31:25
7332,Cali,282,Challenger Men Doubles,Clay,2026-02-27 02:31:25
9001,Cali,287,Itf Women Doubles,Clay,2026-02-27 02:31:25
2970,Cali,271,Itf Women Singles,Clay,2026-02-27 02:31:25
1857,Cali,272,Challenger Women Singles,Clay,2026-02-27 02:31:25
8539,Cali,275,Challenger Women Doubles,Clay,2026-02-27 02:31:25
2433,Cali,281,Challenger Men Singles,Clay,2026-02-27 02:31:25
2632,Cali 2,281,Challenger Men Singles,Clay,2026-02-27 02:31:25
13043,Cali 2,282,Challenger Men Doubles,Clay,2026-02-27 02:31:25
2564,Caloundra,281,Challenger Men Singles,Hard,2026-02-27 02:31:25
2484,Caltanissetta,281,Challenger Men Singles,Clay,2026-02-27 02:31:25
8793,Caltanissetta,282,Challenger Men Doubles,Clay,2026-02-27 02:31:25
2361,Campinas,282,Challenger Men Doubles,Clay,2026-02-27 02:31:25
2342,Campinas,281,Challenger Men Singles,Clay,2026-02-27 02:31:25
2845,Campos Do Jordao,281,Challenger Men Singles,Hard,2026-02-27 02:31:25
13044,Campos Do Jordao,282,Challenger Men Doubles,Hard,2026-02-27 02:31:25
8468,Canberra,282,Challenger Men Doubles,Hard,2026-02-27 02:31:25
3724,Canberra,266,Wta Singles,Hard,2026-02-27 02:31:25
9211,Canberra,268,Wta Doubles,Hard,2026-02-27 02:31:25
10507,Canberra,272,Challenger Women Singles,Hard,2026-02-27 02:31:25
10510,Canberra,275,Challenger Women Doubles,Hard,2026-02-27 02:31:25
2430,Canberra,281,Challenger Men Singles,Hard,2026-02-27 02:31:25
2498,Canberra 2,281,Challenger Men Singles,Hard,2026-02-27 02:31:25
8773,Canberra 2,282,Challenger Men Doubles,Hard,2026-02-27 02:31:25
1743,Cancun,270,Itf Men Singles,Hard,2026-02-27 02:31:25
12232,Cancun,272,Challenger Women Singles,Hard,2026-02-27 02:31:25
12233,Cancun,275,Challenger Women Doubles,Hard,2026-02-27 02:31:25
2846,Cancun,281,Challenger Men Singles,Clay,2026-02-27 02:31:25
12867,Cancun 2,281,Challenger Men Singles,Hard,2026-02-27 02:31:25
12889,Cancun 2,282,Challenger Men Doubles,Hard,2026-02-27 02:31:25
2035,Cantanhede,271,Itf Women Singles,Hard,2026-02-27 02:31:25
12304,Cap Cana,281,Challenger Men Singles,Hard,2026-02-27 02:31:25
12322,Cap Cana,282,Challenger Men Doubles,Hard,2026-02-27 02:31:25
2114,Captiva Island,271,Itf Women Singles,Hard,2026-02-27 02:31:25
2971,Caracas,271,Itf Women Singles,Hard,2026-02-27 02:31:25
8843,Caracas,287,Itf Women Doubles,Hard,2026-02-27 02:31:25
8842,Caracas 2,287,Itf Women Doubles,Hard,2026-02-27 02:31:25
2684,Caracas 2,271,Itf Women Singles,Hard,2026-02-27 02:31:25
2683,Caracas 3,271,Itf Women Singles,Hard,2026-02-27 02:31:25
8840,Caracas 3,287,Itf Women Doubles,Hard,2026-02-27 02:31:25
13139,Cardiff,264,Itf Men Doubles,Hard,2026-02-27 02:31:25
3725,Cardiff,266,Wta Singles,Clay,2026-02-27 02:31:25
9212,Cardiff,268,Wta Doubles,Clay,2026-02-27 02:31:25
1717,Cardiff,270,Itf Men Singles,Hard (Indoor),2026-02-27 02:31:25
8941,Carilo,264,Itf Men Doubles,Clay,2026-02-27 02:31:25
2907,Carilo,270,Itf Men Singles,Clay,2026-02-27 02:31:25
1207,Carlsbad,266,Wta Singles,hard,2026-02-27 02:31:25
8646,Carlsbad,268,Wta Doubles,hard,2026-02-27 02:31:25
2253,Carlsbad,272,Challenger Women Singles,Hard,2026-02-27 02:31:25
13029,Carlsbad,275,Challenger Women Doubles,Hard,2026-02-27 02:31:25
2170,Carson,271,Itf Women Singles,Hard,2026-02-27 02:31:25
2847,Carson,281,Challenger Men Singles,Hard,2026-02-27 02:31:25
2848,Carson 2,281,Challenger Men Singles,Hard,2026-02-27 02:31:25
1890,Cartagena,270,Itf Men Singles,Clay,2026-02-27 02:31:25
2343,Cary,281,Challenger Men Singles,Hard,2026-02-27 02:31:25
2400,Cary,282,Challenger Men Doubles,Hard,2026-02-27 02:31:25
4604,Cary 2,282,Challenger Men Doubles,Hard,2026-02-27 02:31:25
4603,Cary 2,281,Challenger Men Singles,Hard,2026-02-27 02:31:25
1959,Casablanca,265,Atp Singles,Clay,2026-02-27 02:31:25
3726,Casablanca,266,Wta Singles,Clay,2026-02-27 02:31:25
8666,Casablanca,267,Atp Doubles,Clay,2026-02-27 02:31:25
9213,Casablanca,268,Wta Doubles,Clay,2026-02-27 02:31:25
1325,Casablanca,270,Itf Men Singles,Clay,2026-02-27 02:31:25
1286,Casablanca,271,Itf Women Singles,Clay,2026-02-27 02:31:25
2332,Casablanca,281,Challenger Men Singles,Clay,2026-02-27 02:31:25
8715,Casablanca,282,Challenger Men Doubles,Clay,2026-02-27 02:31:25
8832,Casablanca 2,282,Challenger Men Doubles,Clay,2026-02-27 02:31:25
1697,Casablanca 2,270,Itf Men Singles,Clay,2026-02-27 02:31:25
2645,Casablanca 2,281,Challenger Men Singles,Clay,2026-02-27 02:31:25
1711,Casablanca 3,270,Itf Men Singles,Clay,2026-02-27 02:31:25
3048,Casale Monferrato,270,Itf Men Singles,Clay,2026-02-27 02:31:25
2301,Casinalbo,270,Itf Men Singles,Clay,2026-02-27 02:31:25
1570,Caslano,271,Itf Women Singles,Clay,2026-02-27 02:31:25
3072,Cassis,281,Challenger Men Singles,Hard,2026-02-27 02:31:25
3073,Cassis,282,Challenger Men Doubles,Hard,2026-02-27 02:31:25
2198,Castelldefels,270,Itf Men Singles,Clay,2026-02-27 02:31:25
2009,Castelo Branco,270,Itf Men Singles,Hard,2026-02-27 02:31:25
1622,Caxias Do Sul,270,Itf Men Singles,Clay,2026-02-27 02:31:25
13140,Celaya,264,Itf Men Doubles,Hard,2026-02-27 02:31:25
2690,Celaya,270,Itf Men Singles,Hard,2026-02-27 02:31:25
3807,Cesena,266,Wta Singles,Hard (Indoor),2026-02-27 02:31:25
13073,Cesena,268,Wta Doubles,Hard (Indoor),2026-02-27 02:31:25
2154,Cesena,270,Itf Men Singles,Clay,2026-02-27 02:31:25
13645,Cesenatico,281,Challenger Men Singles,Hard (Indoor),2026-02-27 02:31:25
13644,Cesenatico,282,Challenger Men Doubles,Hard (Indoor),2026-02-27 02:31:25
3506,Challenge Elite FFT,283,Exhibition Men,Hard,2026-02-27 02:31:25
3510,Challenge Elite FFT,276,Exhibition Women,Hard,2026-02-27 02:31:25
3531,Challenge Elite FFT 2,276,Exhibition Women,Hard,2026-02-27 02:31:25
3524,Challenge Elite FFT 2,283,Exhibition Men,Hard,2026-02-27 02:31:25
3537,Challenge Elite FFT 3,283,Exhibition Men,Hard,2026-02-27 02:31:25
3539,Challenge Elite FFT 3,276,Exhibition Women,Hard,2026-02-27 02:31:25
2230,Champaign,270,Itf Men Singles,Hard,2026-02-27 02:31:25
2477,Champaign,281,Challenger Men Singles,Hard (Indoor),2026-02-27 02:31:25
2478,Champaign,282,Challenger Men Doubles,Hard (Indoor),2026-02-27 02:31:25
2769,Champaign 2,270,Itf Men Singles,Hard,2026-02-27 02:31:25
3165,Champaign 3,270,Itf Men Singles,Hard,2026-02-27 02:31:25
3045,Champions Battle,276,Exhibition Women,Hard (Indoor),2026-02-27 02:31:25
11146,Champions Battle,283,Exhibition Men,Hard (Indoor),2026-02-27 02:31:25
11147,Champions Battle,289,Exhibition Mixed Doubles,Hard (Indoor),2026-02-27 02:31:25
8942,Chandigarh,264,Itf Men Doubles,Hard,2026-02-27 02:31:25
2908,Chandigarh,270,Itf Men Singles,Hard,2026-02-27 02:31:25
3162,Changsha,271,Itf Women Singles,Clay,2026-02-27 02:31:25
12957,Changsha,272,Challenger Women Singles,Clay,2026-02-27 02:31:25
12958,Changsha,275,Challenger Women Doubles,Clay,2026-02-27 02:31:25
1305,Changwon,270,Itf Men Singles,Hard,2026-02-27 02:31:25
1306,Changwon,271,Itf Women Singles,Hard,2026-02-27 02:31:25
1550,Charleroi,271,Itf Women Singles,Clay,2026-02-27 02:31:25
1951,Charleston,266,Wta Singles,Clay,2026-02-27 02:31:25
1258,Charleston,268,Wta Doubles,Clay,2026-02-27 02:31:25
2736,Charleston,271,Itf Women Singles,Clay,2026-02-27 02:31:25
4379,Charleston,272,Challenger Women Singles,Clay,2026-02-27 02:31:25
4380,Charleston,275,Challenger Women Doubles,Clay,2026-02-27 02:31:25
7908,Charleston,281,Challenger Men Singles,Hard,2026-02-27 02:31:25
7907,Charleston,282,Challenger Men Doubles,Hard,2026-02-27 02:31:25
5406,Charleston 2,266,Wta Singles,Clay,2026-02-27 02:31:25
9301,Charleston 2,268,Wta Doubles,Clay,2026-02-27 02:31:25
3180,Charleston 2,271,Itf Women Singles,Clay,2026-02-27 02:31:25
12052,Charleston 2,272,Challenger Women Singles,Clay,2026-02-27 02:31:25
12051,Charleston 2,275,Challenger Women Doubles,Clay,2026-02-27 02:31:25
2218,Charlottesville,270,Itf Men Singles,Hard,2026-02-27 02:31:25
2140,Charlottesville,271,Itf Women Singles,Clay,2026-02-27 02:31:25
2497,Charlottesville,281,Challenger Men Singles,Hard (Indoor),2026-02-27 02:31:25
2499,Charlottesville,282,Challenger Men Doubles,Hard (Indoor),2026-02-27 02:31:25
13182,Charlottesville,287,Itf Women Doubles,Clay,2026-02-27 02:31:25
8749,Chengdu,282,Challenger Men Doubles,Hard,2026-02-27 02:31:25
13099,Chengdu,264,Itf Men Doubles,Hard,2026-02-27 02:31:25
2319,Chengdu,265,Atp Singles,Hard,2026-02-27 02:31:25
8708,Chengdu,267,Atp Doubles,Hard,2026-02-27 02:31:25
1966,Chengdu,270,Itf Men Singles,Hard,2026-02-27 02:31:25
2414,Chengdu,281,Challenger Men Singles,Hard,2026-02-27 02:31:25
1973,Chengdu 2,270,Itf Men Singles,Hard,2026-02-27 02:31:25
1228,Chennai,265,Atp Singles,Hard,2026-02-27 02:31:25
7817,Chennai,266,Wta Singles,Hard,2026-02-27 02:31:25
8660,Chennai,267,Atp Doubles,Hard,2026-02-27 02:31:25
7826,Chennai,268,Wta Doubles,Hard,2026-02-27 02:31:25
1463,Chennai,270,Itf Men Singles,Hard,2026-02-27 02:31:25
2633,Chennai,281,Challenger Men Singles,Hard,2026-02-27 02:31:25
8575,Chennai,282,Challenger Men Doubles,Hard,2026-02-27 02:31:25
1486,Chennai 2,270,Itf Men Singles,Hard,2026-02-27 02:31:25
2036,Chennai 3,270,Itf Men Singles,Hard,2026-02-27 02:31:25
2511,Cherbourg,281,Challenger Men Singles,Hard (Indoor),2026-02-27 02:31:25
2474,Cherbourg,282,Challenger Men Doubles,Hard (Indoor),2026-02-27 02:31:25
13141,Cherkassy,264,Itf Men Doubles,Hard,2026-02-27 02:31:25
1872,Cherkassy,270,Itf Men Singles,Hard (Indoor),2026-02-27 02:31:25
13142,Cherkassy 2,264,Itf Men Doubles,Hard,2026-02-27 02:31:25
1888,Cherkassy 2,270,Itf Men Singles,Hard (Indoor),2026-02-27 02:31:25
8878,Cherkassy 3,264,Itf Men Doubles,Hard,2026-02-27 02:31:25
1899,Cherkassy 3,270,Itf Men Singles,Hard (Indoor),2026-02-27 02:31:25
1993,Chiasso,271,Itf Women Singles,Clay,2026-02-27 02:31:25
8830,Chiasso,287,Itf Women Doubles,Clay,2026-02-27 02:31:25
7608,Chicago,282,Challenger Men Doubles,Hard,2026-02-27 02:31:25
3789,Chicago,265,Atp Singles,Hard (Indoor),2026-02-27 02:31:25
3727,Chicago,266,Wta Singles,Hard (Indoor),2026-02-27 02:31:25
13054,Chicago,267,Atp Doubles,Hard (Indoor),2026-02-27 02:31:25
3769,Chicago,268,Wta Doubles,Hard (Indoor),2026-02-27 02:31:25
3070,Chicago,272,Challenger Women Singles,Hard,2026-02-27 02:31:25
3074,Chicago,275,Challenger Women Doubles,Hard,2026-02-27 02:31:25
3069,Chicago,281,Challenger Men Singles,Hard,2026-02-27 02:31:25
4674,Chicago 2,266,Wta Singles,Hard,2026-02-27 02:31:25
4676,Chicago 2,268,Wta Doubles,Hard,2026-02-27 02:31:25
1357,Chico,270,Itf Men Singles,Hard,2026-02-27 02:31:25
12527,Chisinau,281,Challenger Men Singles,Hard,2026-02-27 02:31:25
12526,Chisinau,282,Challenger Men Doubles,Hard,2026-02-27 02:31:25
13183,Chiswick,287,Itf Women Doubles,Hard,2026-02-27 02:31:25
13109,Chiswick,264,Itf Men Doubles,Hard,2026-02-27 02:31:25
2081,Chiswick,270,Itf Men Singles,Hard,2026-02-27 02:31:25
2972,Chiswick,271,Itf Women Singles,Hard,2026-02-27 02:31:25
2634,Chitre,281,Challenger Men Singles,Hard,2026-02-27 02:31:25
8906,Chitre,282,Challenger Men Doubles,Hard,2026-02-27 02:31:25
1210,Cincinnati,265,Atp Singles,Hard,2026-02-27 02:31:25
1209,Cincinnati,266,Wta Singles,Hard,2026-02-27 02:31:25
1211,Cincinnati,267,Atp Doubles,Hard,2026-02-27 02:31:25
1212,Cincinnati,268,Wta Doubles,Hard,2026-02-27 02:31:25
8833,Cividino,264,Itf Men Doubles,Hard,2026-02-27 02:31:25
2669,Cividino,270,Itf Men Singles,Hard,2026-02-27 02:31:25
1614,Claremont,270,Itf Men Singles,Hard,2026-02-27 02:31:25
3181,Claremont 2,270,Itf Men Singles,Hard,2026-02-27 02:31:25
2973,Clearwater,271,Itf Women Singles,Hard,2026-02-27 02:31:25
9002,Clearwater,287,Itf Women Doubles,Hard,2026-02-27 02:31:25
1643,Clermond-Ferrand,271,Itf Women Singles,Hard,2026-02-27 02:31:25
4501,Cleveland,266,Wta Singles,Hard,2026-02-27 02:31:25
4505,Cleveland,268,Wta Doubles,Hard,2026-02-27 02:31:25
3103,Cleveland,281,Challenger Men Singles,Hard (Indoor),2026-02-27 02:31:25
3104,Cleveland,282,Challenger Men Doubles,Hard (Indoor),2026-02-27 02:31:25
2019,Cluj-Napoca,270,Itf Men Singles,Clay,2026-02-27 02:31:25
4817,Cluj-Napoca 2,266,Wta Singles,Hard (Indoor),2026-02-27 02:31:25
4821,Cluj-Napoca 2,268,Wta Doubles,Hard (Indoor),2026-02-27 02:31:25
13126,Cochabamba,264,Itf Men Doubles,Clay,2026-02-27 02:31:25
2737,Cochabamba,270,Itf Men Singles,Clay,2026-02-27 02:31:25
1444,Coimbatore,270,Itf Men Singles,Hard,2026-02-27 02:31:25
2029,Coimbra,270,Itf Men Singles,Hard,2026-02-27 02:31:25
2974,Coimbra,271,Itf Women Singles,Hard,2026-02-27 02:31:25
13112,Coimbra,287,Itf Women Doubles,Hard,2026-02-27 02:31:25
1736,Coimbra 2,271,Itf Women Singles,Hard,2026-02-27 02:31:25
3087,Colina,271,Itf Women Singles,Clay,2026-02-27 02:31:25
8223,Colina,272,Challenger Women Singles,Clay,2026-02-27 02:31:25
8224,Colina,275,Challenger Women Doubles,Clay,2026-02-27 02:31:25
3635,Cologne,265,Atp Singles,Hard,2026-02-27 02:31:25
3637,Cologne,267,Atp Doubles,Hard,2026-02-27 02:31:25
3645,Cologne 2,265,Atp Singles,Hard (Indoor),2026-02-27 02:31:25
3647,Cologne 2,267,Atp Doubles,Hard (Indoor),2026-02-27 02:31:25
2796,Columbus,270,Itf Men Singles,Hard (Indoor),2026-02-27 02:31:25
4637,Columbus,272,Challenger Women Singles,Hard,2026-02-27 02:31:25
4642,Columbus,275,Challenger Women Doubles,Hard,2026-02-27 02:31:25
2344,Columbus,281,Challenger Men Singles,Hard (Indoor),2026-02-27 02:31:25
2399,Columbus,282,Challenger Men Doubles,Hard (Indoor),2026-02-27 02:31:25
7862,Columbus 2,282,Challenger Men Doubles,Hard,2026-02-27 02:31:25
3134,Columbus 2,281,Challenger Men Singles,Hard,2026-02-27 02:31:25
3168,Columbus 3,281,Challenger Men Singles,Hard (Indoor),2026-02-27 02:31:25
9074,Columbus 3,282,Challenger Men Doubles,Hard (Indoor),2026-02-27 02:31:25
2406,Como,282,Challenger Men Doubles,Clay,2026-02-27 02:31:25
2383,Como,281,Challenger Men Singles,Clay,2026-02-27 02:31:25
2975,Concepcion,271,Itf Women Singles,Clay,2026-02-27 02:31:25
3915,Concepcion,281,Challenger Men Singles,Clay,2026-02-27 02:31:25
3916,Concepcion,282,Challenger Men Doubles,Clay,2026-02-27 02:31:25
13184,Concepcion,287,Itf Women Doubles,Clay,2026-02-27 02:31:25
5340,Concepcion 2,282,Challenger Men Doubles,Clay,2026-02-27 02:31:25
5338,Concepcion 2,281,Challenger Men Singles,Clay,2026-02-27 02:31:25
1332,Concon,270,Itf Men Singles,Clay,2026-02-27 02:31:25
3157,Concord,271,Itf Women Singles,Hard,2026-02-27 02:31:25
4408,Concord,272,Challenger Women Singles,Hard,2026-02-27 02:31:25
4410,Concord,275,Challenger Women Doubles,Hard,2026-02-27 02:31:25
2849,Constanta,281,Challenger Men Singles,Clay,2026-02-27 02:31:25
1448,Contrexeville,271,Itf Women Singles,Clay,2026-02-27 02:31:25
7381,Contrexeville,272,Challenger Women Singles,Clay,2026-02-27 02:31:25
7402,Contrexeville,275,Challenger Women Doubles,Clay,2026-02-27 02:31:25
2818,Copenhagen,265,Atp Singles,Hard (Indoor),2026-02-27 02:31:25
2552,Copenhagen,266,Wta Singles,Hard,2026-02-27 02:31:25
8899,Copenhagen,267,Atp Doubles,Hard (Indoor),2026-02-27 02:31:25
8789,Copenhagen,268,Wta Doubles,Hard,2026-02-27 02:31:25
5541,Coquimbo,281,Challenger Men Singles,Clay,2026-02-27 02:31:25
5540,Coquimbo,282,Challenger Men Doubles,Clay,2026-02-27 02:31:25
8071,Coquimbo 2,282,Challenger Men Doubles,Clay,2026-02-27 02:31:25
8074,Coquimbo 2,281,Challenger Men Singles,Clay,2026-02-27 02:31:25
2403,Cordenons,281,Challenger Men Singles,Clay,2026-02-27 02:31:25
2404,Cordenons,282,Challenger Men Doubles,Clay,2026-02-27 02:31:25
8907,Cordoba,282,Challenger Men Doubles,Clay,2026-02-27 02:31:25
3107,Cordoba,265,Atp Singles,Clay,2026-02-27 02:31:25
3106,Cordoba,267,Atp Doubles,Clay,2026-02-27 02:31:25
1989,Cordoba,270,Itf Men Singles,Hard,2026-02-27 02:31:25
2635,Cordoba,281,Challenger Men Singles,Clay,2026-02-27 02:31:25
12287,Cordoba 2,281,Challenger Men Singles,Clay,2026-02-27 02:31:25
12290,Cordoba 2,282,Challenger Men Doubles,Clay,2026-02-27 02:31:25
13143,Cordoba 3,264,Itf Men Doubles,Hard,2026-02-27 02:31:25
2909,Cordoba 3,270,Itf Men Singles,Hard,2026-02-27 02:31:25
13123,Cordoba 4,264,Itf Men Doubles,Clay,2026-02-27 02:31:25
2695,Cordoba 4,270,Itf Men Singles,Clay,2026-02-27 02:31:25
1430,Cordoba 5,270,Itf Men Singles,Clay,2026-02-27 02:31:25
2307,Cornaiano,270,Itf Men Singles,Clay,2026-02-27 02:31:25
2712,Cornella,270,Itf Men Singles,Hard,2026-02-27 02:31:25
1367,Corrientes,270,Itf Men Singles,Clay,2026-02-27 02:31:25
2646,Corrientes,281,Challenger Men Singles,Clay,2026-02-27 02:31:25
7247,Corrientes,282,Challenger Men Doubles,Clay,2026-02-27 02:31:25
8732,Cortina,282,Challenger Men Doubles,Clay,2026-02-27 02:31:25
2392,Cortina,281,Challenger Men Singles,Clay,2026-02-27 02:31:25
2819,Costa Do Sauipe,265,Atp Singles,Clay,2026-02-27 02:31:25
8900,Costa Do Sauipe,267,Atp Doubles,Clay,2026-02-27 02:31:25
13361,Costa do Sauipe,281,Challenger Men Singles,Clay,2026-02-27 02:31:25
13360,Costa do Sauipe,282,Challenger Men Doubles,Clay,2026-02-27 02:31:25
8943,Costa Mesa,264,Itf Men Doubles,Hard,2026-02-27 02:31:25
1631,Costa Mesa,270,Itf Men Singles,Hard,2026-02-27 02:31:25
2092,Costa Mesa 2,270,Itf Men Singles,Hard,2026-02-27 02:31:25
4818,Courmayeur,266,Wta Singles,Hard (Indoor),2026-02-27 02:31:25
4822,Courmayeur,268,Wta Doubles,Hard (Indoor),2026-02-27 02:31:25
2850,Courmayeur,281,Challenger Men Singles,Hard,2026-02-27 02:31:25
1355,Craiova,271,Itf Women Singles,Clay,2026-02-27 02:31:25
1370,Craiova 2,271,Itf Women Singles,Clay,2026-02-27 02:31:25
2851,Cremona,281,Challenger Men Singles,Hard,2026-02-27 02:31:25
1941,Croissy-Beaubourg,271,Itf Women Singles,Hard (Indoor),2026-02-27 02:31:25
1520,Cumberland,270,Itf Men Singles,Hard,2026-02-27 02:31:25
2773,Cuneo,270,Itf Men Singles,Clay,2026-02-27 02:31:25
2395,Curitiba,281,Challenger Men Singles,Clay,2026-02-27 02:31:25
8735,Curitiba,282,Challenger Men Doubles,Clay,2026-02-27 02:31:25
9060,Da Nang,282,Challenger Men Doubles,Hard,2026-02-27 02:31:25
3099,Da Nang,281,Challenger Men Singles,Hard,2026-02-27 02:31:25
1292,Daegu,270,Itf Men Singles,Hard,2026-02-27 02:31:25
2233,Dalian,272,Challenger Women Singles,Hard,2026-02-27 02:31:25
8701,Dalian,275,Challenger Women Doubles,Hard,2026-02-27 02:31:25
5232,Dallas,265,Atp Singles,Hard (Indoor),2026-02-27 02:31:25
1215,Dallas,266,Wta Singles,Hard,2026-02-27 02:31:25
8648,Dallas,268,Wta Doubles,Hard,2026-02-27 02:31:25
2463,Dallas,281,Challenger Men Singles,Hard (Indoor),2026-02-27 02:31:25
8756,Dallas,282,Challenger Men Doubles,Hard (Indoor),2026-02-27 02:31:25
10370,Danderyd,282,Challenger Men Doubles,Hard (Indoor),2026-02-27 02:31:25
10375,Danderyd,281,Challenger Men Singles,Hard (Indoor),2026-02-27 02:31:25
1620,Danderyd-Stockholm,270,Itf Men Singles,Hard,2026-02-27 02:31:25
3078,Darwin,271,Itf Women Singles,Hard,2026-02-27 02:31:25
1788,Davanagere,270,Itf Men Singles,Hard,2026-02-27 02:31:25
2735,Davis Cup - Group III,285,Teams Men,- Promotion,2026-02-27 02:31:25
2734,Davis Cup - Group IV Teams,285,Teams Men,- Promotion,2026-02-27 02:31:25
11326,Davis Cup - Group V Teams,285,Teams Men,,2026-02-27 02:31:25
3418,Davis Cup - World Group I Teams,285,Teams Men,- Preliminary,2026-02-27 02:31:25
3482,Davis Cup - World Group II Teams,285,Teams Men,,2026-02-27 02:31:25
2720,Davis Cup - World Group Teams,285,Teams Men,,2026-02-27 02:31:25
1396,De Haan,270,Itf Men Singles,Clay,2026-02-27 02:31:25
1504,Decatur,270,Itf Men Singles,Hard,2026-02-27 02:31:25
3728,Delray Beach,266,Wta Singles,Hard,2026-02-27 02:31:25
9214,Delray Beach,268,Wta Doubles,Hard,2026-02-27 02:31:25
1411,Denain,271,Itf Women Singles,Clay,2026-02-27 02:31:25
1473,Denia,270,Itf Men Singles,Clay,2026-02-27 02:31:25
1415,Denver,271,Itf Women Singles,Hard,2026-02-27 02:31:25
1795,Dharwad,270,Itf Men Singles,Hard,2026-02-27 02:31:25
1953,Dijon,271,Itf Women Singles,Hard (Indoor),2026-02-27 02:31:25
3206,Diriyah Tennis Cup,283,Exhibition Men,Hard,2026-02-27 02:31:25
9305,Diriyah Tennis Cup,284,Exhibition Doubles Men,Hard,2026-02-27 02:31:25
1388,Divinopolis,270,Itf Men Singles,Clay,2026-02-27 02:31:25
2685,Djibouti,271,Itf Women Singles,Hard,2026-02-27 02:31:25
8841,Djibouti,287,Itf Women Doubles,Hard,2026-02-27 02:31:25
9003,Djibouti 2,287,Itf Women Doubles,Hard,2026-02-27 02:31:25
2976,Djibouti 2,271,Itf Women Singles,Hard,2026-02-27 02:31:25
2852,Dnepropetrovsk,281,Challenger Men Singles,Hard,2026-02-27 02:31:25
1627,Dobrich,271,Itf Women Singles,Clay,2026-02-27 02:31:25
11537,Dobrich,281,Challenger Men Singles,Clay,2026-02-27 02:31:25
11538,Dobrich,282,Challenger Men Doubles,Clay,2026-02-27 02:31:25
8828,Dobrich,287,Itf Women Doubles,Clay,2026-02-27 02:31:25
11652,Dobrich 2,282,Challenger Men Doubles,Clay,2026-02-27 02:31:25
11654,Dobrich 2,281,Challenger Men Singles,Clay,2026-02-27 02:31:25
8845,Doha,264,Itf Men Doubles,Hard,2026-02-27 02:31:25
1805,Doha,265,Atp Singles,Hard,2026-02-27 02:31:25
1955,Doha,270,Itf Men Singles,Hard,2026-02-27 02:31:25
1656,Doha 2,270,Itf Men Singles,Hard,2026-02-27 02:31:25
1677,Doha 3,270,Itf Men Singles,Hard,2026-02-27 02:31:25
1698,Doha 4,270,Itf Men Singles,Hard,2026-02-27 02:31:25
8944,Dolores,264,Itf Men Doubles,Clay,2026-02-27 02:31:25
2910,Dolores,270,Itf Men Singles,Clay,2026-02-27 02:31:25
1446,Donetsk,271,Itf Women Singles,Hard,2026-02-27 02:31:25
1474,Dortmund,270,Itf Men Singles,Clay,2026-02-27 02:31:25
2853,Dortmund,281,Challenger Men Singles,Clay,2026-02-27 02:31:25
8908,Dortmund,282,Challenger Men Doubles,Clay,2026-02-27 02:31:25
13185,Dothan,287,Itf Women Doubles,Clay,2026-02-27 02:31:25
1976,Dothan,271,Itf Women Singles,Clay,2026-02-27 02:31:25
2445,Drummondville,281,Challenger Men Singles,Hard (Indoor),2026-02-27 02:31:25
8257,Drummondville,282,Challenger Men Doubles,Hard (Indoor),2026-02-27 02:31:25
1780,Dubai,271,Itf Women Singles,Hard,2026-02-27 02:31:25
13116,Dublin,264,Itf Men Doubles,Hard,2026-02-27 02:31:25
2911,Dublin,270,Itf Men Singles,Hard,2026-02-27 02:31:25
1464,Dublin 2,270,Itf Men Singles,,2026-02-27 02:31:25
8866,Dubrovnik,264,Itf Men Doubles,Clay,2026-02-27 02:31:25
2321,Dubrovnik,270,Itf Men Singles,Clay,2026-02-27 02:31:25
2665,Dubrovnik,271,Itf Women Singles,Clay,2026-02-27 02:31:25
1721,Dubrovnik 2,270,Itf Men Singles,Clay,2026-02-27 02:31:25
1723,Dubrovnik 2,271,Itf Women Singles,Clay,2026-02-27 02:31:25
2231,Duino Aurisina,270,Itf Men Singles,Clay,2026-02-27 02:31:25
2776,Dunakeszi,271,Itf Women Singles,Clay,2026-02-27 02:31:25
3833,Dusseldorf,274,Teams Mix,Clay,2026-02-27 02:31:25
3786,Dusseldorf,285,Teams Men,Clay,2026-02-27 02:31:25
3204,East Lansing,270,Itf Men Singles,Hard (Indoor),2026-02-27 02:31:25
2052,Eastbourne,265,Atp Singles,Grass,2026-02-27 02:31:25
1358,Eastbourne,266,Wta Singles,Grass,2026-02-27 02:31:25
1359,Eastbourne,267,Atp Doubles,Grass,2026-02-27 02:31:25
1360,Eastbourne,268,Wta Doubles,Grass,2026-02-27 02:31:25
2212,Eastbourne,271,Itf Women Singles,Grass,2026-02-27 02:31:25
2495,Eckental,281,Challenger Men Singles,Hard (Indoor),2026-02-27 02:31:25
2500,Eckental,282,Challenger Men Doubles,Hard (Indoor),2026-02-27 02:31:25
2110,Edgbaston,270,Itf Men Singles,Hard (Indoor),2026-02-27 02:31:25
1768,Edgbaston,271,Itf Women Singles,Hard (Indoor),2026-02-27 02:31:25
13144,Edinburgh,264,Itf Men Doubles,Clay,2026-02-27 02:31:25
2144,Edinburgh,270,Itf Men Singles,Clay,2026-02-27 02:31:25
2977,Edinburgh,271,Itf Women Singles,Clay,2026-02-27 02:31:25
1524,Edwardsville,270,Itf Men Singles,Hard,2026-02-27 02:31:25
13145,Eilat,264,Itf Men Doubles,Hard,2026-02-27 02:31:25
1817,Eilat,270,Itf Men Singles,Hard,2026-02-27 02:31:25
1828,Eilat,271,Itf Women Singles,Hard,2026-02-27 02:31:25
8945,Eilat 2,264,Itf Men Doubles,Hard,2026-02-27 02:31:25
1826,Eilat 2,270,Itf Men Singles,Hard,2026-02-27 02:31:25
1837,Eilat 2,271,Itf Women Singles,Hard,2026-02-27 02:31:25
1842,Eilat 3,270,Itf Men Singles,Hard,2026-02-27 02:31:25
1338,El Paso,271,Itf Women Singles,Hard,2026-02-27 02:31:25
2101,El Prat De Llobregat,270,Itf Men Singles,Clay,2026-02-27 02:31:25
2104,El Prat De Llobregat 2,270,Itf Men Singles,Clay,2026-02-27 02:31:25
3505,Elle Spirit Open,276,Exhibition Women,Clay,2026-02-27 02:31:25
1591,Engis,271,Itf Women Singles,Clay,2026-02-27 02:31:25
13110,Enschede,264,Itf Men Doubles,Clay,2026-02-27 02:31:25
2546,Enschede,270,Itf Men Singles,Clay,2026-02-27 02:31:25
2978,Enschede,271,Itf Women Singles,Clay,2026-02-27 02:31:25
9004,Enschede,287,Itf Women Doubles,Clay,2026-02-27 02:31:25
1749,Equeurdreville,271,Itf Women Singles,Hard (Indoor),2026-02-27 02:31:25
2617,Eskisehir,281,Challenger Men Singles,Hard,2026-02-27 02:31:25
8849,Eskisehir,282,Challenger Men Doubles,Hard,2026-02-27 02:31:25
13186,Esperance,287,Itf Women Doubles,Hard,2026-02-27 02:31:25
8946,Esperance,264,Itf Men Doubles,Hard,2026-02-27 02:31:25
1662,Esperance,270,Itf Men Singles,Hard,2026-02-27 02:31:25
1663,Esperance,271,Itf Women Singles,Hard,2026-02-27 02:31:25
13146,Espinho,264,Itf Men Doubles,Clay,2026-02-27 02:31:25
2325,Espinho,270,Itf Men Singles,Clay,2026-02-27 02:31:25
2979,Espinho,271,Itf Women Singles,Clay,2026-02-27 02:31:25
9005,Espinho,287,Itf Women Doubles,Clay,2026-02-27 02:31:25
3729,Espoo-Helsinki,266,Wta Singles,Hard,2026-02-27 02:31:25
9215,Espoo-Helsinki,268,Wta Doubles,Hard,2026-02-27 02:31:25
3790,Essen,265,Atp Singles,Hard,2026-02-27 02:31:25
13055,Essen,267,Atp Doubles,Hard,2026-02-27 02:31:25
2229,Essen,270,Itf Men Singles,Clay,2026-02-27 02:31:25
2289,Essen,271,Itf Women Singles,Clay,2026-02-27 02:31:25
2084,Este,270,Itf Men Singles,Clay,2026-02-27 02:31:25
2204,Estoril,265,Atp Singles,Clay,2026-02-27 02:31:25
1267,Estoril,267,Atp Doubles,Clay,2026-02-27 02:31:25
12432,Estoril,281,Challenger Men Singles,Clay,2026-02-27 02:31:25
12450,Estoril,282,Challenger Men Doubles,Clay,2026-02-27 02:31:25
1509,Eupen,270,Itf Men Singles,Clay,2026-02-27 02:31:25
1462,Evansville,271,Itf Women Singles,Hard,2026-02-27 02:31:25
3887,Exhibition A Day at the Drive,276,Exhibition Women,Hard,2026-02-27 02:31:25
3886,Exhibition A Day at the Drive,283,Exhibition Men,Hard,2026-02-27 02:31:25
11203,Exhibition Boodles Challenge,283,Exhibition Men,Grass,2026-02-27 02:31:25
11228,Exhibition Boodles Challenge,284,Exhibition Doubles Men,Grass,2026-02-27 02:31:25
2768,Exhibition Hurlingham,283,Exhibition Men,Grass,2026-02-27 02:31:25
3497,Exhibition UTR Pro Match Series,283,Exhibition Men,Hard,2026-02-27 02:31:25
3498,Exhibition UTR Pro Match Series,276,Exhibition Women,Hard,2026-02-27 02:31:25
8441,Exhibition World Tennis Championship,276,Exhibition Women,Hard,2026-02-27 02:31:25
2333,Fairfield,281,Challenger Men Singles,Hard,2026-02-27 02:31:25
8020,Fairfield,282,Challenger Men Doubles,Hard,2026-02-27 02:31:25
2696,Fallanden,270,Itf Men Singles,Hard,2026-02-27 02:31:25
2679,Fallanden,271,Itf Women Singles,Hard,2026-02-27 02:31:25
1637,Falun,270,Itf Men Singles,Hard (Indoor),2026-02-27 02:31:25
1466,Fano,270,Itf Men Singles,Clay,2026-02-27 02:31:25
2384,Fano,281,Challenger Men Singles,Clay,2026-02-27 02:31:25
8726,Fano,282,Challenger Men Doubles,Clay,2026-02-27 02:31:25
8947,Faro,264,Itf Men Doubles,Hard,2026-02-27 02:31:25
1911,Faro,270,Itf Men Singles,Hard,2026-02-27 02:31:25
8948,Faro 2,264,Itf Men Doubles,Hard,2026-02-27 02:31:25
2912,Faro 2,270,Itf Men Singles,Hard,2026-02-27 02:31:25
3170,Fayetteville,270,Itf Men Singles,Hard,2026-02-27 02:31:25
1456,Felixstowe,270,Itf Men Singles,Grass,2026-02-27 02:31:25
2449,Fergana,281,Challenger Men Singles,Hard,2026-02-27 02:31:25
8751,Fergana,282,Challenger Men Doubles,Hard,2026-02-27 02:31:25
13147,Fernandopolis,264,Itf Men Doubles,Clay,2026-02-27 02:31:25
2913,Fernandopolis,270,Itf Men Singles,Clay,2026-02-27 02:31:25
1263,Fes,266,Wta Singles,Clay,2026-02-27 02:31:25
8668,Fes,268,Wta Doubles,Clay,2026-02-27 02:31:25
1777,Fes,270,Itf Men Singles,Clay,2026-02-27 02:31:25
13111,Feucherolles,264,Itf Men Doubles,Hard,2026-02-27 02:31:25
1841,Feucherolles,270,Itf Men Singles,Hard (Indoor),2026-02-27 02:31:25
1490,Fieberbrunn,270,Itf Men Singles,Clay,2026-02-27 02:31:25
3166,Filderstadt,266,Wta Singles,Hard,2026-02-27 02:31:25
9216,Filderstadt,268,Wta Doubles,Hard,2026-02-27 02:31:25
3195,Finals - Riyadh,266,Wta Singles,Hard (Indoor),2026-02-27 02:31:25
3190,Finals - Riyadh,268,Wta Doubles,Hard (Indoor),2026-02-27 02:31:25
2794,Finals - Turin,265,Atp Singles,Hard (Indoor),2026-02-27 02:31:25
2795,Finals - Turin,267,Atp Doubles,Hard (Indoor),2026-02-27 02:31:25
3671,Florence,265,Atp Singles,Clay,2026-02-27 02:31:25
8022,Florence,267,Atp Doubles,Clay,2026-02-27 02:31:25
2980,Florence,271,Itf Women Singles,Clay,2026-02-27 02:31:25
9561,Florence,272,Challenger Women Singles,Clay,2026-02-27 02:31:25
9562,Florence,275,Challenger Women Doubles,Clay,2026-02-27 02:31:25
3080,Florence,281,Challenger Men Singles,Clay,2026-02-27 02:31:25
9055,Florence,282,Challenger Men Doubles,Clay,2026-02-27 02:31:25
1727,Florence SC,271,Itf Women Singles,Hard,2026-02-27 02:31:25
2228,Florianopolis,266,Wta Singles,Clay,2026-02-27 02:31:25
8683,Florianopolis,268,Wta Doubles,Hard,2026-02-27 02:31:25
10396,Florianopolis,272,Challenger Women Singles,Clay,2026-02-27 02:31:25
10403,Florianopolis,275,Challenger Women Doubles,Clay,2026-02-27 02:31:25
2565,Florianopolis,281,Challenger Men Singles,Clay,2026-02-27 02:31:25
5090,Florianopolis,282,Challenger Men Doubles,Clay,2026-02-27 02:31:25
8885,Floridablanca,282,Challenger Men Doubles,Clay,2026-02-27 02:31:25
2771,Floridablanca,281,Challenger Men Singles,Clay,2026-02-27 02:31:25
2981,Foggia,271,Itf Women Singles,Clay,2026-02-27 02:31:25
9006,Foggia,287,Itf Women Doubles,Clay,2026-02-27 02:31:25
3730,Forest Hills,266,Wta Singles,Hard,2026-02-27 02:31:25
3609,Forli,281,Challenger Men Singles,Clay,2026-02-27 02:31:25
3620,Forli,282,Challenger Men Doubles,Clay,2026-02-27 02:31:25
5062,Forli 2,282,Challenger Men Doubles,Hard (Indoor),2026-02-27 02:31:25
5064,Forli 2,281,Challenger Men Singles,Hard (Indoor),2026-02-27 02:31:25
5091,Forli 3,281,Challenger Men Singles,Hard (Indoor),2026-02-27 02:31:25
5087,Forli 3,282,Challenger Men Doubles,Hard (Indoor),2026-02-27 02:31:25
5258,Forli 4,282,Challenger Men Doubles,Hard (Indoor),2026-02-27 02:31:25
5259,Forli 4,281,Challenger Men Singles,Hard (Indoor),2026-02-27 02:31:25
5281,Forli 5,281,Challenger Men Singles,Hard (Indoor),2026-02-27 02:31:25
5280,Forli 5,282,Challenger Men Doubles,Hard (Indoor),2026-02-27 02:31:25
7142,Forli 6,282,Challenger Men Doubles,Clay,2026-02-27 02:31:25
7141,Forli 6,281,Challenger Men Singles,Clay,2026-02-27 02:31:25
2982,Fort Walton Beach,271,Itf Women Singles,Hard,2026-02-27 02:31:25
13187,Fort Walton Beach,287,Itf Women Doubles,Hard,2026-02-27 02:31:25
3189,Fort Worth,270,Itf Men Singles,Hard,2026-02-27 02:31:25
1502,Fort Worth,271,Itf Women Singles,Hard,2026-02-27 02:31:25
1807,Fort-de-France (Martinique),271,Itf Women Singles,Hard,2026-02-27 02:31:25
13148,Fortaleza,264,Itf Men Doubles,Clay,2026-02-27 02:31:25
2914,Fortaleza,270,Itf Men Singles,Clay,2026-02-27 02:31:25
2320,Fountain Valley,270,Itf Men Singles,Hard,2026-02-27 02:31:25
1773,Foz do Iguacu,270,Itf Men Singles,Clay,2026-02-27 02:31:25
3495,FPT Portugal Series,276,Exhibition Women,Hard,2026-02-27 02:31:25
3492,FPT Portugal Series,283,Exhibition Men,Hard,2026-02-27 02:31:25
3502,FPT Portugal Series 2,283,Exhibition Men,Hard,2026-02-27 02:31:25
3503,FPT Portugal Series 2,276,Exhibition Women,Hard,2026-02-27 02:31:25
3516,FPT Portugal Series 3,276,Exhibition Women,Hard,2026-02-27 02:31:25
3515,FPT Portugal Series 3,283,Exhibition Men,Hard,2026-02-27 02:31:25
3528,FPT Portugal Series 4,283,Exhibition Men,Hard,2026-02-27 02:31:25
3530,FPT Portugal Series 4,276,Exhibition Women,Hard,2026-02-27 02:31:25
2730,Francavilla,281,Challenger Men Singles,Clay,2026-02-27 02:31:25
5584,Francavilla,282,Challenger Men Doubles,Clay,2026-02-27 02:31:25
2278,Frascati,270,Itf Men Singles,Clay,2026-02-27 02:31:25
1904,Frauenfeld,270,Itf Men Singles,Hard (Indoor),2026-02-27 02:31:25
1897,Frauenfeld,271,Itf Women Singles,Hard (Indoor),2026-02-27 02:31:25
2155,French Open,265,Atp Singles,Clay,2026-02-27 02:31:25
2156,French Open,266,Wta Singles,Clay,2026-02-27 02:31:25
2157,French Open,267,Atp Doubles,Clay,2026-02-27 02:31:25
2158,French Open,268,Wta Doubles,Clay,2026-02-27 02:31:25
2159,French Open,269,Mixed Doubles,Clay,2026-02-27 02:31:25
2281,French Open,277,Boys Singles,Clay,2026-02-27 02:31:25
2282,French Open,278,Girls Singles,Clay,2026-02-27 02:31:25
2283,French Open,279,Boys Doubles,Clay,2026-02-27 02:31:25
2284,French Open,280,Girls Doubles,Clay,2026-02-27 02:31:25
1521,Friedberg,270,Itf Men Singles,Clay,2026-02-27 02:31:25
2168,Frinton,270,Itf Men Singles,Grass,2026-02-27 02:31:25
2749,Fukuoka,271,Itf Women Singles,Hard,2026-02-27 02:31:25
2566,Furth,281,Challenger Men Singles,Clay,2026-02-27 02:31:25
8794,Furth,282,Challenger Men Doubles,Clay,2026-02-27 02:31:25
2016,Fuzhou,270,Itf Men Singles,Hard,2026-02-27 02:31:25
3053,Gaeta,270,Itf Men Singles,Clay,2026-02-27 02:31:25
7249,Gaiba,272,Challenger Women Singles,Grass,2026-02-27 02:31:25
7250,Gaiba,275,Challenger Women Doubles,Grass,2026-02-27 02:31:25
1665,Gainesville,271,Itf Women Singles,Clay,2026-02-27 02:31:25
1460,Gandia,270,Itf Men Singles,Clay,2026-02-27 02:31:25
1492,Gardone Val Trompia,271,Itf Women Singles,Clay,2026-02-27 02:31:25
13149,Gatineau,264,Itf Men Doubles,Hard,2026-02-27 02:31:25
1905,Gatineau,270,Itf Men Singles,Hard (Indoor),2026-02-27 02:31:25
2401,Gatineau,281,Challenger Men Singles,Hard,2026-02-27 02:31:25
8737,Gatineau,282,Challenger Men Doubles,Hard,2026-02-27 02:31:25
1571,Gaziantep,271,Itf Women Singles,Hard,2026-02-27 02:31:25
4343,Gdynia,266,Wta Singles,Clay,2026-02-27 02:31:25
4346,Gdynia,268,Wta Doubles,Clay,2026-02-27 02:31:25
2207,Geneva,265,Atp Singles,Clay,2026-02-27 02:31:25
2208,Geneva,267,Atp Doubles,Clay,2026-02-27 02:31:25
2509,Geneva,281,Challenger Men Singles,Hard (Indoor),2026-02-27 02:31:25
8768,Geneva,282,Challenger Men Doubles,Hard (Indoor),2026-02-27 02:31:25
4134,Genoa,265,Atp Singles,Clay,2026-02-27 02:31:25
13056,Genoa,267,Atp Doubles,Clay,2026-02-27 02:31:25
2345,Genova,281,Challenger Men Singles,Clay,2026-02-27 02:31:25
7857,Genova,282,Challenger Men Doubles,Clay,2026-02-27 02:31:25
1609,Getafe (Madrid),270,Itf Men Singles,Hard,2026-02-27 02:31:25
1301,Getxo,270,Itf Men Singles,Clay,2026-02-27 02:31:25
1311,Getxo,271,Itf Women Singles,Clay,2026-02-27 02:31:25
1999,Gifu,271,Itf Women Singles,Hard,2026-02-27 02:31:25
13115,Gifu,287,Itf Women Doubles,Hard,2026-02-27 02:31:25
8023,Gijon,265,Atp Singles,Hard (Indoor),2026-02-27 02:31:25
8024,Gijon,267,Atp Doubles,Hard (Indoor),2026-02-27 02:31:25
2983,Gijon,271,Itf Women Singles,Hard,2026-02-27 02:31:25
1318,Gimcheon,270,Itf Men Singles,Hard,2026-02-27 02:31:25
2049,Gimcheon,271,Itf Women Singles,Hard,2026-02-27 02:31:25
2415,Gimcheon,281,Challenger Men Singles,Hard,2026-02-27 02:31:25
8743,Gimcheon,282,Challenger Men Doubles,Hard,2026-02-27 02:31:25
2055,Gimcheon 2,270,Itf Men Singles,Hard,2026-02-27 02:31:25
2056,Gimcheon 2,271,Itf Women Singles,Hard,2026-02-27 02:31:25
2060,Gimcheon 3,270,Itf Men Singles,Hard,2026-02-27 02:31:25
2703,Girls Australian Open,278,Girls Singles,Hard,2026-02-27 02:31:25
2705,Girls Australian Open,280,Girls Doubles,Hard,2026-02-27 02:31:25
9393,Girona,281,Challenger Men Singles,Clay,2026-02-27 02:31:25
9394,Girona,282,Challenger Men Doubles,Clay,2026-02-27 02:31:25
8909,Glasgow,282,Challenger Men Doubles,Hard (Indoor),2026-02-27 02:31:25
2792,Glasgow,283,Exhibition Men,Hard (Indoor),2026-02-27 02:31:25
13220,Glasgow,284,Exhibition Doubles Men,Hard (Indoor),2026-02-27 02:31:25
8799,Glasgow,287,Itf Women Doubles,Hard,2026-02-27 02:31:25
13150,Glasgow,264,Itf Men Doubles,Hard,2026-02-27 02:31:25
1822,Glasgow,270,Itf Men Singles,Hard (Indoor),2026-02-27 02:31:25
1824,Glasgow,271,Itf Women Singles,Hard,2026-02-27 02:31:25
2514,Glasgow,281,Challenger Men Singles,Hard (Indoor),2026-02-27 02:31:25
1702,Glasgow 2,270,Itf Men Singles,Hard (Indoor),2026-02-27 02:31:25
1705,Glasgow 2,271,Itf Women Singles,Hard (Indoor),2026-02-27 02:31:25
1475,Godfrey,270,Itf Men Singles,Hard,2026-02-27 02:31:25
2191,Goehren-Lebbin,270,Itf Men Singles,Hard (Indoor),2026-02-27 02:31:25
3731,Gold Coast,266,Wta Singles,Hard,2026-02-27 02:31:25
9217,Gold Coast,268,Wta Doubles,Hard,2026-02-27 02:31:25
1819,Gosier (Guadeloupe),271,Itf Women Singles,Hard,2026-02-27 02:31:25
1374,Goyang,271,Itf Women Singles,Hard,2026-02-27 02:31:25
1315,Grado,271,Itf Women Singles,Clay,2026-02-27 02:31:25
12574,Grado,272,Challenger Women Singles,Clay,2026-02-27 02:31:25
12627,Grado,275,Challenger Women Doubles,Clay,2026-02-27 02:31:25
1784,Gramado,270,Itf Men Singles,Hard,2026-02-27 02:31:25
3920,Gran Canaria,281,Challenger Men Singles,Clay,2026-02-27 02:31:25
3919,Gran Canaria,282,Challenger Men Doubles,Clay,2026-02-27 02:31:25
3929,Gran Canaria 2,282,Challenger Men Doubles,Clay,2026-02-27 02:31:25
3928,Gran Canaria 2,281,Challenger Men Singles,Clay,2026-02-27 02:31:25
7697,Granby,266,Wta Singles,Hard,2026-02-27 02:31:25
7702,Granby,268,Wta Doubles,Hard,2026-02-27 02:31:25
2227,Granby,271,Itf Women Singles,Hard,2026-02-27 02:31:25
2398,Granby,281,Challenger Men Singles,Hard,2026-02-27 02:31:25
7704,Granby,282,Challenger Men Doubles,Hard,2026-02-27 02:31:25
3672,Grand Slam Cup,265,Atp Singles,Hard (Indoor),2026-02-27 02:31:25
3732,Grand Slam Cup,266,Wta Singles,Hard (Indoor),2026-02-27 02:31:25
2984,Grapevine,271,Itf Women Singles,Hard,2026-02-27 02:31:25
13188,Grapevine,287,Itf Women Doubles,Hard,2026-02-27 02:31:25
1983,Grasse,270,Itf Men Singles,Clay,2026-02-27 02:31:25
1849,Grenoble,271,Itf Women Singles,Hard (Indoor),2026-02-27 02:31:25
9946,Grodzisk Mazowiecki,272,Challenger Women Singles,Hard,2026-02-27 02:31:25
9947,Grodzisk Mazowiecki,275,Challenger Women Doubles,Hard,2026-02-27 02:31:25
7653,Grodzisk Mazowiecki,281,Challenger Men Singles,Hard,2026-02-27 02:31:25
7652,Grodzisk Mazowiecki,282,Challenger Men Doubles,Hard,2026-02-27 02:31:25
1527,Gstaad,265,Atp Singles,Clay,2026-02-27 02:31:25
2300,Gstaad,266,Wta Singles,Clay,2026-02-27 02:31:25
1204,Gstaad,267,Atp Doubles,clay,2026-02-27 02:31:25
8706,Gstaad,268,Wta Doubles,Clay,2026-02-27 02:31:25
8949,Guadalajara,264,Itf Men Doubles,Clay,2026-02-27 02:31:25
3941,Guadalajara,266,Wta Singles,Hard,2026-02-27 02:31:25
3942,Guadalajara,268,Wta Doubles,Hard,2026-02-27 02:31:25
1272,Guadalajara,270,Itf Men Singles,Clay,2026-02-27 02:31:25
3112,Guadalajara,272,Challenger Women Singles,Hard,2026-02-27 02:31:25
9063,Guadalajara,275,Challenger Women Doubles,Hard,2026-02-27 02:31:25
2567,Guadalajara,281,Challenger Men Singles,Hard,2026-02-27 02:31:25
8759,Guadalajara,282,Challenger Men Doubles,Hard,2026-02-27 02:31:25
8069,Guadalajara 2,266,Wta Singles,Hard,2026-02-27 02:31:25
8077,Guadalajara 2,268,Wta Doubles,Hard,2026-02-27 02:31:25
1615,Guangzhou,266,Wta Singles,Hard,2026-02-27 02:31:25
8651,Guangzhou,268,Wta Doubles,hard,2026-02-27 02:31:25
2440,Guangzhou,281,Challenger Men Singles,Hard,2026-02-27 02:31:25
8760,Guangzhou,282,Challenger Men Doubles,Hard,2026-02-27 02:31:25
11651,Guangzhou 2,282,Challenger Men Doubles,Hard,2026-02-27 02:31:25
11653,Guangzhou 2,281,Challenger Men Singles,Hard,2026-02-27 02:31:25
3673,Guaruja,265,Atp Singles,Hard,2026-02-27 02:31:25
9161,Guaruja,267,Atp Doubles,Hard,2026-02-27 02:31:25
13117,Guatemala City,264,Itf Men Doubles,Hard,2026-02-27 02:31:25
2680,Guatemala City,270,Itf Men Singles,Hard,2026-02-27 02:31:25
13118,Guayaquil,264,Itf Men Doubles,Clay,2026-02-27 02:31:25
2681,Guayaquil,270,Itf Men Singles,Clay,2026-02-27 02:31:25
2496,Guayaquil,281,Challenger Men Singles,Clay,2026-02-27 02:31:25
2394,Guayaquil,282,Challenger Men Doubles,Clay,2026-02-27 02:31:25
2302,Gubbio,270,Itf Men Singles,Clay,2026-02-27 02:31:25
1921,Guimaraes,270,Itf Men Singles,Hard,2026-02-27 02:31:25
1752,Guimaraes,271,Itf Women Singles,Hard,2026-02-27 02:31:25
2618,Guimaraes,281,Challenger Men Singles,Hard,2026-02-27 02:31:25
8910,Guimaraes,282,Challenger Men Doubles,Hard,2026-02-27 02:31:25
2033,Guimaraes 2,270,Itf Men Singles,Hard,2026-02-27 02:31:25
2460,Gwangju,281,Challenger Men Singles,Hard,2026-02-27 02:31:25
7963,Gwangju,282,Challenger Men Doubles,Hard,2026-02-27 02:31:25
2039,Gyeongsan,270,Itf Men Singles,Hard,2026-02-27 02:31:25
12799,Hagen,281,Challenger Men Singles,Clay,2026-02-27 02:31:25
12798,Hagen,282,Challenger Men Doubles,Clay,2026-02-27 02:31:25
8950,Haifa,264,Itf Men Doubles,Hard,2026-02-27 02:31:25
2915,Haifa,270,Itf Men Singles,Hard,2026-02-27 02:31:25
2041,Halle,265,Atp Singles,Grass,2026-02-27 02:31:25
1341,Halle,267,Atp Doubles,Grass,2026-02-27 02:31:25
1720,Hamamatsu,271,Itf Women Singles,Grass,2026-02-27 02:31:25
1647,Hambach,270,Itf Men Singles,Hard (Indoor),2026-02-27 02:31:25
1442,Hamburg,265,Atp Singles,Clay,2026-02-27 02:31:25
3733,Hamburg,266,Wta Singles,Clay,2026-02-27 02:31:25
1441,Hamburg,267,Atp Doubles,Clay,2026-02-27 02:31:25
3770,Hamburg,268,Wta Doubles,Clay,2026-02-27 02:31:25
2788,Hamburg,270,Itf Men Singles,Hard (Indoor),2026-02-27 02:31:25
11402,Hamburg,272,Challenger Women Singles,Clay,2026-02-27 02:31:25
11417,Hamburg,275,Challenger Women Doubles,Clay,2026-02-27 02:31:25
3184,Hamburg,281,Challenger Men Singles,Hard (Indoor),2026-02-27 02:31:25
3185,Hamburg,282,Challenger Men Doubles,Hard (Indoor),2026-02-27 02:31:25
11816,Hangzhou,282,Challenger Men Doubles,Hard,2026-02-27 02:31:25
11724,Hangzhou,265,Atp Singles,Hard,2026-02-27 02:31:25
11729,Hangzhou,267,Atp Doubles,Hard,2026-02-27 02:31:25
11815,Hangzhou,281,Challenger Men Singles,Hard,2026-02-27 02:31:25
1452,Hannover,270,Itf Men Singles,Clay,2026-02-27 02:31:25
3734,Hanover,266,Wta Singles,Hard (Indoor),2026-02-27 02:31:25
9218,Hanover,268,Wta Doubles,Hard (Indoor),2026-02-27 02:31:25
1605,Happy Valley,270,Itf Men Singles,Hard,2026-02-27 02:31:25
2647,Happy Valley,281,Challenger Men Singles,Hard,2026-02-27 02:31:25
8779,Happy Valley,282,Challenger Men Doubles,Hard,2026-02-27 02:31:25
13151,Harlingen,264,Itf Men Doubles,Hard,2026-02-27 02:31:25
1891,Harlingen,270,Itf Men Singles,Hard,2026-02-27 02:31:25
2064,Haskovo,270,Itf Men Singles,Clay,2026-02-27 02:31:25
3735,Hasselt,266,Wta Singles,Hard (Indoor),2026-02-27 02:31:25
9219,Hasselt,268,Wta Doubles,Hard (Indoor),2026-02-27 02:31:25
3736,Hawaii,266,Wta Singles,Hard,2026-02-27 02:31:25
9090,Hawaii,268,Wta Doubles,Hard,2026-02-27 02:31:25
3095,Hawaii Open,276,Exhibition Women,Hard (Indoor),2026-02-27 02:31:25
3094,Hawaii Open,283,Exhibition Men,Hard (Indoor),2026-02-27 02:31:25
9077,Hawaii Open,289,Exhibition Mixed Doubles,Hard (Indoor),2026-02-27 02:31:25
1522,Hechingen,271,Itf Women Singles,Clay,2026-02-27 02:31:25
2648,Heilbronn,281,Challenger Men Singles,Clay,2026-02-27 02:31:25
3049,Heilbronn,282,Challenger Men Doubles,Clay,2026-02-27 02:31:25
13045,Heilbronn 2,282,Challenger Men Doubles,Clay,2026-02-27 02:31:25
2636,Heilbronn 2,281,Challenger Men Singles,Clay,2026-02-27 02:31:25
1871,Helsingborg,271,Itf Women Singles,Hard (Indoor),2026-02-27 02:31:25
3200,Helsinki,281,Challenger Men Singles,Hard (Indoor),2026-02-27 02:31:25
2663,Helsinki,282,Challenger Men Doubles,Hard (Indoor),2026-02-27 02:31:25
8800,Helsinky,287,Itf Women Doubles,Hard,2026-02-27 02:31:25
1764,Helsinky,271,Itf Women Singles,Hard,2026-02-27 02:31:25
13125,Heraklion,264,Itf Men Doubles,Hard,2026-02-27 02:31:25
2916,Heraklion,270,Itf Men Singles,Hard,2026-02-27 02:31:25
2775,Heraklion,271,Itf Women Singles,Hard,2026-02-27 02:31:25
9007,Heraklion,287,Itf Women Doubles,Hard,2026-02-27 02:31:25
13129,Heraklion 2,264,Itf Men Doubles,Hard,2026-02-27 02:31:25
2700,Heraklion 2,270,Itf Men Singles,Hard,2026-02-27 02:31:25
1963,Heraklion 2,271,Itf Women Singles,Hard,2026-02-27 02:31:25
13128,Heraklion 3,264,Itf Men Doubles,Hard,2026-02-27 02:31:25
2738,Heraklion 3,270,Itf Men Singles,Hard,2026-02-27 02:31:25
2985,Heraklion 3,271,Itf Women Singles,Hard,2026-02-27 02:31:25
9008,Heraklion 3,287,Itf Women Doubles,Hard,2026-02-27 02:31:25
1707,Heraklion 4,270,Itf Men Singles,Hard,2026-02-27 02:31:25
1696,Heraklion 4,271,Itf Women Singles,Hard,2026-02-27 02:31:25
1732,Heraklion 5,270,Itf Men Singles,Hard,2026-02-27 02:31:25
1733,Heraklion 5,271,Itf Women Singles,Hard,2026-02-27 02:31:25
1754,Heraklion 6,270,Itf Men Singles,Hard,2026-02-27 02:31:25
1748,Heraklion 6,271,Itf Women Singles,Hard,2026-02-27 02:31:25
1759,Heraklion 7,270,Itf Men Singles,Hard,2026-02-27 02:31:25
1761,Heraklion 7,271,Itf Women Singles,Hard,2026-02-27 02:31:25
12285,Hersonissos,281,Challenger Men Singles,Hard,2026-02-27 02:31:25
12288,Hersonissos,282,Challenger Men Doubles,Hard,2026-02-27 02:31:25
12302,Hersonissos 2,281,Challenger Men Singles,Hard,2026-02-27 02:31:25
12303,Hersonissos 2,282,Challenger Men Doubles,Hard,2026-02-27 02:31:25
12861,Hersonissos 3,281,Challenger Men Singles,Hard,2026-02-27 02:31:25
12863,Hersonissos 3,282,Challenger Men Doubles,Hard,2026-02-27 02:31:25
12900,Hersonissos 4,281,Challenger Men Singles,Hard,2026-02-27 02:31:25
12909,Hersonissos 4,282,Challenger Men Doubles,Hard,2026-02-27 02:31:25
13315,Hersonissos 5,281,Challenger Men Singles,Hard,2026-02-27 02:31:25
13316,Hersonissos 5,282,Challenger Men Doubles,Hard,2026-02-27 02:31:25
13339,Hersonissos 6,281,Challenger Men Singles,Hard,2026-02-27 02:31:25
13337,Hersonissos 6,282,Challenger Men Doubles,Hard,2026-02-27 02:31:25
2051,Hertogenbosch,265,Atp Singles,Grass,2026-02-27 02:31:25
2050,Hertogenbosch,266,Wta Singles,Grass,2026-02-27 02:31:25
7193,Hertogenbosch,267,Atp Doubles,Grass,2026-02-27 02:31:25
7195,Hertogenbosch,268,Wta Doubles,Grass,2026-02-27 02:31:25
13152,Herzlia,264,Itf Men Doubles,Hard,2026-02-27 02:31:25
2038,Herzlia,270,Itf Men Singles,Hard,2026-02-27 02:31:25
2037,Herzlia,271,Itf Women Singles,Hard,2026-02-27 02:31:25
8951,Herzlia 2,264,Itf Men Doubles,Hard,2026-02-27 02:31:25
2044,Herzlia 2,270,Itf Men Singles,Hard,2026-02-27 02:31:25
13132,Herzlia 3,264,Itf Men Doubles,Hard,2026-02-27 02:31:25
2054,Herzlia 3,270,Itf Men Singles,Hard,2026-02-27 02:31:25
1323,Hilton Head Island,271,Itf Women Singles,Hard,2026-02-27 02:31:25
3075,Hiroshima,266,Wta Singles,Hard,2026-02-27 02:31:25
9054,Hiroshima,268,Wta Doubles,Hard,2026-02-27 02:31:25
8835,Ho Chi Minh City,264,Itf Men Doubles,Hard,2026-02-27 02:31:25
3791,Ho Chi Minh City,265,Atp Singles,Hard,2026-02-27 02:31:25
13057,Ho Chi Minh City,267,Atp Doubles,Hard,2026-02-27 02:31:25
2328,Ho Chi Minh City,270,Itf Men Singles,Hard,2026-02-27 02:31:25
2334,Ho Chi Minh City,281,Challenger Men Singles,Hard,2026-02-27 02:31:25
8716,Ho Chi Minh City,282,Challenger Men Doubles,Hard,2026-02-27 02:31:25
8858,Ho Chi Minh City 2,264,Itf Men Doubles,Hard (Indoor),2026-02-27 02:31:25
1962,Ho Chi Minh City 2,270,Itf Men Singles,Hard,2026-02-27 02:31:25
8857,Ho Chi Minh City 3,264,Itf Men Doubles,Hard,2026-02-27 02:31:25
2694,Ho Chi Minh City 3,270,Itf Men Singles,Hard,2026-02-27 02:31:25
2758,Hodmezovasarhely,271,Itf Women Singles,Clay,2026-02-27 02:31:25
2820,Hong Kong,265,Atp Singles,Hard,2026-02-27 02:31:25
2241,Hong Kong,266,Wta Singles,Hard,2026-02-27 02:31:25
8694,Hong Kong,268,Wta Doubles,Hard,2026-02-27 02:31:25
2917,Hong Kong,270,Itf Men Singles,Hard,2026-02-27 02:31:25
2196,Hong Kong,271,Itf Women Singles,Hard,2026-02-27 02:31:25
11787,Hong Kong,272,Challenger Women Singles,Hard,2026-02-27 02:31:25
11788,Hong Kong,275,Challenger Women Doubles,Hard,2026-02-27 02:31:25
2649,Hong Kong,281,Challenger Men Singles,Hard,2026-02-27 02:31:25
8911,Hong Kong,282,Challenger Men Doubles,Hard,2026-02-27 02:31:25
2918,Hong Kong 2,270,Itf Men Singles,Hard,2026-02-27 02:31:25
2919,Hong Kong 3,270,Itf Men Singles,Hard,2026-02-27 02:31:25
3034,Hong Kong Tennis Classic,274,Teams Mix,Hard,2026-02-27 02:31:25
3924,Hong Kong Tennis Classic,276,Exhibition Women,,2026-02-27 02:31:25
3923,Hong Kong Tennis Classic,283,Exhibition Men,,2026-02-27 02:31:25
3055,Honolulu,271,Itf Women Singles,Hard,2026-02-27 02:31:25
2536,Honolulu,272,Challenger Women Singles,Hard,2026-02-27 02:31:25
8786,Honolulu,275,Challenger Women Doubles,Hard,2026-02-27 02:31:25
2549,Honolulu,281,Challenger Men Singles,Hard,2026-02-27 02:31:25
12733,Hopman Cup,269,Mixed Doubles,Hard (Indoor),2026-02-27 02:31:25
2119,Hopman Cup,274,Teams Mix,Hard (Indoor),2026-02-27 02:31:25
1477,Horb,271,Itf Women Singles,Clay,2026-02-27 02:31:25
1960,Houston,265,Atp Singles,Clay,2026-02-27 02:31:25
3737,Houston,266,Wta Singles,Clay,2026-02-27 02:31:25
1260,Houston,267,Atp Doubles,Clay,2026-02-27 02:31:25
9220,Houston,268,Wta Doubles,Clay,2026-02-27 02:31:25
2098,Houston,270,Itf Men Singles,Hard,2026-02-27 02:31:25
3089,Houston,272,Challenger Women Singles,Hard,2026-02-27 02:31:25
9058,Houston,275,Challenger Women Doubles,Hard,2026-02-27 02:31:25
3088,Houston,281,Challenger Men Singles,Hard,2026-02-27 02:31:25
9057,Houston,282,Challenger Men Doubles,Hard,2026-02-27 02:31:25
3538,HSC CUP Piestany,283,Exhibition Men,Clay,2026-02-27 02:31:25
9129,HSC CUP Piestany,284,Exhibition Doubles Men,Clay,2026-02-27 02:31:25
8831,Hua Hin,282,Challenger Men Doubles,Hard,2026-02-27 02:31:25
3030,Hua Hin,283,Exhibition Men,Hard,2026-02-27 02:31:25
3102,Hua Hin,266,Wta Singles,Hard,2026-02-27 02:31:25
8540,Hua Hin,268,Wta Doubles,Hard,2026-02-27 02:31:25
2250,Hua Hin,272,Challenger Women Singles,Hard,2026-02-27 02:31:25
8704,Hua Hin,275,Challenger Women Doubles,Hard,2026-02-27 02:31:25
2259,Hua Hin,276,Exhibition Women,Hard,2026-02-27 02:31:25
2421,Hua Hin,281,Challenger Men Singles,Hard,2026-02-27 02:31:25
11684,Hua Hin 2,266,Wta Singles,Hard,2026-02-27 02:31:25
11687,Hua Hin 2,268,Wta Doubles,Hard,2026-02-27 02:31:25
2288,Huelva,270,Itf Men Singles,Clay,2026-02-27 02:31:25
3054,Hurlingham,276,Exhibition Women,Grass,2026-02-27 02:31:25
12992,Huzhou,272,Challenger Women Singles,Clay,2026-02-27 02:31:25
12995,Huzhou,275,Challenger Women Doubles,Clay,2026-02-27 02:31:25
1410,Huzhu,271,Itf Women Singles,Clay,2026-02-27 02:31:25
1432,Huzhu 2,271,Itf Women Singles,Clay,2026-02-27 02:31:25
3738,Hyderabad,266,Wta Singles,Hard,2026-02-27 02:31:25
9221,Hyderabad,268,Wta Doubles,Hard,2026-02-27 02:31:25
11335,Iasi,266,Wta Singles,Clay,2026-02-27 02:31:25
11336,Iasi,268,Wta Doubles,Clay,2026-02-27 02:31:25
7561,Iasi,272,Challenger Women Singles,Clay,2026-02-27 02:31:25
7563,Iasi,275,Challenger Women Doubles,Clay,2026-02-27 02:31:25
3589,Iasi,281,Challenger Men Singles,Clay,2026-02-27 02:31:25
3608,Iasi,282,Challenger Men Doubles,Clay,2026-02-27 02:31:25
11206,Ibague,282,Challenger Men Doubles,Clay,2026-02-27 02:31:25
11204,Ibague,281,Challenger Men Singles,Clay,2026-02-27 02:31:25
1434,Ilkley,270,Itf Men Singles,Grass,2026-02-27 02:31:25
2220,Ilkley,271,Itf Women Singles,Grass,2026-02-27 02:31:25
12572,Ilkley,272,Challenger Women Singles,Grass,2026-02-27 02:31:25
12575,Ilkley,275,Challenger Women Doubles,Grass,2026-02-27 02:31:25
2507,Ilkley,281,Challenger Men Singles,Grass,2026-02-27 02:31:25
7248,Ilkley,282,Challenger Men Doubles,Grass,2026-02-27 02:31:25
1445,Imola,271,Itf Women Singles,,2026-02-27 02:31:25
1395,Incheon,271,Itf Women Singles,Hard,2026-02-27 02:31:25
2713,Indian Harbour Beach,270,Itf Men Singles,Clay,2026-02-27 02:31:25
2145,Indian Harbour Beach,271,Itf Women Singles,Clay,2026-02-27 02:31:25
9009,Indian Harbour Beach,287,Itf Women Doubles,Clay,2026-02-27 02:31:25
8897,Indian Wells,282,Challenger Men Doubles,Hard,2026-02-27 02:31:25
1903,Indian Wells,265,Atp Singles,Hard,2026-02-27 02:31:25
1898,Indian Wells,266,Wta Singles,Hard,2026-02-27 02:31:25
1253,Indian Wells,267,Atp Doubles,Hard,2026-02-27 02:31:25
1254,Indian Wells,268,Wta Doubles,Hard,2026-02-27 02:31:25
2811,Indian Wells,272,Challenger Women Singles,Hard,2026-02-27 02:31:25
8896,Indian Wells,275,Challenger Women Doubles,Hard,2026-02-27 02:31:25
2810,Indian Wells,281,Challenger Men Singles,Hard,2026-02-27 02:31:25
10557,Indian Wells 2,281,Challenger Men Singles,Hard,2026-02-27 02:31:25
10558,Indian Wells 2,282,Challenger Men Doubles,Hard,2026-02-27 02:31:25
7451,Indianapolis,282,Challenger Men Doubles,Hard (Indoor),2026-02-27 02:31:25
2821,Indianapolis,265,Atp Singles,Hard,2026-02-27 02:31:25
3739,Indianapolis,266,Wta Singles,Hard (Indoor),2026-02-27 02:31:25
9163,Indianapolis,267,Atp Doubles,Hard,2026-02-27 02:31:25
9222,Indianapolis,268,Wta Doubles,Hard (Indoor),2026-02-27 02:31:25
7452,Indianapolis,281,Challenger Men Singles,Hard (Indoor),2026-02-27 02:31:25
2448,Indore,281,Challenger Men Singles,Hard,2026-02-27 02:31:25
8769,Indore,282,Challenger Men Doubles,Hard,2026-02-27 02:31:25
13189,Innisbrook,287,Itf Women Doubles,Clay,2026-02-27 02:31:25
1813,Innisbrook,271,Itf Women Singles,Clay,2026-02-27 02:31:25
2986,Innisbrook 2,271,Itf Women Singles,Clay,2026-02-27 02:31:25
1539,Innsbruck,270,Itf Men Singles,Clay,2026-02-27 02:31:25
1538,Innsbruck,271,Itf Women Singles,Clay,2026-02-27 02:31:25
3057,Iowa City,270,Itf Men Singles,Hard,2026-02-27 02:31:25
2920,Ipswich,270,Itf Men Singles,Clay,2026-02-27 02:31:25
2781,Ipswich,271,Itf Women Singles,Clay,2026-02-27 02:31:25
13131,Ipswich,287,Itf Women Doubles,Clay,2026-02-27 02:31:25
2539,IPTL,283,Exhibition Men,Hard,2026-02-27 02:31:25
2540,IPTL,284,Exhibition Doubles Men,Hard,2026-02-27 02:31:25
2256,IPTL,269,Mixed Doubles,Hard,2026-02-27 02:31:25
2258,IPTL,274,Teams Mix,Hard,2026-02-27 02:31:25
2257,IPTL,276,Exhibition Women,Hard,2026-02-27 02:31:25
2854,Iquique,281,Challenger Men Singles,Clay,2026-02-27 02:31:25
1907,Irapuato,271,Itf Women Singles,Hard,2026-02-27 02:31:25
1649,Irvine,270,Itf Men Singles,Hard,2026-02-27 02:31:25
2568,Irving,281,Challenger Men Singles,Hard,2026-02-27 02:31:25
8757,Irving,282,Challenger Men Doubles,Hard,2026-02-27 02:31:25
13508,Islamabad,281,Challenger Men Singles,Hard,2026-02-27 02:31:25
13505,Islamabad,282,Challenger Men Doubles,Hard,2026-02-27 02:31:25
2787,Ismaning,282,Challenger Men Doubles,Hard (Indoor),2026-02-27 02:31:25
2245,Ismaning,270,Itf Men Singles,Hard (Indoor),2026-02-27 02:31:25
1722,Ismaning,271,Itf Women Singles,Hard (Indoor),2026-02-27 02:31:25
2786,Ismaning,281,Challenger Men Singles,Hard (Indoor),2026-02-27 02:31:25
2203,Istanbul,265,Atp Singles,Clay,2026-02-27 02:31:25
2275,Istanbul,266,Wta Singles,Clay,2026-02-27 02:31:25
8699,Istanbul,267,Atp Doubles,Clay,2026-02-27 02:31:25
2276,Istanbul,268,Wta Doubles,Clay,2026-02-27 02:31:25
1555,Istanbul,270,Itf Men Singles,Hard,2026-02-27 02:31:25
1290,Istanbul,271,Itf Women Singles,Hard,2026-02-27 02:31:25
2346,Istanbul,281,Challenger Men Singles,Hard,2026-02-27 02:31:25
2377,Istanbul,282,Challenger Men Doubles,Hard,2026-02-27 02:31:25
9010,Istanbul,287,Itf Women Doubles,,2026-02-27 02:31:25
2889,Istanbul 2,282,Challenger Men Doubles,Hard,2026-02-27 02:31:25
13190,Istanbul 2,287,Itf Women Doubles,Hard,2026-02-27 02:31:25
1364,Istanbul 2,271,Itf Women Singles,Hard,2026-02-27 02:31:25
2619,Istanbul 2,281,Challenger Men Singles,Hard,2026-02-27 02:31:25
1403,Istanbul 3,271,Itf Women Singles,Hard,2026-02-27 02:31:25
1433,Istanbul 4,271,Itf Women Singles,Hard,2026-02-27 02:31:25
1459,Istanbul 5,271,Itf Women Singles,Hard,2026-02-27 02:31:25
2070,Istanbul 6,271,Itf Women Singles,Hard,2026-02-27 02:31:25
1542,Istanbul 7,271,Itf Women Singles,Hard,2026-02-27 02:31:25
1731,Istanbul 8,271,Itf Women Singles,Hard (Indoor),2026-02-27 02:31:25
1802,Istanbul 9,271,Itf Women Singles,Hard (Indoor),2026-02-27 02:31:25
8952,Itajai,264,Itf Men Doubles,Clay,2026-02-27 02:31:25
2921,Itajai,270,Itf Men Singles,Clay,2026-02-27 02:31:25
2620,Itajai,281,Challenger Men Singles,Clay,2026-02-27 02:31:25
8826,Itajai,282,Challenger Men Doubles,Clay,2026-02-27 02:31:25
13617,Itajai 2,281,Challenger Men Singles,Clay,2026-02-27 02:31:25
13615,Itajai 2,282,Challenger Men Doubles,Clay,2026-02-27 02:31:25
3491,Italian Championship,283,Exhibition Men,Clay,2026-02-27 02:31:25
3490,Italian Championship,276,Exhibition Women,Clay,2026-02-27 02:31:25
3501,Italian Championship 2,276,Exhibition Women,Clay,2026-02-27 02:31:25
3500,Italian Championship 2,283,Exhibition Men,Clay,2026-02-27 02:31:25
3792,Itaparica,265,Atp Singles,Hard,2026-02-27 02:31:25
13058,Itaparica,267,Atp Doubles,Hard,2026-02-27 02:31:25
5418,ITF M15 Antalya 39 Men,264,Itf Men Doubles,Clay,2026-02-27 02:31:25
5417,ITF M15 Antalya 39 Men,270,Itf Men Singles,Clay,2026-02-27 02:31:25
5429,ITF M15 Antalya 40 Men,264,Itf Men Doubles,Clay,2026-02-27 02:31:25
5428,ITF M15 Antalya 40 Men,270,Itf Men Singles,Clay,2026-02-27 02:31:25
5457,ITF M15 Antalya 41 Men,264,Itf Men Doubles,Clay,2026-02-27 02:31:25
5451,ITF M15 Antalya 41 Men,270,Itf Men Singles,Clay,2026-02-27 02:31:25
5372,ITF M15 Antalya 42 Men,264,Itf Men Doubles,Clay,2026-02-27 02:31:25
5371,ITF M15 Antalya 42 Men,270,Itf Men Singles,Clay,2026-02-27 02:31:25
8368,ITF M15 Antalya 43 Men,264,Itf Men Doubles,Clay,2026-02-27 02:31:25
8367,ITF M15 Antalya 43 Men,270,Itf Men Singles,Clay,2026-02-27 02:31:25
5553,ITF M15 Antalya 44 Men,264,Itf Men Doubles,Clay,2026-02-27 02:31:25
5548,ITF M15 Antalya 44 Men,270,Itf Men Singles,Clay,2026-02-27 02:31:25
5431,ITF M15 Cairo 21 Men,264,Itf Men Doubles,Clay,2026-02-27 02:31:25
5458,ITF M15 Cairo 22 Men,264,Itf Men Doubles,Clay,2026-02-27 02:31:25
7774,ITF M15 Cairo 23 Men,264,Itf Men Doubles,Clay,2026-02-27 02:31:25
5554,ITF M15 Cairo 24 Men,264,Itf Men Doubles,Clay,2026-02-27 02:31:25
5577,ITF M15 Cairo 24 Men,270,Itf Men Singles,Clay,2026-02-27 02:31:25
9925,ITF M15 Caloundra 2 Men,264,Itf Men Doubles,,2026-02-27 02:31:25
9924,ITF M15 Caloundra 2 Men,270,Itf Men Singles,,2026-02-27 02:31:25
7889,ITF M15 Cancun 19 Men,264,Itf Men Doubles,Hard,2026-02-27 02:31:25
7886,ITF M15 Cancun 19 Men,270,Itf Men Singles,Hard,2026-02-27 02:31:25
7936,ITF M15 Cancun 20 Men,264,Itf Men Doubles,Hard,2026-02-27 02:31:25
7935,ITF M15 Cancun 20 Men,270,Itf Men Singles,Hard,2026-02-27 02:31:25
9796,ITF M15 Casablanca 5 Men,264,Itf Men Doubles,Clay,2026-02-27 02:31:25
9795,ITF M15 Casablanca 5 Men,270,Itf Men Singles,Clay,2026-02-27 02:31:25
8164,"ITF M15 Fayetteville, AR 2 Men",270,Itf Men Singles,,2026-02-27 02:31:25
8116,ITF M15 Heraklion 16 Men,264,Itf Men Doubles,Hard,2026-02-27 02:31:25
8115,ITF M15 Heraklion 16 Men,270,Itf Men Singles,Hard,2026-02-27 02:31:25
8178,ITF M15 Heraklion 17 Men,264,Itf Men Doubles,Hard,2026-02-27 02:31:25
8176,ITF M15 Heraklion 17 Men,270,Itf Men Singles,Hard,2026-02-27 02:31:25
12229,ITF M15 Huamantla 8 Men,264,Itf Men Doubles,Hard,2026-02-27 02:31:25
12228,ITF M15 Huamantla 8 Men,270,Itf Men Singles,Hard,2026-02-27 02:31:25
7260,ITF M15 Monastir 54 Men,264,Itf Men Doubles,Hard,2026-02-27 02:31:25
5328,ITF M15 Monastir 55 Men,264,Itf Men Doubles,Hard,2026-02-27 02:31:25
7836,ITF M15 Monastir 55 Men,270,Itf Men Singles,Hard,2026-02-27 02:31:25
5355,ITF M15 Monastir 56 Men,264,Itf Men Doubles,Hard,2026-02-27 02:31:25
8559,ITF M15 Monastir 56 Men,270,Itf Men Singles,Hard,2026-02-27 02:31:25
7508,ITF M15 Monastir 57 Men,264,Itf Men Doubles,Hard,2026-02-27 02:31:25
7518,ITF M15 Monastir 57 Men,270,Itf Men Singles,Hard,2026-02-27 02:31:25
8603,ITF M15 Monastir 58 Men,264,Itf Men Doubles,Hard,2026-02-27 02:31:25
8602,ITF M15 Monastir 58 Men,270,Itf Men Singles,Hard,2026-02-27 02:31:25
5555,ITF M15 Monastir 59 Men,264,Itf Men Doubles,Hard,2026-02-27 02:31:25
5549,ITF M15 Monastir 59 Men,270,Itf Men Singles,Hard,2026-02-27 02:31:25
8118,ITF M15 Monastir 61 Men,264,Itf Men Doubles,Hard,2026-02-27 02:31:25
8117,ITF M15 Monastir 61 Men,270,Itf Men Singles,Hard,2026-02-27 02:31:25
7769,ITF M15 Monastir 62 Men,264,Itf Men Doubles,Hard,2026-02-27 02:31:25
7768,ITF M15 Monastir 62 Men,270,Itf Men Singles,Hard,2026-02-27 02:31:25
8389,ITF M15 Monastir 66 Men,264,Itf Men Doubles,Hard,2026-02-27 02:31:25
8462,ITF M15 Monastir 70 Men,264,Itf Men Doubles,Hard,2026-02-27 02:31:25
8460,ITF M15 Monastir 70 Men,270,Itf Men Singles,Hard,2026-02-27 02:31:25
10692,ITF M15 Nakhon Si Thammarat 9 Men,264,Itf Men Doubles,Hard,2026-02-27 02:31:25
10691,ITF M15 Nakhon Si Thammarat 9 Men,270,Itf Men Singles,Hard,2026-02-27 02:31:25
12252,"ITF M15 Naples, FL 4 Men",264,Itf Men Doubles,Clay,2026-02-27 02:31:25
12250,"ITF M15 Naples, FL 4 Men",270,Itf Men Singles,Clay,2026-02-27 02:31:25
8170,ITF M15 New Delhi 3 Men,264,Itf Men Doubles,Hard,2026-02-27 02:31:25
8169,ITF M15 New Delhi 3 Men,270,Itf Men Singles,Hard,2026-02-27 02:31:25
9933,ITF M15 Novi Sad 2 Men,264,Itf Men Doubles,,2026-02-27 02:31:25
9932,ITF M15 Novi Sad 2 Men,270,Itf Men Singles,,2026-02-27 02:31:25
8126,ITF M15 Parnu 3 Men,264,Itf Men Doubles,Hard,2026-02-27 02:31:25
8125,ITF M15 Parnu 3 Men,270,Itf Men Singles,Hard,2026-02-27 02:31:25
9699,ITF M15 San Diego Men,264,Itf Men Doubles,Hard,2026-02-27 02:31:25
9698,ITF M15 San Diego Men,270,Itf Men Singles,Hard,2026-02-27 02:31:25
10453,ITF M15 Santa Cruz 3 Men,264,Itf Men Doubles,Clay,2026-02-27 02:31:25
10452,ITF M15 Santa Cruz 3 Men,270,Itf Men Singles,Clay,2026-02-27 02:31:25
8387,ITF M15 Santo Domingo 3 Men,264,Itf Men Doubles,Hard,2026-02-27 02:31:25
8385,ITF M15 Santo Domingo 3 Men,270,Itf Men Singles,Hard,2026-02-27 02:31:25
12071,ITF M15 Santo Domingo 6 Men,264,Itf Men Doubles,Hard,2026-02-27 02:31:25
12070,ITF M15 Santo Domingo 6 Men,270,Itf Men Singles,Hard,2026-02-27 02:31:25
3632,ITF M15 Setubal Men,264,Itf Men Doubles,Hard,2026-02-27 02:31:25
8061,ITF M15 Sharm ElSheikh 13 Men,270,Itf Men Singles,Hard,2026-02-27 02:31:25
4951,ITF M15 Sharm ElSheikh 16 Men,270,Itf Men Singles,Hard,2026-02-27 02:31:25
3336,ITF M15 Sharm ElSheikh 2 Men,270,Itf Men Singles,Hard,2026-02-27 02:31:25
8564,ITF M15 Sharm ElSheikh 22 Men,264,Itf Men Doubles,Hard,2026-02-27 02:31:25
10426,ITF M15 Sharm ElSheikh 22 Men,270,Itf Men Singles,Hard,2026-02-27 02:31:25
8604,ITF M15 Sharm ElSheikh 25 Men,264,Itf Men Doubles,Hard,2026-02-27 02:31:25
8642,ITF M15 Sharm ElSheikh 25 Men,270,Itf Men Singles,Hard,2026-02-27 02:31:25
9329,ITF M15 Sharm ElSheikh 26 Men,270,Itf Men Singles,Hard,2026-02-27 02:31:25
9352,ITF M15 Sharm ElSheikh 27 Men,264,Itf Men Doubles,Hard,2026-02-27 02:31:25
5343,ITF M15 Sharm ElSheikh 5 Men,264,Itf Men Doubles,Hard,2026-02-27 02:31:25
10831,ITF M15 Sharm ElSheikh 9 Men,270,Itf Men Singles,Hard,2026-02-27 02:31:25
5475,ITF M15 Shymkent 5 Men,264,Itf Men Doubles,Clay,2026-02-27 02:31:25
9770,ITF M15 South Bend 2 Men,264,Itf Men Doubles,Hard,2026-02-27 02:31:25
12079,ITF M15 Tallahassee 2 Men,264,Itf Men Doubles,Hard,2026-02-27 02:31:25
12077,ITF M15 Tallahassee 2 Men,270,Itf Men Singles,Hard,2026-02-27 02:31:25
4494,ITF M15 Warmbad Villach Men,264,Itf Men Doubles,Clay,2026-02-27 02:31:25
4492,ITF M15 Warmbad Villach Men,270,Itf Men Singles,Clay,2026-02-27 02:31:25
11437,ITF M25 Brazzaville 3 Men,264,Itf Men Doubles,Clay,2026-02-27 02:31:25
11434,ITF M25 Brazzaville 3 Men,270,Itf Men Singles,Clay,2026-02-27 02:31:25
11822,ITF M25 Cairns 3 Men,264,Itf Men Doubles,Hard,2026-02-27 02:31:25
11820,ITF M25 Cairns 3 Men,270,Itf Men Singles,Hard,2026-02-27 02:31:25
9372,ITF M25 Canberra 5 Men,264,Itf Men Doubles,Clay,2026-02-27 02:31:25
9371,ITF M25 Canberra 5 Men,270,Itf Men Singles,Clay,2026-02-27 02:31:25
12037,ITF M25 Columbus Men,264,Itf Men Doubles,Hard,2026-02-27 02:31:25
12036,ITF M25 Columbus Men,270,Itf Men Singles,Hard,2026-02-27 02:31:25
7472,ITF M25 Idanha-a-Nova 3 Men,264,Itf Men Doubles,Hard,2026-02-27 02:31:25
7471,ITF M25 Idanha-a-Nova 3 Men,270,Itf Men Singles,Hard,2026-02-27 02:31:25
12754,ITF M25 Louisville Men,264,Itf Men Doubles,Hard,2026-02-27 02:31:25
12753,ITF M25 Louisville Men,270,Itf Men Singles,Hard,2026-02-27 02:31:25
8478,"ITF M25 Malibu, CA Men",264,Itf Men Doubles,Hard,2026-02-27 02:31:25
8567,ITF M25 Monastir 12 Men,264,Itf Men Doubles,Hard,2026-02-27 02:31:25
9499,ITF M25 Nottingham 7 Men,264,Itf Men Doubles,Hard,2026-02-27 02:31:25
9498,ITF M25 Nottingham 7 Men,270,Itf Men Singles,Hard,2026-02-27 02:31:25
9530,ITF M25 Nottingham 8 Men,264,Itf Men Doubles,Hard,2026-02-27 02:31:25
9529,ITF M25 Nottingham 8 Men,270,Itf Men Singles,Hard,2026-02-27 02:31:25
7414,ITF M25 Nur-Sultan 4 Men,264,Itf Men Doubles,Hard,2026-02-27 02:31:25
7413,ITF M25 Nur-Sultan 4 Men,270,Itf Men Singles,Hard,2026-02-27 02:31:25
4306,ITF M25 Nur-Sultan Men,264,Itf Men Doubles,Hard,2026-02-27 02:31:25
4305,ITF M25 Nur-Sultan Men,270,Itf Men Singles,Hard,2026-02-27 02:31:25
12253,ITF M25 Punta del Este 3 Men,264,Itf Men Doubles,Clay,2026-02-27 02:31:25
12251,ITF M25 Punta del Este 3 Men,270,Itf Men Singles,Clay,2026-02-27 02:31:25
11438,ITF M25 Roehampton 4 Men,264,Itf Men Doubles,Hard,2026-02-27 02:31:25
11435,ITF M25 Roehampton 4 Men,270,Itf Men Singles,Hard,2026-02-27 02:31:25
9462,ITF M25 Santa Margherita di Pula 13 Men,264,Itf Men Doubles,Clay,2026-02-27 02:31:25
9516,ITF M25 Santa Margherita di Pula 15 Men,264,Itf Men Doubles,Clay,2026-02-27 02:31:25
8611,ITF M25 Santo Domingo 5 Men,270,Itf Men Singles,Hard,2026-02-27 02:31:25
7840,ITF M25 Sintra 3 Men,264,Itf Men Doubles,Hard,2026-02-27 02:31:25
7839,ITF M25 Sintra 3 Men,270,Itf Men Singles,Hard,2026-02-27 02:31:25
10690,ITF M25 Traralgon 3 Men,264,Itf Men Doubles,Hard,2026-02-27 02:31:25
10689,ITF M25 Traralgon 3 Men,270,Itf Men Singles,Hard,2026-02-27 02:31:25
9774,ITF M25 Tulsa 2 Men,264,Itf Men Doubles,Hard,2026-02-27 02:31:25
9773,ITF M25 Tulsa 2 Men,270,Itf Men Singles,Hard,2026-02-27 02:31:25
9747,ITF M25 Wichita 2 Men,270,Itf Men Singles,Hard,2026-02-27 02:31:25
9731,ITF M25 Wichita Men,264,Itf Men Doubles,Hard,2026-02-27 02:31:25
9531,ITF W100 Bonita Springs 2 Women,271,Itf Women Singles,Clay,2026-02-27 02:31:25
9532,ITF W100 Bonita Springs 2 Women,287,Itf Women Doubles,Clay,2026-02-27 02:31:25
9965,ITF W100 Landisville 2 Women,287,Itf Women Doubles,Hard,2026-02-27 02:31:25
9977,ITF W100 Landisville 2 Women,271,Itf Women Singles,Hard,2026-02-27 02:31:25
4236,ITF W15 Alkmaar 2 Women,287,Itf Women Doubles,Clay,2026-02-27 02:31:25
4333,ITF W15 Almada Women,287,Itf Women Doubles,Hard,2026-02-27 02:31:25
8122,ITF W15 Antalya 39 Women,287,Itf Women Doubles,Clay,2026-02-27 02:31:25
8121,ITF W15 Antalya 39 Women,271,Itf Women Singles,Clay,2026-02-27 02:31:25
5430,ITF W15 Antalya 40 Women,271,Itf Women Singles,Clay,2026-02-27 02:31:25
5432,ITF W15 Antalya 40 Women,287,Itf Women Doubles,Clay,2026-02-27 02:31:25
5460,ITF W15 Antalya 41 Women,287,Itf Women Doubles,Clay,2026-02-27 02:31:25
5453,ITF W15 Antalya 41 Women,271,Itf Women Singles,Clay,2026-02-27 02:31:25
8330,ITF W15 Antalya 43 Women,271,Itf Women Singles,Clay,2026-02-27 02:31:25
8335,ITF W15 Antalya 43 Women,287,Itf Women Doubles,Clay,2026-02-27 02:31:25
5557,ITF W15 Antalya 44 Women,287,Itf Women Doubles,Clay,2026-02-27 02:31:25
5551,ITF W15 Antalya 44 Women,271,Itf Women Singles,Clay,2026-02-27 02:31:25
5433,ITF W15 Cairo 21 Women,287,Itf Women Doubles,Clay,2026-02-27 02:31:25
5461,ITF W15 Cairo 22 Women,287,Itf Women Doubles,Clay,2026-02-27 02:31:25
7775,ITF W15 Cairo 23 Women,287,Itf Women Doubles,Clay,2026-02-27 02:31:25
5558,ITF W15 Cairo 24 Women,287,Itf Women Doubles,Clay,2026-02-27 02:31:25
5578,ITF W15 Cairo 24 Women,271,Itf Women Singles,Clay,2026-02-27 02:31:25
7887,ITF W15 Cancun 19 Women,271,Itf Women Singles,Hard,2026-02-27 02:31:25
7890,ITF W15 Cancun 19 Women,287,Itf Women Doubles,Hard,2026-02-27 02:31:25
7938,ITF W15 Cancun 20 Women,287,Itf Women Doubles,Hard,2026-02-27 02:31:25
7937,ITF W15 Cancun 20 Women,271,Itf Women Singles,Hard,2026-02-27 02:31:25
11980,ITF W15 Heraklion 12 Women,271,Itf Women Singles,Clay,2026-02-27 02:31:25
11981,ITF W15 Heraklion 12 Women,287,Itf Women Doubles,Clay,2026-02-27 02:31:25
8044,ITF W15 Heraklion 14 Women,287,Itf Women Doubles,Clay,2026-02-27 02:31:25
8041,ITF W15 Heraklion 14 Women,271,Itf Women Singles,Clay,2026-02-27 02:31:25
8132,ITF W15 Heraklion 16 Women,271,Itf Women Singles,Clay,2026-02-27 02:31:25
8134,ITF W15 Heraklion 16 Women,287,Itf Women Doubles,Clay,2026-02-27 02:31:25
8187,ITF W15 Heraklion 17 Women,287,Itf Women Doubles,Clay,2026-02-27 02:31:25
8184,ITF W15 Heraklion 17 Women,271,Itf Women Singles,Clay,2026-02-27 02:31:25
13445,ITF W15 Lincoln 2 Women,271,Itf Women Singles,Hard,2026-02-27 02:31:25
13446,ITF W15 Lincoln 2 Women,287,Itf Women Doubles,Hard,2026-02-27 02:31:25
8374,ITF W15 Lousada 3 Women,287,Itf Women Doubles,Hard,2026-02-27 02:31:25
8373,ITF W15 Lousada 3 Women,271,Itf Women Singles,Hard,2026-02-27 02:31:25
3780,ITF W15 Lousada Women,287,Itf Women Doubles,Hard,2026-02-27 02:31:25
8601,ITF W15 Manacor 5 Women,287,Itf Women Doubles,Hard,2026-02-27 02:31:25
8600,ITF W15 Manacor 5 Women,271,Itf Women Singles,Hard,2026-02-27 02:31:25
9308,ITF W15 Manacor 6 Women,287,Itf Women Doubles,Hard,2026-02-27 02:31:25
8565,ITF W15 Monastir 51 Women,287,Itf Women Doubles,Hard,2026-02-27 02:31:25
8599,ITF W15 Monastir 53 Women,271,Itf Women Singles,Hard,2026-02-27 02:31:25
9356,ITF W15 Monastir 54 Women,271,Itf Women Singles,Hard,2026-02-27 02:31:25
9355,ITF W15 Monastir 54 Women,287,Itf Women Doubles,Hard,2026-02-27 02:31:25
5329,ITF W15 Monastir 55 Women,287,Itf Women Doubles,Hard,2026-02-27 02:31:25
5356,ITF W15 Monastir 56 Women,287,Itf Women Doubles,Hard,2026-02-27 02:31:25
5552,ITF W15 Monastir 56 Women,271,Itf Women Singles,Hard,2026-02-27 02:31:25
8135,ITF W15 Monastir 61 Women,287,Itf Women Doubles,Hard,2026-02-27 02:31:25
7765,ITF W15 Monastir 62 Women,287,Itf Women Doubles,Hard,2026-02-27 02:31:25
7764,ITF W15 Monastir 62 Women,271,Itf Women Singles,Hard,2026-02-27 02:31:25
8390,ITF W15 Monastir 66 Women,287,Itf Women Doubles,Hard,2026-02-27 02:31:25
8463,ITF W15 Monastir 68 Women,287,Itf Women Doubles,Hard,2026-02-27 02:31:25
8461,ITF W15 Monastir 68 Women,271,Itf Women Singles,Hard,2026-02-27 02:31:25
10686,ITF W15 Nakhon Si Thammarat 6 Women,271,Itf Women Singles,Hard,2026-02-27 02:31:25
10688,ITF W15 Nakhon Si Thammarat 6 Women,287,Itf Women Doubles,Hard,2026-02-27 02:31:25
9696,ITF W15 San Diego 3 Women,287,Itf Women Doubles,Hard,2026-02-27 02:31:25
9695,ITF W15 San Diego 3 Women,271,Itf Women Singles,Hard,2026-02-27 02:31:25
8386,ITF W15 Santo Domingo 3 Women,271,Itf Women Singles,Hard,2026-02-27 02:31:25
8388,ITF W15 Santo Domingo 3 Women,287,Itf Women Doubles,Hard,2026-02-27 02:31:25
8123,ITF W15 Sharm ElSheikh 15 Women,271,Itf Women Singles,Hard,2026-02-27 02:31:25
8332,ITF W15 Sharm ElSheikh 17 Women,271,Itf Women Singles,Hard,2026-02-27 02:31:25
8566,ITF W15 Sharm ElSheikh 22 Women,287,Itf Women Doubles,Hard,2026-02-27 02:31:25
8605,ITF W15 Sharm ElSheikh 24 Women,287,Itf Women Doubles,Hard,2026-02-27 02:31:25
9357,ITF W15 Sharm ElSheikh 26 Women,287,Itf Women Doubles,Hard,2026-02-27 02:31:25
8643,ITF W15 Sharm ElSheikh 26 Women,271,Itf Women Singles,Hard,2026-02-27 02:31:25
9331,ITF W15 Sharm ElSheikh 27 Women,271,Itf Women Singles,Hard,2026-02-27 02:31:25
8583,ITF W15 Sharm ElSheikh 3 Women,287,Itf Women Doubles,Hard,2026-02-27 02:31:25
9335,ITF W15 Sharm ElSheikh 5 Women,271,Itf Women Singles,,2026-02-27 02:31:25
5476,ITF W15 Shymkent 7 Women,287,Itf Women Doubles,Clay,2026-02-27 02:31:25
8234,ITF W15 Solarino 4 Women,287,Itf Women Doubles,Hard,2026-02-27 02:31:25
8233,ITF W15 Solarino 4 Women,271,Itf Women Singles,Hard,2026-02-27 02:31:25
8282,ITF W15 Solarino 5 Women,271,Itf Women Singles,Hard,2026-02-27 02:31:25
8283,ITF W15 Solarino 5 Women,287,Itf Women Doubles,Hard,2026-02-27 02:31:25
11414,ITF W15 Tbilisi 3 Women,271,Itf Women Singles,Hard,2026-02-27 02:31:25
8501,ITF W25 Buenos Aires 2 Women,271,Itf Women Singles,,2026-02-27 02:31:25
4143,ITF W25 Kazan 3 Women,287,Itf Women Doubles,Hard,2026-02-27 02:31:25
7929,ITF W25 Otocec 3 Women,287,Itf Women Doubles,Clay,2026-02-27 02:31:25
9973,ITF W25 Roehampton 3 Women,287,Itf Women Doubles,Hard,2026-02-27 02:31:25
9970,ITF W25 Roehampton 3 Women,271,Itf Women Singles,Hard,2026-02-27 02:31:25
4593,ITF W25 Saint-Palais-sur-Mer Women,271,Itf Women Singles,Clay,2026-02-27 02:31:25
4594,ITF W25 Saint-Palais-sur-Mer Women,287,Itf Women Doubles,Clay,2026-02-27 02:31:25
10196,ITF W25 Santa Margherita di Pula 12 Women,287,Itf Women Doubles,Clay,2026-02-27 02:31:25
10194,ITF W25 Santa Margherita di Pula 12 Women,271,Itf Women Singles,Clay,2026-02-27 02:31:25
9520,ITF W25 Santa Margherita di Pula 15 Women,271,Itf Women Singles,Clay,2026-02-27 02:31:25
9525,ITF W25 Santa Margherita di Pula 15 Women,287,Itf Women Doubles,Clay,2026-02-27 02:31:25
9461,ITF W25 Sharm ElSheikh 5 Women,287,Itf Women Doubles,Hard,2026-02-27 02:31:25
10336,ITF W25 Sunderland Women,287,Itf Women Doubles,Hard (Indoor),2026-02-27 02:31:25
8185,ITF W25 Trnava 3 Women,271,Itf Women Singles,Hard,2026-02-27 02:31:25
9767,ITF W25 Wichita 2 Women,287,Itf Women Doubles,Hard,2026-02-27 02:31:25
4709,ITF W25+H Cherbourg En Cotentin Women,287,Itf Women Doubles,Hard,2026-02-27 02:31:25
4708,ITF W25+H Cherbourg En Cotentin Women,271,Itf Women Singles,Hard,2026-02-27 02:31:25
7337,ITF W25+H Palma del Rio Women,271,Itf Women Singles,,2026-02-27 02:31:25
7375,ITF W60 Ceska Lipa Women,271,Itf Women Singles,Clay,2026-02-27 02:31:25
2192,"ITF W60 Macon, GA Women",271,Itf Women Singles,Hard,2026-02-27 02:31:25
10335,ITF W60 Sydney Women,271,Itf Women Singles,Hard,2026-02-27 02:31:25
8182,ITF W60 Sydney Women,287,Itf Women Doubles,Hard,2026-02-27 02:31:25
12830,ITF W75 Lexington 2 Women,287,Itf Women Doubles,Hard,2026-02-27 02:31:25
12829,ITF W75 Lexington 2 Women,271,Itf Women Singles,Hard,2026-02-27 02:31:25
11289,ITF W75 Rome 2 Women,271,Itf Women Singles,Clay,2026-02-27 02:31:25
11290,ITF W75 Rome 2 Women,287,Itf Women Doubles,Clay,2026-02-27 02:31:25
3651,ITF W80 Macon Women,287,Itf Women Doubles,Hard,2026-02-27 02:31:25
13153,Ixtapa,264,Itf Men Doubles,Hard,2026-02-27 02:31:25
1829,Ixtapa,270,Itf Men Singles,Hard,2026-02-27 02:31:25
8953,Izmir,264,Itf Men Doubles,Clay,2026-02-27 02:31:25
2922,Izmir,270,Itf Men Singles,Clay,2026-02-27 02:31:25
1307,Izmir,271,Itf Women Singles,Hard,2026-02-27 02:31:25
2347,Izmir,281,Challenger Men Singles,Hard,2026-02-27 02:31:25
8724,Izmir,282,Challenger Men Doubles,Hard,2026-02-27 02:31:25
8954,Izmir 2,264,Itf Men Doubles,Clay,2026-02-27 02:31:25
2923,Izmir 2,270,Itf Men Singles,Clay,2026-02-27 02:31:25
13154,Izmir 3,264,Itf Men Doubles,Clay,2026-02-27 02:31:25
2924,Izmir 3,270,Itf Men Singles,Clay,2026-02-27 02:31:25
1310,Jablonec nad Nisou,270,Itf Men Singles,Clay,2026-02-27 02:31:25
1350,Jablonec nad Nisou,271,Itf Women Singles,Clay,2026-02-27 02:31:25
1769,Jablonec nad Nisou 2,270,Itf Men Singles,Hard (Indoor),2026-02-27 02:31:25
1958,Jackson,271,Itf Women Singles,Clay,2026-02-27 02:31:25
13191,Jackson,287,Itf Women Doubles,Clay,2026-02-27 02:31:25
13192,Jakarta,287,Itf Women Doubles,Hard,2026-02-27 02:31:25
3674,Jakarta,265,Atp Singles,Hard,2026-02-27 02:31:25
3740,Jakarta,266,Wta Singles,Hard,2026-02-27 02:31:25
9164,Jakarta,267,Atp Doubles,Hard,2026-02-27 02:31:25
9223,Jakarta,268,Wta Doubles,Hard,2026-02-27 02:31:25
1394,Jakarta,270,Itf Men Singles,Hard,2026-02-27 02:31:25
2987,Jakarta,271,Itf Women Singles,Hard,2026-02-27 02:31:25
1794,Jakarta 2,270,Itf Men Singles,Hard,2026-02-27 02:31:25
1787,Jakarta 2,271,Itf Women Singles,Hard,2026-02-27 02:31:25
1786,Jakarta 3,270,Itf Men Singles,Hard,2026-02-27 02:31:25
2717,Javea,270,Itf Men Singles,Clay,2026-02-27 02:31:25
2855,Jersey,281,Challenger Men Singles,Hard,2026-02-27 02:31:25
3126,Jerusalem,281,Challenger Men Singles,Hard,2026-02-27 02:31:25
9064,Jerusalem,282,Challenger Men Doubles,Hard,2026-02-27 02:31:25
8886,Jinan,282,Challenger Men Doubles,Hard,2026-02-27 02:31:25
3063,Jinan,271,Itf Women Singles,Hard,2026-02-27 02:31:25
13336,Jinan,272,Challenger Women Singles,Hard,2026-02-27 02:31:25
13341,Jinan,275,Challenger Women Doubles,Hard,2026-02-27 02:31:25
2770,Jinan,281,Challenger Men Singles,Hard,2026-02-27 02:31:25
13250,Jingshan,272,Challenger Women Singles,Hard,2026-02-27 02:31:25
13258,Jingshan,275,Challenger Women Doubles,Hard,2026-02-27 02:31:25
13259,Jingshan,281,Challenger Men Singles,Hard,2026-02-27 02:31:25
13260,Jingshan,282,Challenger Men Doubles,Hard,2026-02-27 02:31:25
11933,Jiujiang,266,Wta Singles,Hard,2026-02-27 02:31:25
11936,Jiujiang,268,Wta Doubles,Hard,2026-02-27 02:31:25
2822,Johannesburg,265,Atp Singles,Hard,2026-02-27 02:31:25
8901,Johannesburg,267,Atp Doubles,Hard,2026-02-27 02:31:25
2548,Johannesburg,281,Challenger Men Singles,Hard,2026-02-27 02:31:25
8848,Johannesburg,282,Challenger Men Doubles,Hard,2026-02-27 02:31:25
13033,Jonkoping,282,Challenger Men Doubles,Hard (Indoor),2026-02-27 02:31:25
1657,Jonkoping,270,Itf Men Singles,Hard (Indoor),2026-02-27 02:31:25
2503,Jonkoping,281,Challenger Men Singles,Hard (Indoor),2026-02-27 02:31:25
1461,Joplin,270,Itf Men Singles,Hard,2026-02-27 02:31:25
2185,Joue-Les-Tours,271,Itf Women Singles,Hard (Indoor),2026-02-27 02:31:25
1568,Juiz de Fora,270,Itf Men Singles,Clay,2026-02-27 02:31:25
1407,Jundiai,270,Itf Men Singles,Clay,2026-02-27 02:31:25
3151,Jurmala,266,Wta Singles,Clay,2026-02-27 02:31:25
9067,Jurmala,268,Wta Doubles,Clay,2026-02-27 02:31:25
8711,Kaarst,264,Itf Men Doubles,Hard,2026-02-27 02:31:25
1833,Kaarst,270,Itf Men Singles,Hard (Indoor),2026-02-27 02:31:25
1834,Kaarst,271,Itf Women Singles,Hard (Indoor),2026-02-27 02:31:25
11032,Kachreti,281,Challenger Men Singles,Hard,2026-02-27 02:31:25
11033,Kachreti,282,Challenger Men Doubles,Hard,2026-02-27 02:31:25
1654,Kalamata,271,Itf Women Singles,Hard,2026-02-27 02:31:25
8955,Kalgoorlie,264,Itf Men Doubles,Hard,2026-02-27 02:31:25
2925,Kalgoorlie,270,Itf Men Singles,Hard,2026-02-27 02:31:25
2791,Kalgoorlie,271,Itf Women Singles,Hard,2026-02-27 02:31:25
13133,Kalgoorlie,287,Itf Women Doubles,Hard,2026-02-27 02:31:25
2292,Kaltenkirchen,270,Itf Men Singles,Clay,2026-02-27 02:31:25
2294,Kamen,270,Itf Men Singles,Clay,2026-02-27 02:31:25
2988,Kansas,271,Itf Women Singles,Hard,2026-02-27 02:31:25
13193,Kansas,287,Itf Women Doubles,Hard,2026-02-27 02:31:25
8888,Kaohsiung,282,Challenger Men Doubles,Hard (Indoor),2026-02-27 02:31:25
13124,Kaohsiung,264,Itf Men Doubles,Hard,2026-02-27 02:31:25
2699,Kaohsiung,270,Itf Men Singles,Hard,2026-02-27 02:31:25
2782,Kaohsiung,281,Challenger Men Singles,Hard (Indoor),2026-02-27 02:31:25
13155,Kaohsiung 2,264,Itf Men Doubles,Hard,2026-02-27 02:31:25
2698,Kaohsiung 2,270,Itf Men Singles,Hard,2026-02-27 02:31:25
8710,Karlskrona,264,Itf Men Doubles,Clay,2026-02-27 02:31:25
2323,Karlskrona,270,Itf Men Singles,Clay,2026-02-27 02:31:25
3152,Karlsruhe,272,Challenger Women Singles,Clay,2026-02-27 02:31:25
3153,Karlsruhe,275,Challenger Women Doubles,Clay,2026-02-27 02:31:25
9815,Karlsruhe,281,Challenger Men Singles,Clay,2026-02-27 02:31:25
9814,Karlsruhe,282,Challenger Men Doubles,Clay,2026-02-27 02:31:25
8956,Karlsruher,264,Itf Men Doubles,Clay,2026-02-27 02:31:25
1543,Karlsruher,270,Itf Men Singles,Clay,2026-02-27 02:31:25
2856,Karlsruher,281,Challenger Men Singles,Clay,2026-02-27 02:31:25
2450,Karshi,281,Challenger Men Singles,Hard,2026-02-27 02:31:25
8753,Karshi,282,Challenger Men Doubles,Hard,2026-02-27 02:31:25
2043,Karuizawa,270,Itf Men Singles,Clay,2026-02-27 02:31:25
1304,Karuizawa,271,Itf Women Singles,Grass,2026-02-27 02:31:25
1673,Kashiwa,270,Itf Men Singles,Hard,2026-02-27 02:31:25
1416,Kassel,270,Itf Men Singles,Clay,2026-02-27 02:31:25
2136,Katowice,266,Wta Singles,Hard (Indoor),2026-02-27 02:31:25
8691,Katowice,268,Wta Doubles,Hard (Indoor),2026-02-27 02:31:25
2083,Kazan,271,Itf Women Singles,Hard,2026-02-27 02:31:25
2425,Kazan,281,Challenger Men Singles,Hard (Indoor),2026-02-27 02:31:25
8746,Kazan,282,Challenger Men Doubles,Hard (Indoor),2026-02-27 02:31:25
13039,Kazan 2,282,Challenger Men Doubles,Hard (Indoor),2026-02-27 02:31:25
2024,Kazan 2,270,Itf Men Singles,Clay,2026-02-27 02:31:25
2086,Kazan 2,271,Itf Women Singles,Hard,2026-02-27 02:31:25
2621,Kazan 2,281,Challenger Men Singles,Hard (Indoor),2026-02-27 02:31:25
13101,Kempten,264,Itf Men Doubles,Clay,2026-02-27 02:31:25
2324,Kempten,270,Itf Men Singles,Clay,2026-02-27 02:31:25
2348,Kenitra,281,Challenger Men Singles,Clay,2026-02-27 02:31:25
8734,Kenitra,282,Challenger Men Doubles,Clay,2026-02-27 02:31:25
1576,Kenn,270,Itf Men Singles,Clay,2026-02-27 02:31:25
3043,Khimki,271,Itf Women Singles,Hard (Indoor),2026-02-27 02:31:25
1772,Kigali,270,Itf Men Singles,Clay,2026-02-27 02:31:25
10679,Kigali,281,Challenger Men Singles,Clay,2026-02-27 02:31:25
10678,Kigali,282,Challenger Men Doubles,Clay,2026-02-27 02:31:25
10714,Kigali 2,282,Challenger Men Doubles,Clay,2026-02-27 02:31:25
1781,Kigali 2,270,Itf Men Singles,Clay,2026-02-27 02:31:25
10713,Kigali 2,281,Challenger Men Singles,Clay,2026-02-27 02:31:25
1476,Kikinda,270,Itf Men Singles,Clay,2026-02-27 02:31:25
2240,Kirkland,271,Itf Women Singles,Hard,2026-02-27 02:31:25
1205,Kitzbuhel,265,Atp Singles,clay,2026-02-27 02:31:25
1206,Kitzbuhel,267,Atp Doubles,clay,2026-02-27 02:31:25
2857,Kitzbuhel,281,Challenger Men Singles,,2026-02-27 02:31:25
1451,Knokke,271,Itf Women Singles,Clay,2026-02-27 02:31:25
3741,Knokke-Heist,266,Wta Singles,Clay,2026-02-27 02:31:25
9224,Knokke-Heist,268,Wta Doubles,Clay,2026-02-27 02:31:25
2443,Knoxville,281,Challenger Men Singles,Hard (Indoor),2026-02-27 02:31:25
2444,Knoxville,282,Challenger Men Doubles,Hard (Indoor),2026-02-27 02:31:25
8255,Kobe,282,Challenger Men Doubles,Hard (Indoor),2026-02-27 02:31:25
2524,Kobe,281,Challenger Men Singles,Hard (Indoor),2026-02-27 02:31:25
2701,Koblenz,281,Challenger Men Singles,Hard (Indoor),2026-02-27 02:31:25
8536,Koblenz,282,Challenger Men Doubles,Hard (Indoor),2026-02-27 02:31:25
1376,Koeln,270,Itf Men Singles,Clay,2026-02-27 02:31:25
1377,Koeln,271,Itf Women Singles,Clay,2026-02-27 02:31:25
1943,Kofu,270,Itf Men Singles,Hard,2026-02-27 02:31:25
1930,Kofu,271,Itf Women Singles,Hard,2026-02-27 02:31:25
13156,Koksijde,264,Itf Men Doubles,Clay,2026-02-27 02:31:25
2926,Koksijde,270,Itf Men Singles,Clay,2026-02-27 02:31:25
1510,Koksijde,271,Itf Women Singles,Clay,2026-02-27 02:31:25
8868,Kolkata,264,Itf Men Doubles,Clay,2026-02-27 02:31:25
3742,Kolkata,266,Wta Singles,Hard (Indoor),2026-02-27 02:31:25
9225,Kolkata,268,Wta Doubles,Hard (Indoor),2026-02-27 02:31:25
2927,Kolkata,270,Itf Men Singles,Clay,2026-02-27 02:31:25
2486,Kolkata,281,Challenger Men Singles,Hard,2026-02-27 02:31:25
8867,Kolkata,282,Challenger Men Doubles,Hard,2026-02-27 02:31:25
13607,Kooyong,283,Exhibition Men,Hard,2026-02-27 02:31:25
13608,Kooyong,276,Exhibition Women,Hard,2026-02-27 02:31:25
2858,Korat,281,Challenger Men Singles,Hard,2026-02-27 02:31:25
2569,Kosice,281,Challenger Men Singles,Clay,2026-02-27 02:31:25
8818,Kosice,282,Challenger Men Doubles,Clay,2026-02-27 02:31:25
8957,Kotka,264,Itf Men Doubles,Clay,2026-02-27 02:31:25
1535,Kotka,270,Itf Men Singles,Clay,2026-02-27 02:31:25
1457,Kramsach,270,Itf Men Singles,Clay,2026-02-27 02:31:25
1874,Kreuzlingen,271,Itf Women Singles,Hard (Indoor),2026-02-27 02:31:25
1362,Kristinehamn,271,Itf Women Singles,Clay,2026-02-27 02:31:25
1635,Kuala Lumpur,265,Atp Singles,Hard (Indoor),2026-02-27 02:31:25
1884,Kuala Lumpur,266,Wta Singles,Hard,2026-02-27 02:31:25
8652,Kuala Lumpur,267,Atp Doubles,Hard,2026-02-27 02:31:25
8665,Kuala Lumpur,268,Wta Doubles,Hard,2026-02-27 02:31:25
3675,Kuala Lumpur 2,265,Atp Singles,Hard,2026-02-27 02:31:25
9165,Kuala Lumpur 2,267,Atp Doubles,Hard,2026-02-27 02:31:25
2622,Kun-Ming,281,Challenger Men Singles,Hard,2026-02-27 02:31:25
13046,Kun-Ming,282,Challenger Men Doubles,Hard,2026-02-27 02:31:25
2751,Kurume,271,Itf Women Singles,Hard,2026-02-27 02:31:25
4578,Kyiv,281,Challenger Men Singles,Clay,2026-02-27 02:31:25
4580,Kyiv,282,Challenger Men Doubles,Clay,2026-02-27 02:31:25
8776,Kyoto,282,Challenger Men Doubles,Hard (Indoor),2026-02-27 02:31:25
1598,Kyoto,271,Itf Women Singles,Hard (Indoor),2026-02-27 02:31:25
2413,Kyoto,281,Challenger Men Singles,Hard (Indoor),2026-02-27 02:31:25
3052,L'Aquila,281,Challenger Men Singles,Clay,2026-02-27 02:31:25
9051,L'Aquila,282,Challenger Men Doubles,Clay,2026-02-27 02:31:25
3125,La Bisbal D'Emporda,271,Itf Women Singles,Clay,2026-02-27 02:31:25
9666,La Bisbal D'Emporda,272,Challenger Women Singles,Clay,2026-02-27 02:31:25
9680,La Bisbal D'Emporda,275,Challenger Women Doubles,Clay,2026-02-27 02:31:25
1964,La Marsa,271,Itf Women Singles,Clay,2026-02-27 02:31:25
9011,La Marsa,287,Itf Women Doubles,Clay,2026-02-27 02:31:25
13127,La Paz,264,Itf Men Doubles,Clay,2026-02-27 02:31:25
1661,La Paz,270,Itf Men Singles,Clay,2026-02-27 02:31:25
1470,La Paz,271,Itf Women Singles,Clay,2026-02-27 02:31:25
1587,La Rioja,270,Itf Men Singles,Clay,2026-02-27 02:31:25
1704,La Roche-Sur-Yon,270,Itf Men Singles,Hard (Indoor),2026-02-27 02:31:25
1491,La Spezia,270,Itf Men Singles,Clay,2026-02-27 02:31:25
8827,Lages,264,Itf Men Doubles,Clay,2026-02-27 02:31:25
2675,Lages,270,Itf Men Singles,Clay,2026-02-27 02:31:25
8801,Laguna Niguel,264,Itf Men Doubles,Hard,2026-02-27 02:31:25
2095,Laguna Niguel,270,Itf Men Singles,Hard,2026-02-27 02:31:25
3064,Landisville,271,Itf Women Singles,Hard,2026-02-27 02:31:25
9369,Las Franquesas del Valles,281,Challenger Men Singles,Hard,2026-02-27 02:31:25
9370,Las Franquesas del Valles,282,Challenger Men Doubles,Hard,2026-02-27 02:31:25
3121,Las Palmas,270,Itf Men Singles,Clay,2026-02-27 02:31:25
3123,Las Palmas 2,270,Itf Men Singles,Clay,2026-02-27 02:31:25
3676,Las Vegas,265,Atp Singles,Hard,2026-02-27 02:31:25
9166,Las Vegas,267,Atp Doubles,Hard,2026-02-27 02:31:25
1650,Las Vegas,271,Itf Women Singles,Hard,2026-02-27 02:31:25
2366,Las Vegas,281,Challenger Men Singles,Hard,2026-02-27 02:31:25
2370,Las Vegas,282,Challenger Men Doubles,Hard,2026-02-27 02:31:25
2526,Latina,270,Itf Men Singles,Clay,2026-02-27 02:31:25
2508,Launceston,281,Challenger Men Singles,Hard,2026-02-27 02:31:25
8775,Launceston,282,Challenger Men Doubles,Hard,2026-02-27 02:31:25
3147,Lausanne,266,Wta Singles,Clay,2026-02-27 02:31:25
3149,Lausanne,268,Wta Doubles,Clay,2026-02-27 02:31:25
3173,Laver Cup,285,Teams Men,,2026-02-27 02:31:25
8788,Le Gosier,282,Challenger Men Doubles,Hard,2026-02-27 02:31:25
2547,Le Gosier,281,Challenger Men Singles,Hard,2026-02-27 02:31:25
1919,Le Havre,271,Itf Women Singles,Clay (Indoor),2026-02-27 02:31:25
9012,Le Havre,287,Itf Women Doubles,Clay,2026-02-27 02:31:25
2209,Lecco,270,Itf Men Singles,Clay,2026-02-27 02:31:25
1567,Legnica,270,Itf Men Singles,Clay,2026-02-27 02:31:25
1664,Leimen,270,Itf Men Singles,Hard (Indoor),2026-02-27 02:31:25
1862,Leimen,271,Itf Women Singles,Hard (Indoor),2026-02-27 02:31:25
3743,Leipzig,266,Wta Singles,Hard (Indoor),2026-02-27 02:31:25
9226,Leipzig,268,Wta Doubles,Hard (Indoor),2026-02-27 02:31:25
1372,Lenzerheide,271,Itf Women Singles,Clay,2026-02-27 02:31:25
2570,Leon,281,Challenger Men Singles,Hard,2026-02-27 02:31:25
8758,Leon,282,Challenger Men Doubles,Hard,2026-02-27 02:31:25
13047,Lermontov,282,Challenger Men Doubles,Clay,2026-02-27 02:31:25
2571,Lermontov,281,Challenger Men Singles,Clay,2026-02-27 02:31:25
1465,Les Contamines-Montjoie,271,Itf Women Singles,Hard,2026-02-27 02:31:25
1992,Les Franqueses Del Valles,270,Itf Men Singles,Hard,2026-02-27 02:31:25
1987,Les Franqueses Del Valles,271,Itf Women Singles,Hard,2026-02-27 02:31:25
13667,Les Sables d'Olonne,272,Challenger Women Singles,Hard (Indoor),2026-02-27 02:31:25
13682,Les Sables d'Olonne,275,Challenger Women Doubles,Hard (Indoor),2026-02-27 02:31:25
3551,Lexington,266,Wta Singles,Hard,2026-02-27 02:31:25
9133,Lexington,268,Wta Doubles,Hard,2026-02-27 02:31:25
1478,Lexington,271,Itf Women Singles,Hard,2026-02-27 02:31:25
2410,Lexington,281,Challenger Men Singles,Hard,2026-02-27 02:31:25
2442,Lexington,282,Challenger Men Doubles,Hard,2026-02-27 02:31:25
2382,Liberec,282,Challenger Men Doubles,Clay,2026-02-27 02:31:25
2380,Liberec,281,Challenger Men Singles,Clay,2026-02-27 02:31:25
3542,Liberec Open,276,Exhibition Women,Clay,2026-02-27 02:31:25
3541,Liberec Open,283,Exhibition Men,Clay,2026-02-27 02:31:25
13157,Liemen,264,Itf Men Doubles,Hard,2026-02-27 02:31:25
13158,Lille,264,Itf Men Doubles,Hard,2026-02-27 02:31:25
1895,Lille,270,Itf Men Singles,Hard (Indoor),2026-02-27 02:31:25
2816,Lille,281,Challenger Men Singles,Hard (Indoor),2026-02-27 02:31:25
2817,Lille,282,Challenger Men Doubles,Hard (Indoor),2026-02-27 02:31:25
2481,Lima,282,Challenger Men Doubles,Clay,2026-02-27 02:31:25
1327,Lima,270,Itf Men Singles,Clay,2026-02-27 02:31:25
1825,Lima,271,Itf Women Singles,Clay,2026-02-27 02:31:25
2473,Lima,281,Challenger Men Singles,Clay,2026-02-27 02:31:25
1391,Lima 2,270,Itf Men Singles,Clay,2026-02-27 02:31:25
4819,Lima 2,281,Challenger Men Singles,Clay,2026-02-27 02:31:25
4820,Lima 2,282,Challenger Men Doubles,Clay,2026-02-27 02:31:25
13417,Lima 3,281,Challenger Men Singles,Clay,2026-02-27 02:31:25
13418,Lima 3,282,Challenger Men Doubles,Clay,2026-02-27 02:31:25
1699,Limoges,271,Itf Women Singles,Hard (Indoor),2026-02-27 02:31:25
2249,Limoges,272,Challenger Women Singles,Hard (Indoor),2026-02-27 02:31:25
2251,Limoges,275,Challenger Women Doubles,Hard (Indoor),2026-02-27 02:31:25
11405,Lincoln,281,Challenger Men Singles,Hard,2026-02-27 02:31:25
11404,Lincoln,282,Challenger Men Doubles,Hard,2026-02-27 02:31:25
9013,Linkoping,287,Itf Women Doubles,Hard,2026-02-27 02:31:25
1859,Linkoping,271,Itf Women Singles,Hard (Indoor),2026-02-27 02:31:25
1763,Lins,270,Itf Men Singles,Clay,2026-02-27 02:31:25
1668,Linz,266,Wta Singles,Hard (Indoor),2026-02-27 02:31:25
1669,Linz,268,Wta Doubles,Hard (Indoor),2026-02-27 02:31:25
2756,Lisbon,281,Challenger Men Singles,Clay,2026-02-27 02:31:25
2759,Lisbon,282,Challenger Men Doubles,Clay,2026-02-27 02:31:25
2048,Litija,270,Itf Men Singles,Clay,2026-02-27 02:31:25
1975,Little Rock,270,Itf Men Singles,Hard,2026-02-27 02:31:25
3130,Little Rock,281,Challenger Men Singles,Hard,2026-02-27 02:31:25
3131,Little Rock,282,Challenger Men Doubles,Hard,2026-02-27 02:31:25
9056,Liuzhou,282,Challenger Men Doubles,Hard,2026-02-27 02:31:25
2494,Liuzhou,271,Itf Women Singles,Hard,2026-02-27 02:31:25
3085,Liuzhou,281,Challenger Men Singles,Hard,2026-02-27 02:31:25
3487,LiveScore Cup,276,Exhibition Women,Clay,2026-02-27 02:31:25
2205,Livesport Prague Open,266,Wta Singles,Clay,2026-02-27 02:31:25
2206,Livesport Prague Open,268,Wta Doubles,Clay,2026-02-27 02:31:25
2232,Livesport Prague Open,271,Itf Women Singles,Clay,2026-02-27 02:31:25
8702,Livesport Prague Open,287,Itf Women Doubles,Clay,2026-02-27 02:31:25
8912,Ljubljana,282,Challenger Men Doubles,Clay,2026-02-27 02:31:25
10123,Ljubljana,272,Challenger Women Singles,Clay,2026-02-27 02:31:25
10122,Ljubljana,275,Challenger Women Doubles,Clay,2026-02-27 02:31:25
2859,Ljubljana,281,Challenger Men Singles,Clay,2026-02-27 02:31:25
1273,Lleida,270,Itf Men Singles,Clay,2026-02-27 02:31:25
1610,Lleida,271,Itf Women Singles,Clay,2026-02-27 02:31:25
10938,Lleida,272,Challenger Women Singles,Clay,2026-02-27 02:31:25
10946,Lleida,275,Challenger Women Doubles,Clay,2026-02-27 02:31:25
1537,Locri,271,Itf Women Singles,Clay,2026-02-27 02:31:25
2211,Lodi,270,Itf Men Singles,Clay,2026-02-27 02:31:25
13108,London,264,Itf Men Doubles,Hard,2026-02-27 02:31:25
2042,London,265,Atp Singles,Grass,2026-02-27 02:31:25
12571,London,266,Wta Singles,Grass,2026-02-27 02:31:25
1340,London,267,Atp Doubles,Grass,2026-02-27 02:31:25
12573,London,268,Wta Doubles,Grass,2026-02-27 02:31:25
2176,London,270,Itf Men Singles,Hard,2026-02-27 02:31:25
1593,London - Roehampton,270,Itf Men Singles,Hard,2026-02-27 02:31:25
2197,Long Beach,270,Itf Men Singles,Hard,2026-02-27 02:31:25
3677,Long Island,265,Atp Singles,Hard,2026-02-27 02:31:25
9167,Long Island,267,Atp Doubles,Hard,2026-02-27 02:31:25
1514,Lorena,270,Itf Men Singles,Clay,2026-02-27 02:31:25
1528,Los Angeles,265,Atp Singles,Hard,2026-02-27 02:31:25
3167,Los Angeles,266,Wta Singles,Hard,2026-02-27 02:31:25
8644,Los Angeles,267,Atp Doubles,hard,2026-02-27 02:31:25
9227,Los Angeles,268,Wta Doubles,Hard,2026-02-27 02:31:25
2305,Los Cabos,265,Atp Singles,Hard,2026-02-27 02:31:25
2306,Los Cabos,267,Atp Doubles,Hard,2026-02-27 02:31:25
4779,Losinj,281,Challenger Men Singles,Clay,2026-02-27 02:31:25
4780,Losinj,282,Challenger Men Doubles,Clay,2026-02-27 02:31:25
8913,Loughborough,282,Challenger Men Doubles,Hard (Indoor),2026-02-27 02:31:25
2103,Loughborough,270,Itf Men Singles,Hard (Indoor),2026-02-27 02:31:25
2572,Loughborough,281,Challenger Men Singles,Hard (Indoor),2026-02-27 02:31:25
8958,Loule,264,Itf Men Doubles,Hard,2026-02-27 02:31:25
1893,Loule,270,Itf Men Singles,Hard,2026-02-27 02:31:25
2755,Luan,271,Itf Women Singles,Hard,2026-02-27 02:31:25
3744,Lucerne,266,Wta Singles,Clay,2026-02-27 02:31:25
3771,Lucerne,268,Wta Doubles,Clay,2026-02-27 02:31:25
3140,Ludwigshafen,281,Challenger Men Singles,Clay,2026-02-27 02:31:25
9066,Ludwigshafen,282,Challenger Men Doubles,Clay,2026-02-27 02:31:25
4465,Luedenscheid,282,Challenger Men Doubles,Clay,2026-02-27 02:31:25
4464,Luedenscheid,281,Challenger Men Singles,Clay,2026-02-27 02:31:25
3037,Lugano,266,Wta Singles,Clay,2026-02-27 02:31:25
9047,Lugano,268,Wta Doubles,Clay,2026-02-27 02:31:25
2860,Lugano,281,Challenger Men Singles,Clay,2026-02-27 02:31:25
3963,Lugano,282,Challenger Men Doubles,Hard (Indoor),2026-02-27 02:31:25
1687,Luxembourg,266,Wta Singles,Hard (Indoor),2026-02-27 02:31:25
1689,Luxembourg,268,Wta Doubles,Hard (Indoor),2026-02-27 02:31:25
2752,Lyon,265,Atp Singles,Clay,2026-02-27 02:31:25
3419,Lyon,266,Wta Singles,Hard (Indoor),2026-02-27 02:31:25
2754,Lyon,267,Atp Doubles,Clay,2026-02-27 02:31:25
3420,Lyon,268,Wta Doubles,Hard (Indoor),2026-02-27 02:31:25
2389,Lyon,281,Challenger Men Singles,Clay,2026-02-27 02:31:25
2455,Lyon,282,Challenger Men Doubles,Clay,2026-02-27 02:31:25
12017,Lyon 2,282,Challenger Men Doubles,Hard (Indoor),2026-02-27 02:31:25
3678,Lyon 2,265,Atp Singles,Hard (Indoor),2026-02-27 02:31:25
9168,Lyon 2,267,Atp Doubles,Hard (Indoor),2026-02-27 02:31:25
12018,Lyon 2,281,Challenger Men Singles,Hard (Indoor),2026-02-27 02:31:25
9578,M15 Addis Ababa,264,Itf Men Doubles,Clay,2026-02-27 02:31:25
9597,M15 Addis Ababa,270,Itf Men Singles,Clay,2026-02-27 02:31:25
9626,M15 Addis Ababa 2,264,Itf Men Doubles,Clay,2026-02-27 02:31:25
9609,M15 Addis Ababa 2,270,Itf Men Singles,Clay,2026-02-27 02:31:25
13572,M15 Agadir,264,Itf Men Doubles,Clay,2026-02-27 02:31:25
13573,M15 Agadir,270,Itf Men Singles,Clay,2026-02-27 02:31:25
10277,M15 Ahmedabad,264,Itf Men Doubles,Hard,2026-02-27 02:31:25
10276,M15 Ahmedabad,270,Itf Men Singles,Hard,2026-02-27 02:31:25
5613,M15 Akko,264,Itf Men Doubles,Hard,2026-02-27 02:31:25
5611,M15 Akko,270,Itf Men Singles,Hard,2026-02-27 02:31:25
8632,M15 Aktobe,264,Itf Men Doubles,Hard,2026-02-27 02:31:25
8627,M15 Aktobe,270,Itf Men Singles,Hard,2026-02-27 02:31:25
9318,M15 Aktobe 2,264,Itf Men Doubles,Hard,2026-02-27 02:31:25
9316,M15 Aktobe 2,270,Itf Men Singles,Hard,2026-02-27 02:31:25
8136,M15 Al Zahra,264,Itf Men Doubles,Hard,2026-02-27 02:31:25
8152,M15 Al Zahra,270,Itf Men Singles,Hard,2026-02-27 02:31:25
8173,M15 Al Zahra 2,264,Itf Men Doubles,Hard,2026-02-27 02:31:25
8198,M15 Al Zahra 2,270,Itf Men Singles,Hard,2026-02-27 02:31:25
13216,M15 Alaminos,264,Itf Men Doubles,Clay,2026-02-27 02:31:25
13095,M15 Alaminos,270,Itf Men Singles,Clay,2026-02-27 02:31:25
12341,M15 Alaminos 2,264,Itf Men Doubles,Clay,2026-02-27 02:31:25
12339,M15 Alaminos 2,270,Itf Men Singles,Clay,2026-02-27 02:31:25
12361,M15 Alaminos 3,264,Itf Men Doubles,Clay,2026-02-27 02:31:25
12360,M15 Alaminos 3,270,Itf Men Singles,Clay,2026-02-27 02:31:25
9489,M15 Alaminos-Larnaca,264,Itf Men Doubles,Clay,2026-02-27 02:31:25
9488,M15 Alaminos-Larnaca,270,Itf Men Singles,Clay,2026-02-27 02:31:25
9521,M15 Alaminos-Larnaca 2,264,Itf Men Doubles,Clay,2026-02-27 02:31:25
9517,M15 Alaminos-Larnaca 2,270,Itf Men Singles,Clay,2026-02-27 02:31:25
9547,M15 Alaminos-Larnaca 3,264,Itf Men Doubles,Clay,2026-02-27 02:31:25
9546,M15 Alaminos-Larnaca 3,270,Itf Men Singles,Clay,2026-02-27 02:31:25
7948,"M15 Albuquerque, NM",264,Itf Men Doubles,Hard,2026-02-27 02:31:25
7947,"M15 Albuquerque, NM",270,Itf Men Singles,Hard,2026-02-27 02:31:25
10409,M15 Alcala de Henares,264,Itf Men Doubles,Hard,2026-02-27 02:31:25
10427,M15 Alcala de Henares,270,Itf Men Singles,Hard,2026-02-27 02:31:25
7296,M15 Alkmaar,264,Itf Men Doubles,Clay,2026-02-27 02:31:25
3562,M15 Alkmaar,270,Itf Men Singles,Clay,2026-02-27 02:31:25
4571,M15 Allershausen,264,Itf Men Doubles,Clay,2026-02-27 02:31:25
4573,M15 Allershausen,270,Itf Men Singles,Clay,2026-02-27 02:31:25
4291,M15 Almada,264,Itf Men Doubles,Hard,2026-02-27 02:31:25
4287,M15 Almada,270,Itf Men Singles,Hard,2026-02-27 02:31:25
13661,M15 Almoradi,264,Itf Men Doubles,Clay,2026-02-27 02:31:25
13660,M15 Almoradi,270,Itf Men Singles,Clay,2026-02-27 02:31:25
11253,M15 Amstelveen,264,Itf Men Doubles,Clay,2026-02-27 02:31:25
11251,M15 Amstelveen,270,Itf Men Singles,Clay,2026-02-27 02:31:25
12500,M15 Andong,264,Itf Men Doubles,Hard,2026-02-27 02:31:25
12499,M15 Andong,270,Itf Men Singles,Hard,2026-02-27 02:31:25
9135,M15 Anif,264,Itf Men Doubles,Clay,2026-02-27 02:31:25
3563,M15 Anif,270,Itf Men Singles,Clay,2026-02-27 02:31:25
11809,"M15 Ann Arbor, MI",264,Itf Men Doubles,Hard,2026-02-27 02:31:25
11807,"M15 Ann Arbor, MI",270,Itf Men Singles,Hard,2026-02-27 02:31:25
7664,M15 Anseong,264,Itf Men Doubles,Clay,2026-02-27 02:31:25
7663,M15 Anseong,270,Itf Men Singles,Clay,2026-02-27 02:31:25
3215,M15 Antalya,264,Itf Men Doubles,Clay,2026-02-27 02:31:25
3213,M15 Antalya,270,Itf Men Singles,Clay,2026-02-27 02:31:25
5049,M15 Antalya 10,264,Itf Men Doubles,Clay,2026-02-27 02:31:25
4790,M15 Antalya 10,270,Itf Men Singles,Clay,2026-02-27 02:31:25
5052,M15 Antalya 11,264,Itf Men Doubles,Clay,2026-02-27 02:31:25
4830,M15 Antalya 11,270,Itf Men Singles,Clay,2026-02-27 02:31:25
4075,M15 Antalya 12,264,Itf Men Doubles,Clay,2026-02-27 02:31:25
4070,M15 Antalya 12,270,Itf Men Singles,Clay,2026-02-27 02:31:25
5503,M15 Antalya 13,264,Itf Men Doubles,Clay,2026-02-27 02:31:25
4125,M15 Antalya 13,270,Itf Men Singles,Clay,2026-02-27 02:31:25
5574,M15 Antalya 14,264,Itf Men Doubles,Clay,2026-02-27 02:31:25
4831,M15 Antalya 14,270,Itf Men Singles,Clay,2026-02-27 02:31:25
5596,M15 Antalya 15,264,Itf Men Doubles,Clay,2026-02-27 02:31:25
4832,M15 Antalya 15,270,Itf Men Singles,Clay,2026-02-27 02:31:25
7121,M15 Antalya 16,264,Itf Men Doubles,Clay,2026-02-27 02:31:25
4833,M15 Antalya 16,270,Itf Men Singles,Clay,2026-02-27 02:31:25
4246,M15 Antalya 17,264,Itf Men Doubles,Clay,2026-02-27 02:31:25
4244,M15 Antalya 17,270,Itf Men Singles,Clay,2026-02-27 02:31:25
8151,M15 Antalya 18,264,Itf Men Doubles,Clay,2026-02-27 02:31:25
4834,M15 Antalya 18,270,Itf Men Singles,Clay,2026-02-27 02:31:25
4053,M15 Antalya 19,264,Itf Men Doubles,Clay,2026-02-27 02:31:25
4052,M15 Antalya 19,270,Itf Men Singles,Clay,2026-02-27 02:31:25
3231,M15 Antalya 2,264,Itf Men Doubles,Clay,2026-02-27 02:31:25
3229,M15 Antalya 2,270,Itf Men Singles,Clay,2026-02-27 02:31:25
8269,M15 Antalya 20,264,Itf Men Doubles,Clay,2026-02-27 02:31:25
4835,M15 Antalya 20,270,Itf Men Singles,Clay,2026-02-27 02:31:25
8327,M15 Antalya 21,264,Itf Men Doubles,Clay,2026-02-27 02:31:25
4836,M15 Antalya 21,270,Itf Men Singles,Clay,2026-02-27 02:31:25
4160,M15 Antalya 22,264,Itf Men Doubles,Clay,2026-02-27 02:31:25
4158,M15 Antalya 22,270,Itf Men Singles,Clay,2026-02-27 02:31:25
8399,M15 Antalya 23,264,Itf Men Doubles,Clay,2026-02-27 02:31:25
4198,M15 Antalya 23,270,Itf Men Singles,Clay,2026-02-27 02:31:25
4211,M15 Antalya 24,264,Itf Men Doubles,Clay,2026-02-27 02:31:25
4203,M15 Antalya 24,270,Itf Men Singles,Clay,2026-02-27 02:31:25
9280,M15 Antalya 25,264,Itf Men Doubles,Clay,2026-02-27 02:31:25
4837,M15 Antalya 25,270,Itf Men Singles,Clay,2026-02-27 02:31:25
9268,M15 Antalya 26,264,Itf Men Doubles,Clay,2026-02-27 02:31:25
4261,M15 Antalya 26,270,Itf Men Singles,Clay,2026-02-27 02:31:25
9267,M15 Antalya 27,264,Itf Men Doubles,Clay,2026-02-27 02:31:25
4789,M15 Antalya 27,270,Itf Men Singles,Clay,2026-02-27 02:31:25
4799,M15 Antalya 28,264,Itf Men Doubles,Clay,2026-02-27 02:31:25
4798,M15 Antalya 28,270,Itf Men Singles,Clay,2026-02-27 02:31:25
4840,M15 Antalya 29,264,Itf Men Doubles,Clay,2026-02-27 02:31:25
4839,M15 Antalya 29,270,Itf Men Singles,Clay,2026-02-27 02:31:25
3256,M15 Antalya 3,264,Itf Men Doubles,Clay,2026-02-27 02:31:25
3254,M15 Antalya 3,270,Itf Men Singles,Clay,2026-02-27 02:31:25
4882,M15 Antalya 30,264,Itf Men Doubles,Clay,2026-02-27 02:31:25
4915,M15 Antalya 30,270,Itf Men Singles,Clay,2026-02-27 02:31:25
4946,M15 Antalya 31,264,Itf Men Doubles,Clay,2026-02-27 02:31:25
4945,M15 Antalya 31,270,Itf Men Singles,Clay,2026-02-27 02:31:25
9264,M15 Antalya 32,264,Itf Men Doubles,Clay,2026-02-27 02:31:25
4986,M15 Antalya 32,270,Itf Men Singles,Clay,2026-02-27 02:31:25
5036,M15 Antalya 33,264,Itf Men Doubles,Clay,2026-02-27 02:31:25
5048,M15 Antalya 33,270,Itf Men Singles,Clay,2026-02-27 02:31:25
5081,M15 Antalya 34,264,Itf Men Doubles,Clay,2026-02-27 02:31:25
5070,M15 Antalya 34,270,Itf Men Singles,Clay,2026-02-27 02:31:25
5111,M15 Antalya 35,264,Itf Men Doubles,Clay,2026-02-27 02:31:25
5108,M15 Antalya 35,270,Itf Men Singles,Clay,2026-02-27 02:31:25
5127,M15 Antalya 36,264,Itf Men Doubles,Clay,2026-02-27 02:31:25
5169,M15 Antalya 36,270,Itf Men Singles,Clay,2026-02-27 02:31:25
3299,M15 Antalya 4,264,Itf Men Doubles,Clay,2026-02-27 02:31:25
3286,M15 Antalya 4,270,Itf Men Singles,Clay,2026-02-27 02:31:25
3313,M15 Antalya 5,264,Itf Men Doubles,Clay,2026-02-27 02:31:25
3310,M15 Antalya 5,270,Itf Men Singles,Clay,2026-02-27 02:31:25
9321,M15 Antalya 6,264,Itf Men Doubles,Clay,2026-02-27 02:31:25
3337,M15 Antalya 6,270,Itf Men Singles,Clay,2026-02-27 02:31:25
3370,M15 Antalya 7,264,Itf Men Doubles,Clay,2026-02-27 02:31:25
3368,M15 Antalya 7,270,Itf Men Singles,Clay,2026-02-27 02:31:25
3429,M15 Antalya 8,264,Itf Men Doubles,Clay,2026-02-27 02:31:25
3424,M15 Antalya 8,270,Itf Men Singles,Clay,2026-02-27 02:31:25
3458,M15 Antalya 9,264,Itf Men Doubles,Clay,2026-02-27 02:31:25
3455,M15 Antalya 9,270,Itf Men Singles,Clay,2026-02-27 02:31:25
7437,M15 Aprilia,264,Itf Men Doubles,Clay,2026-02-27 02:31:25
7412,M15 Aprilia,270,Itf Men Singles,Clay,2026-02-27 02:31:25
10188,M15 Arad,264,Itf Men Doubles,Clay,2026-02-27 02:31:25
10187,M15 Arad,270,Itf Men Singles,Clay,2026-02-27 02:31:25
9978,M15 Arequipa,264,Itf Men Doubles,Clay,2026-02-27 02:31:25
9968,M15 Arequipa,270,Itf Men Singles,Clay,2026-02-27 02:31:25
12842,M15 Astana,264,Itf Men Doubles,Hard,2026-02-27 02:31:25
12852,M15 Astana,270,Itf Men Singles,Hard,2026-02-27 02:31:25
11751,M15 Asuncion,264,Itf Men Doubles,Clay,2026-02-27 02:31:25
11746,M15 Asuncion,270,Itf Men Singles,Clay,2026-02-27 02:31:25
11772,M15 Asuncion 2,264,Itf Men Doubles,Clay,2026-02-27 02:31:25
11771,M15 Asuncion 2,270,Itf Men Singles,Clay,2026-02-27 02:31:25
10910,M15 Azay-le-Rideau,264,Itf Men Doubles,Hard,2026-02-27 02:31:25
10909,M15 Azay-le-Rideau,270,Itf Men Singles,Hard,2026-02-27 02:31:25
12078,M15 Azul,264,Itf Men Doubles,Clay,2026-02-27 02:31:25
12076,M15 Azul,270,Itf Men Singles,Clay,2026-02-27 02:31:25
4534,M15 Bad Waltersdorf,264,Itf Men Doubles,Clay,2026-02-27 02:31:25
4525,M15 Bad Waltersdorf,270,Itf Men Singles,Clay,2026-02-27 02:31:25
4555,M15 Bad Waltersdorf 2,264,Itf Men Doubles,Clay,2026-02-27 02:31:25
4553,M15 Bad Waltersdorf 2,270,Itf Men Singles,Clay,2026-02-27 02:31:25
13622,M15 Bagnoles de l'Orne +H,264,Itf Men Doubles,Clay,2026-02-27 02:31:25
13621,M15 Bagnoles de l'Orne +H,270,Itf Men Singles,Clay,2026-02-27 02:31:25
9083,M15 Bagnoles-de-l'Orne,264,Itf Men Doubles,Clay (Indoor),2026-02-27 02:31:25
3239,M15 Bagnoles-de-l'Orne,270,Itf Men Singles,Clay (Indoor),2026-02-27 02:31:25
11577,M15 Bali,264,Itf Men Doubles,Hard,2026-02-27 02:31:25
11602,M15 Bali,270,Itf Men Singles,Hard,2026-02-27 02:31:25
11749,M15 Bali 2,264,Itf Men Doubles,Hard,2026-02-27 02:31:25
11723,M15 Bali 2,270,Itf Men Singles,Hard,2026-02-27 02:31:25
12158,M15 Bali 3,264,Itf Men Doubles,Hard,2026-02-27 02:31:25
12154,M15 Bali 3,270,Itf Men Singles,Hard,2026-02-27 02:31:25
12161,M15 Bali 4,264,Itf Men Doubles,Hard,2026-02-27 02:31:25
12160,M15 Bali 4,270,Itf Men Singles,Hard,2026-02-27 02:31:25
12487,M15 Bastad,264,Itf Men Doubles,Clay,2026-02-27 02:31:25
12486,M15 Bastad,270,Itf Men Singles,Clay,2026-02-27 02:31:25
12926,M15 Bastad 2,264,Itf Men Doubles,Clay,2026-02-27 02:31:25
12925,M15 Bastad 2,270,Itf Men Singles,Clay,2026-02-27 02:31:25
10009,M15 Belem,264,Itf Men Doubles,Hard,2026-02-27 02:31:25
10008,M15 Belem,270,Itf Men Singles,Hard,2026-02-27 02:31:25
7351,M15 Belgrade,264,Itf Men Doubles,Clay,2026-02-27 02:31:25
7348,M15 Belgrade,270,Itf Men Singles,Clay,2026-02-27 02:31:25
5342,M15 Bengaluru,264,Itf Men Doubles,Hard,2026-02-27 02:31:25
5341,M15 Bengaluru,270,Itf Men Singles,Hard,2026-02-27 02:31:25
3857,M15 Benicarlo,264,Itf Men Doubles,Clay,2026-02-27 02:31:25
3860,M15 Benicarlo,270,Itf Men Singles,Clay,2026-02-27 02:31:25
4249,M15 Bergamo,264,Itf Men Doubles,Clay,2026-02-27 02:31:25
4248,M15 Bergamo,270,Itf Men Singles,Clay,2026-02-27 02:31:25
7361,M15 Bern,264,Itf Men Doubles,Clay,2026-02-27 02:31:25
7358,M15 Bern,270,Itf Men Singles,Clay,2026-02-27 02:31:25
8345,M15 Bhilai,264,Itf Men Doubles,Hard,2026-02-27 02:31:25
8342,M15 Bhilai,270,Itf Men Singles,Hard,2026-02-27 02:31:25
5319,M15 Bhopal,264,Itf Men Doubles,Hard,2026-02-27 02:31:25
5318,M15 Bhopal,270,Itf Men Singles,Hard,2026-02-27 02:31:25
13487,M15 Bhubaneswar,264,Itf Men Doubles,Hard,2026-02-27 02:31:25
13486,M15 Bhubaneswar,270,Itf Men Singles,Hard,2026-02-27 02:31:25
11469,M15 Bielsko Biala,264,Itf Men Doubles,Clay,2026-02-27 02:31:25
11468,M15 Bielsko Biala,270,Itf Men Singles,Clay,2026-02-27 02:31:25
12465,M15 Bistrita,264,Itf Men Doubles,Clay,2026-02-27 02:31:25
12464,M15 Bistrita,270,Itf Men Singles,Clay,2026-02-27 02:31:25
8293,"M15 Boca Raton, FL",264,Itf Men Doubles,Clay,2026-02-27 02:31:25
8292,"M15 Boca Raton, FL",270,Itf Men Singles,Clay,2026-02-27 02:31:25
11047,M15 Bol,264,Itf Men Doubles,Clay,2026-02-27 02:31:25
11045,M15 Bol,270,Itf Men Singles,Clay,2026-02-27 02:31:25
11083,M15 Bol 2,264,Itf Men Doubles,Clay,2026-02-27 02:31:25
11081,M15 Bol 2,270,Itf Men Singles,Clay,2026-02-27 02:31:25
11878,M15 Bol 3,264,Itf Men Doubles,Clay,2026-02-27 02:31:25
11877,M15 Bol 3,270,Itf Men Singles,Clay,2026-02-27 02:31:25
11629,M15 Bologna,264,Itf Men Doubles,Clay,2026-02-27 02:31:25
11628,M15 Bologna,270,Itf Men Singles,Clay,2026-02-27 02:31:25
10832,M15 Bragado,264,Itf Men Doubles,Clay,2026-02-27 02:31:25
10829,M15 Bragado,270,Itf Men Singles,Clay,2026-02-27 02:31:25
10854,M15 Bragado 2,264,Itf Men Doubles,Clay,2026-02-27 02:31:25
10853,M15 Bragado 2,270,Itf Men Singles,Clay,2026-02-27 02:31:25
4909,M15 Brasilia,264,Itf Men Doubles,Clay,2026-02-27 02:31:25
4908,M15 Brasilia,270,Itf Men Singles,Clay,2026-02-27 02:31:25
3858,M15 Bratislava,264,Itf Men Doubles,Hard,2026-02-27 02:31:25
3856,M15 Bratislava,270,Itf Men Singles,Hard,2026-02-27 02:31:25
9277,M15 Bratislava 2,264,Itf Men Doubles,Hard (Indoor),2026-02-27 02:31:25
4543,M15 Bratislava 2,270,Itf Men Singles,Hard,2026-02-27 02:31:25
4474,M15 Bratislava 3,264,Itf Men Doubles,Clay,2026-02-27 02:31:25
4473,M15 Bratislava 3,270,Itf Men Singles,Clay,2026-02-27 02:31:25
4509,M15 Bratislava 4,264,Itf Men Doubles,Clay,2026-02-27 02:31:25
4508,M15 Bratislava 4,270,Itf Men Singles,Clay,2026-02-27 02:31:25
4085,M15 Brcko,264,Itf Men Doubles,Clay,2026-02-27 02:31:25
4081,M15 Brcko,270,Itf Men Singles,Clay,2026-02-27 02:31:25
8504,M15 Bressuire,264,Itf Men Doubles,Hard (Indoor),2026-02-27 02:31:25
3253,M15 Bressuire,270,Itf Men Singles,Hard (Indoor),2026-02-27 02:31:25
12836,M15 Brisbane,264,Itf Men Doubles,Hard,2026-02-27 02:31:25
12835,M15 Brisbane,270,Itf Men Singles,Hard,2026-02-27 02:31:25
12872,M15 Brisbane 2,264,Itf Men Doubles,Hard,2026-02-27 02:31:25
12871,M15 Brisbane 2,270,Itf Men Singles,Hard,2026-02-27 02:31:25
12758,M15 Bucaramanga,264,Itf Men Doubles,Clay,2026-02-27 02:31:25
12738,M15 Bucaramanga,270,Itf Men Singles,Clay,2026-02-27 02:31:25
3585,M15 Bucharest,264,Itf Men Doubles,Clay,2026-02-27 02:31:25
3581,M15 Bucharest,270,Itf Men Singles,Clay,2026-02-27 02:31:25
10059,M15 Bucharest 2,264,Itf Men Doubles,Clay,2026-02-27 02:31:25
10057,M15 Bucharest 2,270,Itf Men Singles,Clay,2026-02-27 02:31:25
11043,M15 Bucharest 3,264,Itf Men Doubles,Clay,2026-02-27 02:31:25
11041,M15 Bucharest 3,270,Itf Men Singles,Clay,2026-02-27 02:31:25
11308,M15 Bucharest 4,264,Itf Men Doubles,Clay,2026-02-27 02:31:25
11306,M15 Bucharest 4,270,Itf Men Singles,Clay,2026-02-27 02:31:25
11582,M15 Bucharest 5,264,Itf Men Doubles,Clay,2026-02-27 02:31:25
11581,M15 Bucharest 5,270,Itf Men Singles,Clay,2026-02-27 02:31:25
7810,M15 Budapest,264,Itf Men Doubles,Hard,2026-02-27 02:31:25
7796,M15 Budapest,270,Itf Men Singles,Hard,2026-02-27 02:31:25
10104,M15 Budapest 2,264,Itf Men Doubles,Hard,2026-02-27 02:31:25
10117,M15 Budapest 2,270,Itf Men Singles,Hard,2026-02-27 02:31:25
7173,M15 Budva,264,Itf Men Doubles,Clay,2026-02-27 02:31:25
7172,M15 Budva,270,Itf Men Singles,Clay,2026-02-27 02:31:25
7212,M15 Budva 2,264,Itf Men Doubles,Clay,2026-02-27 02:31:25
7211,M15 Budva 2,270,Itf Men Singles,Clay,2026-02-27 02:31:25
10068,M15 Buenos Aires,264,Itf Men Doubles,Clay,2026-02-27 02:31:25
10065,M15 Buenos Aires,270,Itf Men Singles,Clay,2026-02-27 02:31:25
10143,M15 Buschhausen,264,Itf Men Doubles,Clay,2026-02-27 02:31:25
10142,M15 Buschhausen,270,Itf Men Singles,Clay,2026-02-27 02:31:25
11666,M15 Buzau,264,Itf Men Doubles,Clay,2026-02-27 02:31:25
11665,M15 Buzau,270,Itf Men Singles,Clay,2026-02-27 02:31:25
7214,M15 Bytom,264,Itf Men Doubles,Clay,2026-02-27 02:31:25
7213,M15 Bytom,270,Itf Men Singles,Clay,2026-02-27 02:31:25
10545,M15 Cadolzburg,264,Itf Men Doubles,Hard,2026-02-27 02:31:25
10544,M15 Cadolzburg,270,Itf Men Singles,Hard,2026-02-27 02:31:25
3237,M15 Cairo,264,Itf Men Doubles,Clay,2026-02-27 02:31:25
3235,M15 Cairo,270,Itf Men Singles,Clay,2026-02-27 02:31:25
7659,M15 Cairo 10,264,Itf Men Doubles,Clay,2026-02-27 02:31:25
4404,M15 Cairo 10,270,Itf Men Singles,Clay,2026-02-27 02:31:25
7712,M15 Cairo 11,264,Itf Men Doubles,Clay,2026-02-27 02:31:25
5057,M15 Cairo 11,270,Itf Men Singles,Clay,2026-02-27 02:31:25
7767,M15 Cairo 12,264,Itf Men Doubles,Clay,2026-02-27 02:31:25
4575,M15 Cairo 12,270,Itf Men Singles,Clay,2026-02-27 02:31:25
9258,M15 Cairo 13,264,Itf Men Doubles,Clay,2026-02-27 02:31:25
4597,M15 Cairo 13,270,Itf Men Singles,Clay,2026-02-27 02:31:25
9260,M15 Cairo 14,264,Itf Men Doubles,Clay,2026-02-27 02:31:25
4632,M15 Cairo 14,270,Itf Men Singles,Clay,2026-02-27 02:31:25
9266,M15 Cairo 15,264,Itf Men Doubles,Clay,2026-02-27 02:31:25
4669,M15 Cairo 15,270,Itf Men Singles,Clay,2026-02-27 02:31:25
4688,M15 Cairo 16,264,Itf Men Doubles,Clay,2026-02-27 02:31:25
4704,M15 Cairo 16,270,Itf Men Singles,Clay,2026-02-27 02:31:25
5038,M15 Cairo 17,264,Itf Men Doubles,Clay,2026-02-27 02:31:25
5059,M15 Cairo 17,270,Itf Men Singles,Clay,2026-02-27 02:31:25
5082,M15 Cairo 18,264,Itf Men Doubles,Clay,2026-02-27 02:31:25
5084,M15 Cairo 18,270,Itf Men Singles,Clay,2026-02-27 02:31:25
9299,M15 Cairo 19,264,Itf Men Doubles,Clay,2026-02-27 02:31:25
5106,M15 Cairo 19,270,Itf Men Singles,Clay,2026-02-27 02:31:25
3264,M15 Cairo 2,264,Itf Men Doubles,Clay,2026-02-27 02:31:25
3260,M15 Cairo 2,270,Itf Men Singles,Clay,2026-02-27 02:31:25
3300,M15 Cairo 3,264,Itf Men Doubles,Clay,2026-02-27 02:31:25
3294,M15 Cairo 3,270,Itf Men Singles,Clay,2026-02-27 02:31:25
4371,M15 Cairo 4,264,Itf Men Doubles,Clay,2026-02-27 02:31:25
5065,M15 Cairo 4,270,Itf Men Singles,Clay,2026-02-27 02:31:25
5039,M15 Cairo 5,264,Itf Men Doubles,Clay,2026-02-27 02:31:25
5053,M15 Cairo 5,270,Itf Men Singles,Clay,2026-02-27 02:31:25
5506,M15 Cairo 6,264,Itf Men Doubles,Clay,2026-02-27 02:31:25
4442,M15 Cairo 6,270,Itf Men Singles,Clay,2026-02-27 02:31:25
5580,M15 Cairo 7,264,Itf Men Doubles,Clay,2026-02-27 02:31:25
5051,M15 Cairo 7,270,Itf Men Singles,Clay,2026-02-27 02:31:25
5598,M15 Cairo 8,264,Itf Men Doubles,Clay,2026-02-27 02:31:25
5050,M15 Cairo 8,270,Itf Men Singles,Clay,2026-02-27 02:31:25
7611,M15 Cairo 9,264,Itf Men Doubles,Clay,2026-02-27 02:31:25
4372,M15 Cairo 9,270,Itf Men Singles,Clay,2026-02-27 02:31:25
7458,M15 Caloundra,264,Itf Men Doubles,Hard,2026-02-27 02:31:25
7456,M15 Caloundra,270,Itf Men Singles,Hard,2026-02-27 02:31:25
7511,M15 Caloundra 2,264,Itf Men Doubles,Hard,2026-02-27 02:31:25
7510,M15 Caloundra 2,270,Itf Men Singles,Hard,2026-02-27 02:31:25
11114,M15 Caltanissetta,264,Itf Men Doubles,Clay,2026-02-27 02:31:25
11113,M15 Caltanissetta,270,Itf Men Singles,Clay,2026-02-27 02:31:25
3245,M15 Cancun,264,Itf Men Doubles,Hard,2026-02-27 02:31:25
3244,M15 Cancun,270,Itf Men Singles,Hard,2026-02-27 02:31:25
7644,M15 Cancun 10,264,Itf Men Doubles,Hard,2026-02-27 02:31:25
7641,M15 Cancun 10,270,Itf Men Singles,Hard,2026-02-27 02:31:25
7688,M15 Cancun 11,264,Itf Men Doubles,Hard,2026-02-27 02:31:25
7685,M15 Cancun 11,270,Itf Men Singles,Hard,2026-02-27 02:31:25
7733,M15 Cancun 12,264,Itf Men Doubles,Hard,2026-02-27 02:31:25
7734,M15 Cancun 12,270,Itf Men Singles,Hard,2026-02-27 02:31:25
7417,M15 Cancun 13,264,Itf Men Doubles,Hard,2026-02-27 02:31:25
7416,M15 Cancun 13,270,Itf Men Singles,Hard,2026-02-27 02:31:25
7844,M15 Cancun 14,264,Itf Men Doubles,Hard,2026-02-27 02:31:25
7841,M15 Cancun 14,270,Itf Men Singles,Hard,2026-02-27 02:31:25
7895,M15 Cancun 15,264,Itf Men Doubles,Hard,2026-02-27 02:31:25
7894,M15 Cancun 15,270,Itf Men Singles,Hard,2026-02-27 02:31:25
7953,M15 Cancun 16,264,Itf Men Doubles,Hard,2026-02-27 02:31:25
7951,M15 Cancun 16,270,Itf Men Singles,Hard,2026-02-27 02:31:25
3276,M15 Cancun 2,264,Itf Men Doubles,Hard,2026-02-27 02:31:25
3275,M15 Cancun 2,270,Itf Men Singles,Hard,2026-02-27 02:31:25
3304,M15 Cancun 3,264,Itf Men Doubles,Hard,2026-02-27 02:31:25
3303,M15 Cancun 3,270,Itf Men Singles,Hard,2026-02-27 02:31:25
3326,M15 Cancun 4,264,Itf Men Doubles,Hard,2026-02-27 02:31:25
3325,M15 Cancun 4,270,Itf Men Singles,Hard,2026-02-27 02:31:25
3359,M15 Cancun 5,264,Itf Men Doubles,Hard,2026-02-27 02:31:25
3357,M15 Cancun 5,270,Itf Men Singles,Hard,2026-02-27 02:31:25
3388,M15 Cancun 6,264,Itf Men Doubles,Hard,2026-02-27 02:31:25
3387,M15 Cancun 6,270,Itf Men Singles,Hard,2026-02-27 02:31:25
3479,M15 Cancun 7,264,Itf Men Doubles,Hard,2026-02-27 02:31:25
3478,M15 Cancun 7,270,Itf Men Singles,Hard,2026-02-27 02:31:25
5103,M15 Cancun 8,264,Itf Men Doubles,Hard,2026-02-27 02:31:25
5102,M15 Cancun 8,270,Itf Men Singles,Hard,2026-02-27 02:31:25
5123,M15 Cancun 9,264,Itf Men Doubles,Hard,2026-02-27 02:31:25
5122,M15 Cancun 9,270,Itf Men Singles,Hard,2026-02-27 02:31:25
11605,M15 Cap d'Agde,264,Itf Men Doubles,Clay,2026-02-27 02:31:25
11579,M15 Cap d'Agde,270,Itf Men Singles,Clay,2026-02-27 02:31:25
7393,M15 Casablanca,264,Itf Men Doubles,Clay,2026-02-27 02:31:25
7392,M15 Casablanca,270,Itf Men Singles,Clay,2026-02-27 02:31:25
7427,M15 Casablanca 2,264,Itf Men Doubles,Clay,2026-02-27 02:31:25
7425,M15 Casablanca 2,270,Itf Men Singles,Clay,2026-02-27 02:31:25
7800,M15 Casablanca 3,264,Itf Men Doubles,Clay,2026-02-27 02:31:25
7812,M15 Casablanca 3,270,Itf Men Singles,Clay,2026-02-27 02:31:25
7837,M15 Casablanca 4,264,Itf Men Doubles,Clay,2026-02-27 02:31:25
7851,M15 Casablanca 4,270,Itf Men Singles,Clay,2026-02-27 02:31:25
9138,M15 Caslano,264,Itf Men Doubles,Clay,2026-02-27 02:31:25
3575,M15 Caslano,270,Itf Men Singles,Clay,2026-02-27 02:31:25
10308,M15 Castellon,264,Itf Men Doubles,Clay,2026-02-27 02:31:25
3198,M15 Castellon,270,Itf Men Singles,Clay,2026-02-27 02:31:25
3616,M15 Castelo Branco,264,Itf Men Doubles,Hard,2026-02-27 02:31:25
3612,M15 Castelo Branco,270,Itf Men Singles,Hard,2026-02-27 02:31:25
7725,M15 Celje,264,Itf Men Doubles,Clay,2026-02-27 02:31:25
7724,M15 Celje,270,Itf Men Singles,Clay,2026-02-27 02:31:25
11050,M15 Cervia,264,Itf Men Doubles,Clay,2026-02-27 02:31:25
11038,M15 Cervia,270,Itf Men Singles,Clay,2026-02-27 02:31:25
10483,M15 Ceuta,264,Itf Men Doubles,Hard,2026-02-27 02:31:25
10477,M15 Ceuta,270,Itf Men Singles,Hard,2026-02-27 02:31:25
4252,"M15 Champaign, IL",264,Itf Men Doubles,Hard,2026-02-27 02:31:25
4255,"M15 Champaign, IL",270,Itf Men Singles,Hard,2026-02-27 02:31:25
4630,"M15 Champaign, IL 2",264,Itf Men Doubles,Hard,2026-02-27 02:31:25
4634,"M15 Champaign, IL 2",270,Itf Men Singles,Hard,2026-02-27 02:31:25
10776,M15 Chandigarh,264,Itf Men Doubles,Hard,2026-02-27 02:31:25
10775,M15 Chandigarh,270,Itf Men Singles,Hard,2026-02-27 02:31:25
7707,M15 Changwon,264,Itf Men Doubles,Hard,2026-02-27 02:31:25
7705,M15 Changwon,270,Itf Men Singles,Hard,2026-02-27 02:31:25
9418,M15 Chennai,264,Itf Men Doubles,Hard,2026-02-27 02:31:25
9416,M15 Chennai,270,Itf Men Singles,Hard,2026-02-27 02:31:25
5409,M15 Chiang Rai,264,Itf Men Doubles,Hard,2026-02-27 02:31:25
5407,M15 Chiang Rai,270,Itf Men Singles,Hard,2026-02-27 02:31:25
5427,M15 Chiang Rai 2,264,Itf Men Doubles,Hard,2026-02-27 02:31:25
5426,M15 Chiang Rai 2,270,Itf Men Singles,Hard,2026-02-27 02:31:25
5459,M15 Chiang Rai 3,264,Itf Men Doubles,Hard,2026-02-27 02:31:25
5452,M15 Chiang Rai 3,270,Itf Men Singles,Hard,2026-02-27 02:31:25
5472,M15 Chiang Rai 4,264,Itf Men Doubles,Hard,2026-02-27 02:31:25
5470,M15 Chiang Rai 4,270,Itf Men Singles,Hard,2026-02-27 02:31:25
7255,M15 Chiang Rai 5,264,Itf Men Doubles,Hard,2026-02-27 02:31:25
7253,M15 Chiang Rai 5,270,Itf Men Singles,Hard,2026-02-27 02:31:25
7299,M15 Chiang Rai 6,264,Itf Men Doubles,Hard,2026-02-27 02:31:25
7297,M15 Chiang Rai 6,270,Itf Men Singles,Hard,2026-02-27 02:31:25
7271,M15 Chieti,264,Itf Men Doubles,Clay,2026-02-27 02:31:25
7268,M15 Chieti,270,Itf Men Singles,Clay,2026-02-27 02:31:25
4563,M15 Chornomorsk,264,Itf Men Doubles,Clay,2026-02-27 02:31:25
4557,M15 Chornomorsk,270,Itf Men Singles,Clay,2026-02-27 02:31:25
9757,M15 Cluj Napoca,264,Itf Men Doubles,Clay,2026-02-27 02:31:25
9750,M15 Cluj Napoca,270,Itf Men Singles,Clay,2026-02-27 02:31:25
4974,M15 Cochabamba,264,Itf Men Doubles,Clay,2026-02-27 02:31:25
4973,M15 Cochabamba,270,Itf Men Singles,Clay,2026-02-27 02:31:25
7460,M15 Colombo,264,Itf Men Doubles,Clay,2026-02-27 02:31:25
7459,M15 Colombo,270,Itf Men Singles,Clay,2026-02-27 02:31:25
7514,M15 Colombo 2,264,Itf Men Doubles,Clay,2026-02-27 02:31:25
7512,M15 Colombo 2,270,Itf Men Singles,Clay,2026-02-27 02:31:25
10469,M15 Concepcion,264,Itf Men Doubles,Clay,2026-02-27 02:31:25
10468,M15 Concepcion,270,Itf Men Singles,Clay,2026-02-27 02:31:25
10480,M15 Concepcion 2,264,Itf Men Doubles,Clay,2026-02-27 02:31:25
10475,M15 Concepcion 2,270,Itf Men Singles,Clay,2026-02-27 02:31:25
7801,M15 Constanta,264,Itf Men Doubles,Clay,2026-02-27 02:31:25
7797,M15 Constanta,270,Itf Men Singles,Clay,2026-02-27 02:31:25
10108,M15 Constanta 2,264,Itf Men Doubles,Clay,2026-02-27 02:31:25
10107,M15 Constanta 2,270,Itf Men Singles,Clay,2026-02-27 02:31:25
3998,M15 Cordoba,264,Itf Men Doubles,Clay,2026-02-27 02:31:25
3997,M15 Cordoba,270,Itf Men Singles,Clay,2026-02-27 02:31:25
5037,M15 Cordoba 2,264,Itf Men Doubles,Clay,2026-02-27 02:31:25
5008,M15 Cordoba 2,270,Itf Men Singles,Clay,2026-02-27 02:31:25
7682,M15 Craiova,264,Itf Men Doubles,Clay,2026-02-27 02:31:25
7665,M15 Craiova,270,Itf Men Singles,Clay,2026-02-27 02:31:25
5333,M15 Creteil,264,Itf Men Doubles,Hard,2026-02-27 02:31:25
5331,M15 Creteil,270,Itf Men Singles,Hard,2026-02-27 02:31:25
13466,M15 Criciuma,264,Itf Men Doubles,Clay,2026-02-27 02:31:25
13460,M15 Criciuma,270,Itf Men Singles,Clay,2026-02-27 02:31:25
4963,M15 Cundinamarca,264,Itf Men Doubles,Clay,2026-02-27 02:31:25
4956,M15 Cundinamarca,270,Itf Men Singles,Clay,2026-02-27 02:31:25
3601,M15 Curtea de Arges,264,Itf Men Doubles,Clay,2026-02-27 02:31:25
3596,M15 Curtea de Arges,270,Itf Men Singles,Clay,2026-02-27 02:31:25
7757,M15 Daegu,264,Itf Men Doubles,Hard,2026-02-27 02:31:25
7756,M15 Daegu,270,Itf Men Singles,Hard,2026-02-27 02:31:25
7883,M15 Danderyd,264,Itf Men Doubles,Hard,2026-02-27 02:31:25
7881,M15 Danderyd,270,Itf Men Singles,Hard,2026-02-27 02:31:25
10331,M15 Davangere,264,Itf Men Doubles,Hard,2026-02-27 02:31:25
10330,M15 Davangere,270,Itf Men Singles,Hard,2026-02-27 02:31:25
4340,M15 Doboj,264,Itf Men Doubles,Clay,2026-02-27 02:31:25
4339,M15 Doboj,270,Itf Men Singles,Clay,2026-02-27 02:31:25
3459,M15 Doha,264,Itf Men Doubles,Hard,2026-02-27 02:31:25
3456,M15 Doha,270,Itf Men Singles,Hard,2026-02-27 02:31:25
4767,M15 Doha 2,264,Itf Men Doubles,Hard,2026-02-27 02:31:25
4776,M15 Doha 2,270,Itf Men Singles,Hard,2026-02-27 02:31:25
4803,M15 Doha 3,264,Itf Men Doubles,Hard,2026-02-27 02:31:25
4815,M15 Doha 3,270,Itf Men Singles,Hard,2026-02-27 02:31:25
5128,M15 Doha 4,264,Itf Men Doubles,Hard,2026-02-27 02:31:25
5133,M15 Doha 4,270,Itf Men Singles,Hard,2026-02-27 02:31:25
5142,M15 Doha 5,264,Itf Men Doubles,Hard,2026-02-27 02:31:25
5143,M15 Doha 5,270,Itf Men Singles,Hard,2026-02-27 02:31:25
5152,M15 Doha 6,264,Itf Men Doubles,Hard,2026-02-27 02:31:25
5154,M15 Doha 6,270,Itf Men Singles,Hard,2026-02-27 02:31:25
11433,M15 Dublin,264,Itf Men Doubles,Hard,2026-02-27 02:31:25
11432,M15 Dublin,270,Itf Men Singles,Hard,2026-02-27 02:31:25
5416,M15 Dubrovnik,264,Itf Men Doubles,Clay,2026-02-27 02:31:25
5422,M15 Dubrovnik,270,Itf Men Singles,Clay,2026-02-27 02:31:25
7284,M15 Duffel,264,Itf Men Doubles,Clay,2026-02-27 02:31:25
7269,M15 Duffel,270,Itf Men Singles,Clay,2026-02-27 02:31:25
4977,"M15 East Lansing, MI",264,Itf Men Doubles,Hard,2026-02-27 02:31:25
4975,"M15 East Lansing, MI",270,Itf Men Singles,Hard,2026-02-27 02:31:25
8528,"M15 Edmond, OK",264,Itf Men Doubles,Hard,2026-02-27 02:31:25
8527,"M15 Edmond, OK",270,Itf Men Singles,Hard,2026-02-27 02:31:25
4360,"M15 Edwardsville, IL",264,Itf Men Doubles,Hard,2026-02-27 02:31:25
4376,"M15 Edwardsville, IL",270,Itf Men Singles,Hard,2026-02-27 02:31:25
7684,M15 Eindhoven,264,Itf Men Doubles,Clay,2026-02-27 02:31:25
7666,M15 Eindhoven,270,Itf Men Singles,Clay,2026-02-27 02:31:25
4349,M15 Esch/Alzette,264,Itf Men Doubles,Clay,2026-02-27 02:31:25
4347,M15 Esch/Alzette,270,Itf Men Singles,Clay,2026-02-27 02:31:25
7628,M15 Eupen,264,Itf Men Doubles,Clay,2026-02-27 02:31:25
7627,M15 Eupen,270,Itf Men Singles,Clay,2026-02-27 02:31:25
9120,M15 Faro,264,Itf Men Doubles,Hard,2026-02-27 02:31:25
3440,M15 Faro,270,Itf Men Singles,Hard,2026-02-27 02:31:25
3844,"M15 Fayetteville, AR",264,Itf Men Doubles,Hard,2026-02-27 02:31:25
3842,"M15 Fayetteville, AR",270,Itf Men Singles,Hard,2026-02-27 02:31:25
8165,"M15 Fayetteville, AR 2",264,Itf Men Doubles,Hard,2026-02-27 02:31:25
3187,"M15 Fayetteville, AR 2",270,Itf Men Singles,Hard,2026-02-27 02:31:25
12359,M15 Foggia,264,Itf Men Doubles,Clay,2026-02-27 02:31:25
12358,M15 Foggia,270,Itf Men Singles,Clay,2026-02-27 02:31:25
3626,M15 Forbach,264,Itf Men Doubles,Grass,2026-02-27 02:31:25
3623,M15 Forbach,270,Itf Men Singles,Grass,2026-02-27 02:31:25
10073,M15 Forli,264,Itf Men Doubles,Clay,2026-02-27 02:31:25
10048,M15 Forli,270,Itf Men Singles,Clay,2026-02-27 02:31:25
7400,"M15 Fountain Valley, CA",264,Itf Men Doubles,Hard,2026-02-27 02:31:25
7403,"M15 Fountain Valley, CA",270,Itf Men Singles,Hard,2026-02-27 02:31:25
7622,M15 Frankfurt,264,Itf Men Doubles,Clay,2026-02-27 02:31:25
7619,M15 Frankfurt,270,Itf Men Singles,Clay,2026-02-27 02:31:25
7217,M15 Frascati,264,Itf Men Doubles,Clay,2026-02-27 02:31:25
7210,M15 Frascati,270,Itf Men Singles,Clay,2026-02-27 02:31:25
4423,M15 Frederiksberg,264,Itf Men Doubles,Clay,2026-02-27 02:31:25
4421,M15 Frederiksberg,270,Itf Men Singles,Clay,2026-02-27 02:31:25
4186,M15 Gaiba,264,Itf Men Doubles,Grass,2026-02-27 02:31:25
4181,M15 Gaiba,270,Itf Men Singles,Grass,2026-02-27 02:31:25
4450,M15 Gdynia,264,Itf Men Doubles,Clay,2026-02-27 02:31:25
4446,M15 Gdynia,270,Itf Men Singles,Clay,2026-02-27 02:31:25
4222,M15 Genova,264,Itf Men Doubles,Clay,2026-02-27 02:31:25
4221,M15 Genova,270,Itf Men Singles,Clay,2026-02-27 02:31:25
12682,M15 Getxo,264,Itf Men Doubles,Clay,2026-02-27 02:31:25
12681,M15 Getxo,270,Itf Men Singles,Clay,2026-02-27 02:31:25
11457,M15 Gijon,264,Itf Men Doubles,Clay,2026-02-27 02:31:25
11448,M15 Gijon,270,Itf Men Singles,Clay,2026-02-27 02:31:25
13485,M15 Gimcheon,264,Itf Men Doubles,Hard,2026-02-27 02:31:25
13484,M15 Gimcheon,270,Itf Men Singles,Hard,2026-02-27 02:31:25
13520,M15 Gimcheon 2,264,Itf Men Doubles,Hard,2026-02-27 02:31:25
13519,M15 Gimcheon 2,270,Itf Men Singles,Hard,2026-02-27 02:31:25
4791,M15 Girona,264,Itf Men Doubles,Clay,2026-02-27 02:31:25
4788,M15 Girona,270,Itf Men Singles,Clay,2026-02-27 02:31:25
3351,M15 Grenoble,264,Itf Men Doubles,Hard (Indoor),2026-02-27 02:31:25
3344,M15 Grenoble,270,Itf Men Singles,Hard (Indoor),2026-02-27 02:31:25
11106,M15 Grodzisk Mazowiecki,264,Itf Men Doubles,Clay,2026-02-27 02:31:25
11105,M15 Grodzisk Mazowiecki,270,Itf Men Singles,Clay,2026-02-27 02:31:25
11800,M15 Grodzisk Mazowiecki 2,264,Itf Men Doubles,Hard,2026-02-27 02:31:25
11799,M15 Grodzisk Mazowiecki 2,270,Itf Men Singles,Hard,2026-02-27 02:31:25
11830,M15 Grodzisk Mazowiecki 3,264,Itf Men Doubles,Hard,2026-02-27 02:31:25
11829,M15 Grodzisk Mazowiecki 3,270,Itf Men Singles,Hard,2026-02-27 02:31:25
5030,M15 Guatemala,264,Itf Men Doubles,Hard,2026-02-27 02:31:25
5028,M15 Guatemala,270,Itf Men Singles,Hard,2026-02-27 02:31:25
12033,M15 Guatemala 2,264,Itf Men Doubles,Hard,2026-02-27 02:31:25
12032,M15 Guatemala 2,270,Itf Men Singles,Hard,2026-02-27 02:31:25
7475,M15 Gubbio,264,Itf Men Doubles,Clay,2026-02-27 02:31:25
7454,M15 Gubbio,270,Itf Men Singles,Clay,2026-02-27 02:31:25
5000,M15 Gurugram,264,Itf Men Doubles,Hard,2026-02-27 02:31:25
4999,M15 Gurugram,270,Itf Men Singles,Hard,2026-02-27 02:31:25
13551,M15 Gwalior,264,Itf Men Doubles,Hard,2026-02-27 02:31:25
13550,M15 Gwalior,270,Itf Men Singles,Hard,2026-02-27 02:31:25
11074,M15 Gyula,264,Itf Men Doubles,Clay,2026-02-27 02:31:25
11073,M15 Gyula,270,Itf Men Singles,Clay,2026-02-27 02:31:25
13558,M15 Hamilton,264,Itf Men Doubles,Hard,2026-02-27 02:31:25
13557,M15 Hamilton,270,Itf Men Singles,Hard,2026-02-27 02:31:25
7772,M15 Haren,264,Itf Men Doubles,Clay,2026-02-27 02:31:25
7770,M15 Haren,270,Itf Men Singles,Clay,2026-02-27 02:31:25
11101,M15 Harmon,264,Itf Men Doubles,Hard,2026-02-27 02:31:25
11100,M15 Harmon,270,Itf Men Singles,Hard,2026-02-27 02:31:25
4141,M15 Helsinki,264,Itf Men Doubles,Clay,2026-02-27 02:31:25
4166,M15 Helsinki,270,Itf Men Singles,Clay,2026-02-27 02:31:25
3340,M15 Heraklion,264,Itf Men Doubles,Hard,2026-02-27 02:31:25
3339,M15 Heraklion,270,Itf Men Singles,Hard,2026-02-27 02:31:25
9275,M15 Heraklion 10,264,Itf Men Doubles,Hard,2026-02-27 02:31:25
4199,M15 Heraklion 10,270,Itf Men Singles,Hard,2026-02-27 02:31:25
13389,M15 Heraklion 11,264,Itf Men Doubles,Hard,2026-02-27 02:31:25
13393,M15 Heraklion 11,270,Itf Men Singles,Hard,2026-02-27 02:31:25
7128,M15 Heraklion 12,264,Itf Men Doubles,Hard,2026-02-27 02:31:25
7127,M15 Heraklion 12,270,Itf Men Singles,Hard,2026-02-27 02:31:25
13437,M15 Heraklion 13,264,Itf Men Doubles,Hard,2026-02-27 02:31:25
13436,M15 Heraklion 13,270,Itf Men Singles,Hard,2026-02-27 02:31:25
8042,M15 Heraklion 14,264,Itf Men Doubles,Hard,2026-02-27 02:31:25
8040,M15 Heraklion 14,270,Itf Men Singles,Hard,2026-02-27 02:31:25
5591,M15 Heraklion 2,264,Itf Men Doubles,Hard,2026-02-27 02:31:25
3372,M15 Heraklion 2,270,Itf Men Singles,Hard,2026-02-27 02:31:25
7116,M15 Heraklion 3,264,Itf Men Doubles,Hard,2026-02-27 02:31:25
3403,M15 Heraklion 3,270,Itf Men Singles,Hard,2026-02-27 02:31:25
7163,M15 Heraklion 4,264,Itf Men Doubles,Hard,2026-02-27 02:31:25
3425,M15 Heraklion 4,270,Itf Men Singles,Hard,2026-02-27 02:31:25
3477,M15 Heraklion 5,264,Itf Men Doubles,Hard,2026-02-27 02:31:25
3461,M15 Heraklion 5,270,Itf Men Singles,Hard,2026-02-27 02:31:25
4192,M15 Heraklion 6,264,Itf Men Doubles,Hard,2026-02-27 02:31:25
4922,M15 Heraklion 6,270,Itf Men Singles,Hard,2026-02-27 02:31:25
4981,M15 Heraklion 7,264,Itf Men Doubles,Hard,2026-02-27 02:31:25
4095,M15 Heraklion 7,270,Itf Men Singles,Hard,2026-02-27 02:31:25
4112,M15 Heraklion 8,264,Itf Men Doubles,Hard,2026-02-27 02:31:25
4110,M15 Heraklion 8,270,Itf Men Singles,Hard,2026-02-27 02:31:25
4161,M15 Heraklion 9,264,Itf Men Doubles,Hard,2026-02-27 02:31:25
4145,M15 Heraklion 9,270,Itf Men Singles,Hard,2026-02-27 02:31:25
7633,M15 Herzlia,264,Itf Men Doubles,Hard,2026-02-27 02:31:25
7647,M15 Herzlia,270,Itf Men Singles,Hard,2026-02-27 02:31:25
11186,M15 Hillcrest,264,Itf Men Doubles,Hard,2026-02-27 02:31:25
11185,M15 Hillcrest,270,Itf Men Singles,Hard,2026-02-27 02:31:25
11249,M15 Hillcrest 2,264,Itf Men Doubles,Hard,2026-02-27 02:31:25
11247,M15 Hillcrest 2,270,Itf Men Singles,Hard,2026-02-27 02:31:25
10765,M15 Hinode,264,Itf Men Doubles,Hard,2026-02-27 02:31:25
10764,M15 Hinode,270,Itf Men Singles,Hard,2026-02-27 02:31:25
9079,M15 Hong Kong,264,Itf Men Doubles,Hard,2026-02-27 02:31:25
3211,M15 Hong Kong,270,Itf Men Singles,Hard,2026-02-27 02:31:25
11180,M15 Hong Kong 2,264,Itf Men Doubles,Hard,2026-02-27 02:31:25
11178,M15 Hong Kong 2,270,Itf Men Singles,Hard,2026-02-27 02:31:25
11642,M15 Hong Kong 3,264,Itf Men Doubles,Hard,2026-02-27 02:31:25
11641,M15 Hong Kong 3,270,Itf Men Singles,Hard,2026-02-27 02:31:25
11118,M15 Hrastnik,264,Itf Men Doubles,Clay,2026-02-27 02:31:25
11117,M15 Hrastnik,270,Itf Men Singles,Clay,2026-02-27 02:31:25
10355,M15 Hua Hin,264,Itf Men Doubles,Hard,2026-02-27 02:31:25
10353,M15 Hua Hin,270,Itf Men Singles,Hard,2026-02-27 02:31:25
13401,M15 Hua Hin 2,264,Itf Men Doubles,Hard,2026-02-27 02:31:25
13400,M15 Hua Hin 2,270,Itf Men Singles,Hard,2026-02-27 02:31:25
11329,M15 Huamantla,264,Itf Men Doubles,Hard,2026-02-27 02:31:25
11328,M15 Huamantla,270,Itf Men Singles,Hard,2026-02-27 02:31:25
11364,M15 Huamantla 2,264,Itf Men Doubles,Hard,2026-02-27 02:31:25
11363,M15 Huamantla 2,270,Itf Men Singles,Hard,2026-02-27 02:31:25
11396,M15 Huamantla 3,264,Itf Men Doubles,Hard,2026-02-27 02:31:25
11395,M15 Huamantla 3,270,Itf Men Singles,Hard,2026-02-27 02:31:25
12073,M15 Huamantla 4,264,Itf Men Doubles,Hard,2026-02-27 02:31:25
12072,M15 Huamantla 4,270,Itf Men Singles,Hard,2026-02-27 02:31:25
12106,M15 Huamantla 5,264,Itf Men Doubles,Hard,2026-02-27 02:31:25
12104,M15 Huamantla 5,270,Itf Men Singles,Hard,2026-02-27 02:31:25
12131,M15 Huamantla 6,264,Itf Men Doubles,Hard,2026-02-27 02:31:25
12129,M15 Huamantla 6,270,Itf Men Singles,Hard,2026-02-27 02:31:25
12146,M15 Huamantla 7,264,Itf Men Doubles,Hard,2026-02-27 02:31:25
12145,M15 Huamantla 7,270,Itf Men Singles,Hard,2026-02-27 02:31:25
9621,"M15 Huntsville, AL",264,Itf Men Doubles,Clay,2026-02-27 02:31:25
9623,"M15 Huntsville, AL",270,Itf Men Singles,Clay,2026-02-27 02:31:25
12980,M15 Hurghada,264,Itf Men Doubles,Hard,2026-02-27 02:31:25
12985,M15 Hurghada,270,Itf Men Singles,Hard,2026-02-27 02:31:25
13017,M15 Hurghada 2,264,Itf Men Doubles,Hard,2026-02-27 02:31:25
13024,M15 Hurghada 2,270,Itf Men Singles,Hard,2026-02-27 02:31:25
13245,M15 Hurghada 3,264,Itf Men Doubles,Hard,2026-02-27 02:31:25
13247,M15 Hurghada 3,270,Itf Men Singles,Hard,2026-02-27 02:31:25
4516,M15 Huy,264,Itf Men Doubles,Clay,2026-02-27 02:31:25
4513,M15 Huy,270,Itf Men Singles,Clay,2026-02-27 02:31:25
13620,M15 Hyderabad,264,Itf Men Doubles,Hard,2026-02-27 02:31:25
13619,M15 Hyderabad,270,Itf Men Singles,Hard,2026-02-27 02:31:25
13638,M15 Hyderabad 2,264,Itf Men Doubles,Hard,2026-02-27 02:31:25
13637,M15 Hyderabad 2,270,Itf Men Singles,Hard,2026-02-27 02:31:25
9923,M15 Hyvinkaa,264,Itf Men Doubles,Clay,2026-02-27 02:31:25
9939,M15 Hyvinkaa,270,Itf Men Singles,Clay,2026-02-27 02:31:25
4590,M15 Ibague,264,Itf Men Doubles,Clay,2026-02-27 02:31:25
4589,M15 Ibague,270,Itf Men Singles,Clay,2026-02-27 02:31:25
3946,M15 Indore,264,Itf Men Doubles,Hard,2026-02-27 02:31:25
3945,M15 Indore,270,Itf Men Singles,Hard,2026-02-27 02:31:25
4932,M15 Indore 2,264,Itf Men Doubles,Hard,2026-02-27 02:31:25
4923,M15 Indore 2,270,Itf Men Singles,Hard,2026-02-27 02:31:25
7469,M15 Innsbruck,264,Itf Men Doubles,Clay,2026-02-27 02:31:25
7464,M15 Innsbruck,270,Itf Men Singles,Clay,2026-02-27 02:31:25
10407,M15 Ipoh Perak,264,Itf Men Doubles,Hard,2026-02-27 02:31:25
10405,M15 Ipoh Perak,270,Itf Men Singles,Hard,2026-02-27 02:31:25
9800,"M15 Irvine, CA",264,Itf Men Doubles,Hard,2026-02-27 02:31:25
9799,"M15 Irvine, CA",270,Itf Men Singles,Hard,2026-02-27 02:31:25
4910,"M15 Ithaca, NY",264,Itf Men Doubles,Hard (Indoor),2026-02-27 02:31:25
4728,"M15 Ithaca, NY",270,Itf Men Singles,Hard,2026-02-27 02:31:25
4729,"M15 Ithaca, NY 2",264,Itf Men Doubles,Hard,2026-02-27 02:31:25
4916,"M15 Ithaca, NY 2",270,Itf Men Singles,Hard,2026-02-27 02:31:25
7642,M15 Jakarta,264,Itf Men Doubles,Hard,2026-02-27 02:31:25
7618,M15 Jakarta,270,Itf Men Singles,Hard,2026-02-27 02:31:25
7662,M15 Jakarta 2,264,Itf Men Doubles,Hard,2026-02-27 02:31:25
7661,M15 Jakarta 2,270,Itf Men Singles,Hard,2026-02-27 02:31:25
9711,M15 Jakarta 3,264,Itf Men Doubles,Hard,2026-02-27 02:31:25
9710,M15 Jakarta 3,270,Itf Men Singles,Hard,2026-02-27 02:31:25
9754,M15 Jakarta 4,264,Itf Men Doubles,Hard,2026-02-27 02:31:25
9753,M15 Jakarta 4,270,Itf Men Singles,Hard,2026-02-27 02:31:25
9793,M15 Jakarta 5,264,Itf Men Doubles,Hard,2026-02-27 02:31:25
9792,M15 Jakarta 5,270,Itf Men Singles,Hard,2026-02-27 02:31:25
13648,M15 Javea,264,Itf Men Doubles,Clay,2026-02-27 02:31:25
13647,M15 Javea,270,Itf Men Singles,Clay,2026-02-27 02:31:25
4041,M15 Jerusalem,264,Itf Men Doubles,Hard,2026-02-27 02:31:25
4039,M15 Jerusalem,270,Itf Men Singles,Hard,2026-02-27 02:31:25
12814,M15 Joinville,264,Itf Men Doubles,Clay,2026-02-27 02:31:25
12813,M15 Joinville,270,Itf Men Singles,Clay,2026-02-27 02:31:25
9579,M15 Kalmar,264,Itf Men Doubles,Clay,2026-02-27 02:31:25
9574,M15 Kalmar,270,Itf Men Singles,Clay,2026-02-27 02:31:25
7319,M15 Kamen,264,Itf Men Doubles,Clay,2026-02-27 02:31:25
7317,M15 Kamen,270,Itf Men Singles,Clay,2026-02-27 02:31:25
11860,M15 Kampala,264,Itf Men Doubles,Clay,2026-02-27 02:31:25
11859,M15 Kampala,270,Itf Men Singles,Clay,2026-02-27 02:31:25
9637,M15 Karuizawa,264,Itf Men Doubles,Clay,2026-02-27 02:31:25
9636,M15 Karuizawa,270,Itf Men Singles,Clay,2026-02-27 02:31:25
10843,M15 Kashiwa,264,Itf Men Doubles,Hard,2026-02-27 02:31:25
10842,M15 Kashiwa,270,Itf Men Singles,Hard,2026-02-27 02:31:25
11866,M15 Kayseri,264,Itf Men Doubles,Hard,2026-02-27 02:31:25
11865,M15 Kayseri,270,Itf Men Singles,Hard,2026-02-27 02:31:25
11912,M15 Kayseri 2,264,Itf Men Doubles,Hard,2026-02-27 02:31:25
11929,M15 Kayseri 2,270,Itf Men Singles,Hard,2026-02-27 02:31:25
11961,M15 Kayseri 3,264,Itf Men Doubles,Hard,2026-02-27 02:31:25
11960,M15 Kayseri 3,270,Itf Men Singles,Hard,2026-02-27 02:31:25
12646,M15 Kayseri 4,264,Itf Men Doubles,Hard,2026-02-27 02:31:25
12645,M15 Kayseri 4,270,Itf Men Singles,Hard,2026-02-27 02:31:25
12662,M15 Kayseri 5,264,Itf Men Doubles,Hard,2026-02-27 02:31:25
12660,M15 Kayseri 5,270,Itf Men Singles,Hard,2026-02-27 02:31:25
12688,M15 Kayseri 6,264,Itf Men Doubles,Hard,2026-02-27 02:31:25
12687,M15 Kayseri 6,270,Itf Men Singles,Hard,2026-02-27 02:31:25
13241,M15 Kayseri 7,264,Itf Men Doubles,Hard,2026-02-27 02:31:25
13240,M15 Kayseri 7,270,Itf Men Singles,Hard,2026-02-27 02:31:25
13262,M15 Kayseri 8,264,Itf Men Doubles,Hard,2026-02-27 02:31:25
13261,M15 Kayseri 8,270,Itf Men Singles,Hard,2026-02-27 02:31:25
13295,M15 Kayseri 9,264,Itf Men Doubles,Hard,2026-02-27 02:31:25
13294,M15 Kayseri 9,270,Itf Men Singles,Hard,2026-02-27 02:31:25
3259,M15 Kazan,264,Itf Men Doubles,Hard (Indoor),2026-02-27 02:31:25
3258,M15 Kazan,270,Itf Men Singles,Hard (Indoor),2026-02-27 02:31:25
3454,M15 Kazan 2,264,Itf Men Doubles,Hard (Indoor),2026-02-27 02:31:25
3453,M15 Kazan 2,270,Itf Men Singles,Hard (Indoor),2026-02-27 02:31:25
4762,M15 Kazan 3,264,Itf Men Doubles,Hard,2026-02-27 02:31:25
5009,M15 Kazan 3,270,Itf Men Singles,Hard,2026-02-27 02:31:25
7584,M15 Kfar Saba,264,Itf Men Doubles,Hard,2026-02-27 02:31:25
7568,M15 Kfar Saba,270,Itf Men Singles,Hard,2026-02-27 02:31:25
11030,M15 Kingston,264,Itf Men Doubles,Hard,2026-02-27 02:31:25
11029,M15 Kingston,270,Itf Men Singles,Hard,2026-02-27 02:31:25
11059,M15 Kingston 2,264,Itf Men Doubles,Hard,2026-02-27 02:31:25
11058,M15 Kingston 2,270,Itf Men Singles,Hard,2026-02-27 02:31:25
11092,M15 Kingston 3,264,Itf Men Doubles,Hard,2026-02-27 02:31:25
11091,M15 Kingston 3,270,Itf Men Singles,Hard,2026-02-27 02:31:25
9328,M15 Kish Island,264,Itf Men Doubles,Clay,2026-02-27 02:31:25
9327,M15 Kish Island,270,Itf Men Singles,Clay,2026-02-27 02:31:25
9365,M15 Kish Island 2,264,Itf Men Doubles,Clay,2026-02-27 02:31:25
9364,M15 Kish Island 2,270,Itf Men Singles,Clay,2026-02-27 02:31:25
10711,M15 Kish Island 3,264,Itf Men Doubles,Clay,2026-02-27 02:31:25
10710,M15 Kish Island 3,270,Itf Men Singles,Clay,2026-02-27 02:31:25
10727,M15 Kish Island 4,264,Itf Men Doubles,Clay,2026-02-27 02:31:25
10726,M15 Kish Island 4,270,Itf Men Singles,Clay,2026-02-27 02:31:25
12558,M15 Klagenfurt,264,Itf Men Doubles,Clay,2026-02-27 02:31:25
12557,M15 Klagenfurt,270,Itf Men Singles,Clay,2026-02-27 02:31:25
10110,M15 Koszalin,264,Itf Men Doubles,Clay,2026-02-27 02:31:25
10118,M15 Koszalin,270,Itf Men Singles,Clay,2026-02-27 02:31:25
11191,M15 Koszalin 2,264,Itf Men Doubles,Clay,2026-02-27 02:31:25
11200,M15 Koszalin 2,270,Itf Men Singles,Clay,2026-02-27 02:31:25
12507,M15 Kotka,264,Itf Men Doubles,Clay,2026-02-27 02:31:25
12525,M15 Kotka,270,Itf Men Singles,Clay,2026-02-27 02:31:25
7521,M15 Kottingbrunn,264,Itf Men Doubles,Clay,2026-02-27 02:31:25
7516,M15 Kottingbrunn,270,Itf Men Singles,Clay,2026-02-27 02:31:25
7593,M15 Kottingbrunn 2,264,Itf Men Doubles,Clay,2026-02-27 02:31:25
7592,M15 Kottingbrunn 2,270,Itf Men Singles,Clay,2026-02-27 02:31:25
4106,M15 Kouvola,264,Itf Men Doubles,Hard,2026-02-27 02:31:25
4131,M15 Kouvola,270,Itf Men Singles,Hard,2026-02-27 02:31:25
12928,M15 Krakow,264,Itf Men Doubles,Clay,2026-02-27 02:31:25
12927,M15 Krakow,270,Itf Men Singles,Clay,2026-02-27 02:31:25
9580,M15 Krsko,264,Itf Men Doubles,Clay,2026-02-27 02:31:25
9575,M15 Krsko,270,Itf Men Singles,Clay,2026-02-27 02:31:25
7532,M15 Kuala Lumpur,264,Itf Men Doubles,Hard,2026-02-27 02:31:25
7531,M15 Kuala Lumpur,270,Itf Men Singles,Hard,2026-02-27 02:31:25
13483,M15 Kuala Lumpur 2,264,Itf Men Doubles,Hard,2026-02-27 02:31:25
13482,M15 Kuala Lumpur 2,270,Itf Men Singles,Hard,2026-02-27 02:31:25
7572,M15 Kuching,264,Itf Men Doubles,Hard,2026-02-27 02:31:25
7571,M15 Kuching,270,Itf Men Singles,Hard,2026-02-27 02:31:25
9497,M15 Kursumlijska Banja,264,Itf Men Doubles,Clay,2026-02-27 02:31:25
9496,M15 Kursumlijska Banja,270,Itf Men Singles,Clay,2026-02-27 02:31:25
10950,M15 Kursumlijska Banja 10,264,Itf Men Doubles,Clay,2026-02-27 02:31:25
10949,M15 Kursumlijska Banja 10,270,Itf Men Singles,Clay,2026-02-27 02:31:25
11309,M15 Kursumlijska Banja 11,264,Itf Men Doubles,Clay,2026-02-27 02:31:25
11307,M15 Kursumlijska Banja 11,270,Itf Men Singles,Clay,2026-02-27 02:31:25
11357,M15 Kursumlijska Banja 12,264,Itf Men Doubles,Clay,2026-02-27 02:31:25
11355,M15 Kursumlijska Banja 12,270,Itf Men Singles,Clay,2026-02-27 02:31:25
11388,M15 Kursumlijska Banja 13,264,Itf Men Doubles,Clay,2026-02-27 02:31:25
11387,M15 Kursumlijska Banja 13,270,Itf Men Singles,Clay,2026-02-27 02:31:25
11424,M15 Kursumlijska Banja 14,264,Itf Men Doubles,Clay,2026-02-27 02:31:25
11423,M15 Kursumlijska Banja 14,270,Itf Men Singles,Clay,2026-02-27 02:31:25
11465,M15 Kursumlijska Banja 15,264,Itf Men Doubles,Clay,2026-02-27 02:31:25
11464,M15 Kursumlijska Banja 15,270,Itf Men Singles,Clay,2026-02-27 02:31:25
11595,M15 Kursumlijska Banja 16,264,Itf Men Doubles,Clay,2026-02-27 02:31:25
11591,M15 Kursumlijska Banja 16,270,Itf Men Singles,Clay,2026-02-27 02:31:25
11664,M15 Kursumlijska Banja 17,264,Itf Men Doubles,Clay,2026-02-27 02:31:25
11663,M15 Kursumlijska Banja 17,270,Itf Men Singles,Clay,2026-02-27 02:31:25
11753,M15 Kursumlijska Banja 18,270,Itf Men Singles,Clay,2026-02-27 02:31:25
9522,M15 Kursumlijska Banja 2,264,Itf Men Doubles,Clay,2026-02-27 02:31:25
9518,M15 Kursumlijska Banja 2,270,Itf Men Singles,Clay,2026-02-27 02:31:25
9616,M15 Kursumlijska Banja 3,264,Itf Men Doubles,Clay,2026-02-27 02:31:25
9614,M15 Kursumlijska Banja 3,270,Itf Men Singles,Clay,2026-02-27 02:31:25
9645,M15 Kursumlijska Banja 4,264,Itf Men Doubles,Clay,2026-02-27 02:31:25
9644,M15 Kursumlijska Banja 4,270,Itf Men Singles,Clay,2026-02-27 02:31:25
9729,M15 Kursumlijska Banja 5,264,Itf Men Doubles,Clay,2026-02-27 02:31:25
9726,M15 Kursumlijska Banja 5,270,Itf Men Singles,Clay,2026-02-27 02:31:25
9764,M15 Kursumlijska Banja 6,264,Itf Men Doubles,Clay,2026-02-27 02:31:25
9761,M15 Kursumlijska Banja 6,270,Itf Men Singles,Clay,2026-02-27 02:31:25
10069,M15 Kursumlijska Banja 7,264,Itf Men Doubles,Clay,2026-02-27 02:31:25
10066,M15 Kursumlijska Banja 7,270,Itf Men Singles,Clay,2026-02-27 02:31:25
10134,M15 Kursumlijska Banja 8,264,Itf Men Doubles,Clay,2026-02-27 02:31:25
10133,M15 Kursumlijska Banja 8,270,Itf Men Singles,Clay,2026-02-27 02:31:25
10168,M15 Kursumlijska Banja 9,264,Itf Men Doubles,Clay,2026-02-27 02:31:25
10164,M15 Kursumlijska Banja 9,270,Itf Men Singles,Clay,2026-02-27 02:31:25
4329,M15 L'Aquila,264,Itf Men Doubles,Clay,2026-02-27 02:31:25
4319,M15 L'Aquila,270,Itf Men Singles,Clay,2026-02-27 02:31:25
3952,M15 La Nucia,264,Itf Men Doubles,Clay,2026-02-27 02:31:25
3951,M15 La Nucia,270,Itf Men Singles,Clay,2026-02-27 02:31:25
13541,M15 La Paz,264,Itf Men Doubles,Clay,2026-02-27 02:31:25
13540,M15 La Paz,270,Itf Men Singles,Clay,2026-02-27 02:31:25
7442,"M15 Lakewood, CA",264,Itf Men Doubles,Hard,2026-02-27 02:31:25
7440,"M15 Lakewood, CA",270,Itf Men Singles,Hard,2026-02-27 02:31:25
9870,"M15 Lakewood, CA 2",264,Itf Men Doubles,Hard,2026-02-27 02:31:25
9872,"M15 Lakewood, CA 2",270,Itf Men Singles,Hard,2026-02-27 02:31:25
5120,M15 Lambare,264,Itf Men Doubles,Clay,2026-02-27 02:31:25
5118,M15 Lambare,270,Itf Men Singles,Clay,2026-02-27 02:31:25
7716,M15 Lambermont,264,Itf Men Doubles,Clay,2026-02-27 02:31:25
7709,M15 Lambermont,270,Itf Men Singles,Clay,2026-02-27 02:31:25
10701,M15 Lannion,264,Itf Men Doubles,Hard,2026-02-27 02:31:25
10700,M15 Lannion,270,Itf Men Singles,Hard,2026-02-27 02:31:25
4019,M15 Las Palmas de Gran Canaria,264,Itf Men Doubles,Clay,2026-02-27 02:31:25
4021,M15 Las Palmas de Gran Canaria,270,Itf Men Singles,Clay,2026-02-27 02:31:25
10312,"M15 Las Vegas, NV",264,Itf Men Doubles,Hard,2026-02-27 02:31:25
10311,"M15 Las Vegas, NV",270,Itf Men Singles,Hard,2026-02-27 02:31:25
10748,M15 Les Franqueses del Valles,264,Itf Men Doubles,Hard,2026-02-27 02:31:25
10747,M15 Les Franqueses del Valles,270,Itf Men Singles,Hard,2026-02-27 02:31:25
13329,"M15 Lexington, KY",264,Itf Men Doubles,Hard,2026-02-27 02:31:25
13328,"M15 Lexington, KY",270,Itf Men Singles,Hard,2026-02-27 02:31:25
8245,M15 Lima,264,Itf Men Doubles,Clay,2026-02-27 02:31:25
8244,M15 Lima,270,Itf Men Singles,Clay,2026-02-27 02:31:25
8296,M15 Lima 2,264,Itf Men Doubles,Clay,2026-02-27 02:31:25
8295,M15 Lima 2,270,Itf Men Singles,Clay,2026-02-27 02:31:25
13570,M15 Lima 3,264,Itf Men Doubles,Clay,2026-02-27 02:31:25
13569,M15 Lima 3,270,Itf Men Singles,Clay,2026-02-27 02:31:25
13562,M15 Lima 5,264,Itf Men Doubles,Clay,2026-02-27 02:31:25
13561,M15 Lima 5,270,Itf Men Singles,Clay,2026-02-27 02:31:25
10413,M15 Limassol,264,Itf Men Doubles,Hard,2026-02-27 02:31:25
10411,M15 Limassol,270,Itf Men Singles,Hard,2026-02-27 02:31:25
10448,M15 Limassol 2,264,Itf Men Doubles,Hard,2026-02-27 02:31:25
10447,M15 Limassol 2,270,Itf Men Singles,Hard,2026-02-27 02:31:25
7423,M15 Litija,264,Itf Men Doubles,Clay,2026-02-27 02:31:25
7421,M15 Litija,270,Itf Men Singles,Clay,2026-02-27 02:31:25
12565,M15 Ljubljana,264,Itf Men Doubles,Clay,2026-02-27 02:31:25
12564,M15 Ljubljana,270,Itf Men Singles,Clay,2026-02-27 02:31:25
4475,M15 Lodz,264,Itf Men Doubles,Clay,2026-02-27 02:31:25
4471,M15 Lodz,270,Itf Men Singles,Clay,2026-02-27 02:31:25
9428,M15 Lons-le-Saunier,264,Itf Men Doubles,Hard,2026-02-27 02:31:25
9427,M15 Lons-le-Saunier,270,Itf Men Singles,Hard,2026-02-27 02:31:25
7370,"M15 Los Angeles, CA",264,Itf Men Doubles,Hard,2026-02-27 02:31:25
7368,"M15 Los Angeles, CA",270,Itf Men Singles,Hard,2026-02-27 02:31:25
12393,M15 Luan,264,Itf Men Doubles,Hard,2026-02-27 02:31:25
12391,M15 Luan,270,Itf Men Singles,Hard,2026-02-27 02:31:25
13218,M15 Luan 2,264,Itf Men Doubles,Hard,2026-02-27 02:31:25
13097,M15 Luan 2,270,Itf Men Singles,Hard,2026-02-27 02:31:25
13217,M15 Luan 3,264,Itf Men Doubles,hard,2026-02-27 02:31:25
13096,M15 Luan 3,270,Itf Men Singles,hard,2026-02-27 02:31:25
12406,M15 Luan 4,264,Itf Men Doubles,Hard,2026-02-27 02:31:25
12404,M15 Luan 4,270,Itf Men Singles,Hard,2026-02-27 02:31:25
12420,M15 Luan 5,264,Itf Men Doubles,Hard,2026-02-27 02:31:25
12418,M15 Luan 5,270,Itf Men Singles,Hard,2026-02-27 02:31:25
12538,M15 Luan 6,264,Itf Men Doubles,Hard,2026-02-27 02:31:25
12537,M15 Luan 6,270,Itf Men Singles,Hard,2026-02-27 02:31:25
12560,M15 Luan 7,264,Itf Men Doubles,Hard,2026-02-27 02:31:25
12559,M15 Luan 7,270,Itf Men Singles,Hard,2026-02-27 02:31:25
12578,M15 Luan 8,264,Itf Men Doubles,Hard,2026-02-27 02:31:25
12579,M15 Luan 8,270,Itf Men Singles,Hard,2026-02-27 02:31:25
12067,M15 Luanda,264,Itf Men Doubles,Hard,2026-02-27 02:31:25
12063,M15 Luanda,270,Itf Men Singles,Hard,2026-02-27 02:31:25
12094,M15 Luanda 2,264,Itf Men Doubles,Hard,2026-02-27 02:31:25
12111,M15 Luanda 2,270,Itf Men Singles,Hard,2026-02-27 02:31:25
4696,"M15 Lubbock, TX",264,Itf Men Doubles,Hard,2026-02-27 02:31:25
4695,"M15 Lubbock, TX",270,Itf Men Singles,Hard,2026-02-27 02:31:25
3938,M15 Lucknow,264,Itf Men Doubles,Hard,2026-02-27 02:31:25
3937,M15 Lucknow,270,Itf Men Singles,Hard,2026-02-27 02:31:25
8291,M15 Lujan,264,Itf Men Doubles,Clay,2026-02-27 02:31:25
8290,M15 Lujan,270,Itf Men Singles,Clay,2026-02-27 02:31:25
12270,M15 Maanshan,264,Itf Men Doubles,Hard,2026-02-27 02:31:25
12269,M15 Maanshan,270,Itf Men Singles,Hard,2026-02-27 02:31:25
12294,M15 Maanshan 2,264,Itf Men Doubles,Hard,2026-02-27 02:31:25
12293,M15 Maanshan 2,270,Itf Men Singles,Hard,2026-02-27 02:31:25
12666,M15 Maanshan 3,264,Itf Men Doubles,Hard,2026-02-27 02:31:25
12664,M15 Maanshan 3,270,Itf Men Singles,Hard,2026-02-27 02:31:25
12677,M15 Maanshan 4,264,Itf Men Doubles,Hard,2026-02-27 02:31:25
12676,M15 Maanshan 4,270,Itf Men Singles,Hard,2026-02-27 02:31:25
12707,M15 Maanshan 5,264,Itf Men Doubles,Hard,2026-02-27 02:31:25
12706,M15 Maanshan 5,270,Itf Men Singles,Hard,2026-02-27 02:31:25
12913,M15 Maanshan 6,264,Itf Men Doubles,Hard,2026-02-27 02:31:25
12911,M15 Maanshan 6,270,Itf Men Singles,Hard,2026-02-27 02:31:25
12944,M15 Maanshan 7,264,Itf Men Doubles,Hard,2026-02-27 02:31:25
12943,M15 Maanshan 7,270,Itf Men Singles,Hard,2026-02-27 02:31:25
12964,M15 Maanshan 8,264,Itf Men Doubles,Hard,2026-02-27 02:31:25
12963,M15 Maanshan 8,270,Itf Men Singles,Hard,2026-02-27 02:31:25
13007,M15 Maanshan 9,264,Itf Men Doubles,Hard,2026-02-27 02:31:25
13006,M15 Maanshan 9,270,Itf Men Singles,Hard,2026-02-27 02:31:25
3862,M15 Madrid,264,Itf Men Doubles,Clay (Indoor),2026-02-27 02:31:25
3866,M15 Madrid,270,Itf Men Singles,Clay (Indoor),2026-02-27 02:31:25
8326,M15 Madrid 2,264,Itf Men Doubles,Hard,2026-02-27 02:31:25
8328,M15 Madrid 2,270,Itf Men Singles,Clay,2026-02-27 02:31:25
8372,M15 Madrid 3,264,Itf Men Doubles,Hard,2026-02-27 02:31:25
8371,M15 Madrid 3,270,Itf Men Singles,Hard,2026-02-27 02:31:25
8414,M15 Madrid 4,264,Itf Men Doubles,Clay,2026-02-27 02:31:25
8408,M15 Madrid 4,270,Itf Men Singles,Hard,2026-02-27 02:31:25
4032,M15 Majadahonda,264,Itf Men Doubles,Clay,2026-02-27 02:31:25
4036,M15 Majadahonda,270,Itf Men Singles,Clay,2026-02-27 02:31:25
7675,M15 Malmo,264,Itf Men Doubles,Clay,2026-02-27 02:31:25
7674,M15 Malmo,270,Itf Men Singles,Clay,2026-02-27 02:31:25
13405,M15 Malta,264,Itf Men Doubles,Hard,2026-02-27 02:31:25
13404,M15 Malta,270,Itf Men Singles,Hard,2026-02-27 02:31:25
3874,M15 Manacor,264,Itf Men Doubles,Hard,2026-02-27 02:31:25
3873,M15 Manacor,270,Itf Men Singles,Hard,2026-02-27 02:31:25
3222,M15 Manacor (Mallorca),264,Itf Men Doubles,Hard,2026-02-27 02:31:25
3221,M15 Manacor (Mallorca),270,Itf Men Singles,Hard,2026-02-27 02:31:25
9082,M15 Manacor (Mallorca) 2,264,Itf Men Doubles,Hard,2026-02-27 02:31:25
3281,M15 Manacor (Mallorca) 2,270,Itf Men Singles,Clay,2026-02-27 02:31:25
10542,M15 Manacor 2,264,Itf Men Doubles,Hard,2026-02-27 02:31:25
10541,M15 Manacor 2,270,Itf Men Singles,Hard,2026-02-27 02:31:25
10592,M15 Manacor 3,264,Itf Men Doubles,Hard,2026-02-27 02:31:25
10561,M15 Manacor 3,270,Itf Men Singles,Hard,2026-02-27 02:31:25
13435,M15 Manama,264,Itf Men Doubles,Hard,2026-02-27 02:31:25
13434,M15 Manama,270,Itf Men Singles,Hard,2026-02-27 02:31:25
8008,M15 Manizales,264,Itf Men Doubles,Clay,2026-02-27 02:31:25
8007,M15 Manizales,270,Itf Men Singles,Clay,2026-02-27 02:31:25
7993,M15 Maputo,264,Itf Men Doubles,Hard,2026-02-27 02:31:25
7992,M15 Maputo,270,Itf Men Singles,Hard,2026-02-27 02:31:25
8052,M15 Maputo 2,264,Itf Men Doubles,Hard,2026-02-27 02:31:25
8049,M15 Maputo 2,270,Itf Men Singles,Hard,2026-02-27 02:31:25
4117,M15 Marbella,264,Itf Men Doubles,Hard,2026-02-27 02:31:25
4129,M15 Marbella,270,Itf Men Singles,Hard,2026-02-27 02:31:25
5351,M15 Marrakech,264,Itf Men Doubles,Clay,2026-02-27 02:31:25
5349,M15 Marrakech,270,Itf Men Singles,Clay,2026-02-27 02:31:25
5376,M15 Marrakech 2,264,Itf Men Doubles,Clay,2026-02-27 02:31:25
5387,M15 Marrakech 2,270,Itf Men Singles,Clay,2026-02-27 02:31:25
5527,M15 Meerbusch,264,Itf Men Doubles,Clay,2026-02-27 02:31:25
5525,M15 Meerbusch,270,Itf Men Singles,Clay,2026-02-27 02:31:25
3611,M15 Melilla,264,Itf Men Doubles,Clay,2026-02-27 02:31:25
3610,M15 Melilla,270,Itf Men Singles,Clay,2026-02-27 02:31:25
7687,"M15 Memphis, TN",264,Itf Men Doubles,Hard,2026-02-27 02:31:25
7692,"M15 Memphis, TN",270,Itf Men Singles,Hard,2026-02-27 02:31:25
12577,M15 Messina,264,Itf Men Doubles,Clay,2026-02-27 02:31:25
12576,M15 Messina,270,Itf Men Singles,Clay,2026-02-27 02:31:25
7466,M15 Metzingen,264,Itf Men Doubles,Clay,2026-02-27 02:31:25
7465,M15 Metzingen,270,Itf Men Singles,Clay,2026-02-27 02:31:25
12924,M15 Mistelbach,264,Itf Men Doubles,Clay,2026-02-27 02:31:25
12923,M15 Mistelbach,270,Itf Men Singles,Clay,2026-02-27 02:31:25
9503,M15 Mogi das Cruzes,264,Itf Men Doubles,Clay,2026-02-27 02:31:25
9500,M15 Mogi das Cruzes,270,Itf Men Singles,Clay,2026-02-27 02:31:25
3219,M15 Monastir,264,Itf Men Doubles,Hard,2026-02-27 02:31:25
3218,M15 Monastir,270,Itf Men Singles,Hard,2026-02-27 02:31:25
3469,M15 Monastir 10,264,Itf Men Doubles,Hard,2026-02-27 02:31:25
3475,M15 Monastir 10,270,Itf Men Singles,Hard,2026-02-27 02:31:25
5203,M15 Monastir 11,264,Itf Men Doubles,Hard,2026-02-27 02:31:25
5200,M15 Monastir 11,270,Itf Men Singles,Hard,2026-02-27 02:31:25
5055,M15 Monastir 12,264,Itf Men Doubles,Hard,2026-02-27 02:31:25
4874,M15 Monastir 12,270,Itf Men Singles,Hard,2026-02-27 02:31:25
4086,M15 Monastir 13,264,Itf Men Doubles,Hard,2026-02-27 02:31:25
4082,M15 Monastir 13,270,Itf Men Singles,Hard,2026-02-27 02:31:25
4153,M15 Monastir 14,264,Itf Men Doubles,Hard,2026-02-27 02:31:25
4127,M15 Monastir 14,270,Itf Men Singles,Hard,2026-02-27 02:31:25
5035,M15 Monastir 15,264,Itf Men Doubles,Hard,2026-02-27 02:31:25
4148,M15 Monastir 15,270,Itf Men Singles,Hard,2026-02-27 02:31:25
5034,M15 Monastir 16,264,Itf Men Doubles,Hard,2026-02-27 02:31:25
4182,M15 Monastir 16,270,Itf Men Singles,Hard,2026-02-27 02:31:25
4057,M15 Monastir 17,264,Itf Men Doubles,Hard,2026-02-27 02:31:25
4056,M15 Monastir 17,270,Itf Men Singles,Hard,2026-02-27 02:31:25
4242,M15 Monastir 18,264,Itf Men Doubles,Hard,2026-02-27 02:31:25
4240,M15 Monastir 18,270,Itf Men Singles,Hard,2026-02-27 02:31:25
5597,M15 Monastir 19,264,Itf Men Doubles,Hard,2026-02-27 02:31:25
4875,M15 Monastir 19,270,Itf Men Singles,Hard,2026-02-27 02:31:25
3242,M15 Monastir 2,264,Itf Men Doubles,Hard,2026-02-27 02:31:25
3240,M15 Monastir 2,270,Itf Men Singles,Hard,2026-02-27 02:31:25
7119,M15 Monastir 20,264,Itf Men Doubles,Hard,2026-02-27 02:31:25
4876,M15 Monastir 20,270,Itf Men Singles,Hard,2026-02-27 02:31:25
7165,M15 Monastir 21,264,Itf Men Doubles,Hard,2026-02-27 02:31:25
4877,M15 Monastir 21,270,Itf Men Singles,Hard,2026-02-27 02:31:25
4162,M15 Monastir 22,264,Itf Men Doubles,Hard,2026-02-27 02:31:25
4878,M15 Monastir 22,270,Itf Men Singles,Hard,2026-02-27 02:31:25
7259,M15 Monastir 23,264,Itf Men Doubles,Hard,2026-02-27 02:31:25
4879,M15 Monastir 23,270,Itf Men Singles,Hard,2026-02-27 02:31:25
4223,M15 Monastir 24,264,Itf Men Doubles,Hard,2026-02-27 02:31:25
4204,M15 Monastir 24,270,Itf Men Singles,Hard,2026-02-27 02:31:25
7342,M15 Monastir 25,264,Itf Men Doubles,Hard,2026-02-27 02:31:25
4880,M15 Monastir 25,270,Itf Men Singles,Hard,2026-02-27 02:31:25
7386,M15 Monastir 26,264,Itf Men Doubles,Hard,2026-02-27 02:31:25
4262,M15 Monastir 26,270,Itf Men Singles,Hard,2026-02-27 02:31:25
4313,M15 Monastir 27,264,Itf Men Doubles,Hard,2026-02-27 02:31:25
4309,M15 Monastir 27,270,Itf Men Singles,Hard,2026-02-27 02:31:25
4338,M15 Monastir 28,264,Itf Men Doubles,Hard,2026-02-27 02:31:25
4320,M15 Monastir 28,270,Itf Men Singles,Hard,2026-02-27 02:31:25
7506,M15 Monastir 29,264,Itf Men Doubles,Hard,2026-02-27 02:31:25
4350,M15 Monastir 29,270,Itf Men Singles,Hard,2026-02-27 02:31:25
3269,M15 Monastir 3,264,Itf Men Doubles,Hard,2026-02-27 02:31:25
3267,M15 Monastir 3,270,Itf Men Singles,Hard,2026-02-27 02:31:25
7570,M15 Monastir 30,264,Itf Men Doubles,Hard,2026-02-27 02:31:25
4394,M15 Monastir 30,270,Itf Men Singles,Hard,2026-02-27 02:31:25
4440,M15 Monastir 31,264,Itf Men Doubles,Hard,2026-02-27 02:31:25
4438,M15 Monastir 31,270,Itf Men Singles,Hard,2026-02-27 02:31:25
4458,M15 Monastir 32,264,Itf Men Doubles,Hard,2026-02-27 02:31:25
4448,M15 Monastir 32,270,Itf Men Singles,Hard,2026-02-27 02:31:25
7711,M15 Monastir 33,264,Itf Men Doubles,Hard,2026-02-27 02:31:25
4484,M15 Monastir 33,270,Itf Men Singles,Hard,2026-02-27 02:31:25
4532,M15 Monastir 34,264,Itf Men Doubles,Hard,2026-02-27 02:31:25
4523,M15 Monastir 34,270,Itf Men Singles,Hard,2026-02-27 02:31:25
7786,M15 Monastir 35,264,Itf Men Doubles,Hard,2026-02-27 02:31:25
4559,M15 Monastir 35,270,Itf Men Singles,Hard,2026-02-27 02:31:25
4596,M15 Monastir 36,264,Itf Men Doubles,Hard,2026-02-27 02:31:25
4595,M15 Monastir 36,270,Itf Men Singles,Hard,2026-02-27 02:31:25
7869,M15 Monastir 37,264,Itf Men Doubles,Hard,2026-02-27 02:31:25
4646,M15 Monastir 37,270,Itf Men Singles,Hard,2026-02-27 02:31:25
4667,M15 Monastir 38,264,Itf Men Doubles,Hard,2026-02-27 02:31:25
4683,M15 Monastir 38,270,Itf Men Singles,Hard,2026-02-27 02:31:25
4702,M15 Monastir 39,264,Itf Men Doubles,Hard,2026-02-27 02:31:25
4701,M15 Monastir 39,270,Itf Men Singles,Hard,2026-02-27 02:31:25
3291,M15 Monastir 4,264,Itf Men Doubles,Hard,2026-02-27 02:31:25
3297,M15 Monastir 4,270,Itf Men Singles,Hard,2026-02-27 02:31:25
4740,M15 Monastir 40,264,Itf Men Doubles,Hard,2026-02-27 02:31:25
4735,M15 Monastir 40,270,Itf Men Singles,Hard,2026-02-27 02:31:25
4844,M15 Monastir 41,264,Itf Men Doubles,Hard,2026-02-27 02:31:25
4748,M15 Monastir 41,270,Itf Men Singles,Hard,2026-02-27 02:31:25
4911,M15 Monastir 42,264,Itf Men Doubles,Hard,2026-02-27 02:31:25
4895,M15 Monastir 42,270,Itf Men Singles,Hard,2026-02-27 02:31:25
4943,M15 Monastir 43,264,Itf Men Doubles,Hard,2026-02-27 02:31:25
4924,M15 Monastir 43,270,Itf Men Singles,Hard,2026-02-27 02:31:25
4969,M15 Monastir 44,264,Itf Men Doubles,Hard,2026-02-27 02:31:25
4984,M15 Monastir 44,270,Itf Men Singles,Hard,2026-02-27 02:31:25
5032,M15 Monastir 45,264,Itf Men Doubles,Hard,2026-02-27 02:31:25
4957,M15 Monastir 45,270,Itf Men Singles,Hard,2026-02-27 02:31:25
5079,M15 Monastir 46,264,Itf Men Doubles,Hard,2026-02-27 02:31:25
5071,M15 Monastir 46,270,Itf Men Singles,Hard,2026-02-27 02:31:25
5101,M15 Monastir 47,264,Itf Men Doubles,Hard,2026-02-27 02:31:25
5098,M15 Monastir 47,270,Itf Men Singles,Hard,2026-02-27 02:31:25
5124,M15 Monastir 48,264,Itf Men Doubles,Hard,2026-02-27 02:31:25
5115,M15 Monastir 48,270,Itf Men Singles,Hard,2026-02-27 02:31:25
5138,M15 Monastir 49,264,Itf Men Doubles,Hard,2026-02-27 02:31:25
5136,M15 Monastir 49,270,Itf Men Singles,Hard,2026-02-27 02:31:25
3314,M15 Monastir 5,264,Itf Men Doubles,Hard,2026-02-27 02:31:25
3311,M15 Monastir 5,270,Itf Men Singles,Hard,2026-02-27 02:31:25
5149,M15 Monastir 50,264,Itf Men Doubles,Hard,2026-02-27 02:31:25
5148,M15 Monastir 50,270,Itf Men Singles,Hard,2026-02-27 02:31:25
8466,M15 Monastir 51,264,Itf Men Doubles,Hard,2026-02-27 02:31:25
5194,M15 Monastir 51,270,Itf Men Singles,Hard,2026-02-27 02:31:25
10500,M15 Monastir 52,264,Itf Men Doubles,Hard,2026-02-27 02:31:25
10499,M15 Monastir 52,270,Itf Men Singles,Hard,2026-02-27 02:31:25
3349,M15 Monastir 6,264,Itf Men Doubles,Hard,2026-02-27 02:31:25
3348,M15 Monastir 6,270,Itf Men Singles,Hard,2026-02-27 02:31:25
3382,M15 Monastir 7,264,Itf Men Doubles,Hard,2026-02-27 02:31:25
3373,M15 Monastir 7,270,Itf Men Singles,Hard,2026-02-27 02:31:25
3401,M15 Monastir 8,264,Itf Men Doubles,Hard,2026-02-27 02:31:25
3411,M15 Monastir 8,270,Itf Men Singles,Hard,2026-02-27 02:31:25
3433,M15 Monastir 9,264,Itf Men Doubles,Hard,2026-02-27 02:31:25
3431,M15 Monastir 9,270,Itf Men Singles,Hard,2026-02-27 02:31:25
12321,M15 Montreal,264,Itf Men Doubles,Hard,2026-02-27 02:31:25
12320,M15 Montreal,270,Itf Men Singles,Hard,2026-02-27 02:31:25
10324,M15 Morelia,264,Itf Men Doubles,Hard,2026-02-27 02:31:25
10315,M15 Morelia,270,Itf Men Singles,Hard,2026-02-27 02:31:25
12638,M15 Mungia-Laukariz,264,Itf Men Doubles,Clay,2026-02-27 02:31:25
12636,M15 Mungia-Laukariz,270,Itf Men Singles,Clay,2026-02-27 02:31:25
12740,M15 Nakhon Pathom,264,Itf Men Doubles,Hard,2026-02-27 02:31:25
12739,M15 Nakhon Pathom,270,Itf Men Singles,Hard,2026-02-27 02:31:25
12774,M15 Nakhon Pathom 2,264,Itf Men Doubles,Hard,2026-02-27 02:31:25
12773,M15 Nakhon Pathom 2,270,Itf Men Singles,Hard,2026-02-27 02:31:25
12827,M15 Nakhon Pathom 3,264,Itf Men Doubles,Hard,2026-02-27 02:31:25
12825,M15 Nakhon Pathom 3,270,Itf Men Singles,Hard,2026-02-27 02:31:25
12916,M15 Nakhon Pathom 4,264,Itf Men Doubles,Hard,2026-02-27 02:31:25
12915,M15 Nakhon Pathom 4,270,Itf Men Singles,Hard,2026-02-27 02:31:25
12948,M15 Nakhon Pathom 5,264,Itf Men Doubles,Hard,2026-02-27 02:31:25
12947,M15 Nakhon Pathom 5,270,Itf Men Singles,Hard,2026-02-27 02:31:25
9640,M15 Nakhon Si Thammarat,264,Itf Men Doubles,Hard,2026-02-27 02:31:25
9638,M15 Nakhon Si Thammarat,270,Itf Men Singles,Hard,2026-02-27 02:31:25
9674,M15 Nakhon Si Thammarat 2,264,Itf Men Doubles,Hard,2026-02-27 02:31:25
9672,M15 Nakhon Si Thammarat 2,270,Itf Men Singles,Hard,2026-02-27 02:31:25
9827,M15 Nakhon Si Thammarat 3,264,Itf Men Doubles,Hard,2026-02-27 02:31:25
9824,M15 Nakhon Si Thammarat 3,270,Itf Men Singles,Hard,2026-02-27 02:31:25
9854,M15 Nakhon Si Thammarat 4,264,Itf Men Doubles,Hard,2026-02-27 02:31:25
9853,M15 Nakhon Si Thammarat 4,270,Itf Men Singles,Hard,2026-02-27 02:31:25
9879,M15 Nakhon Si Thammarat 5,264,Itf Men Doubles,Hard,2026-02-27 02:31:25
9877,M15 Nakhon Si Thammarat 5,270,Itf Men Singles,Hard,2026-02-27 02:31:25
10033,M15 Nakhon Si Thammarat 6,264,Itf Men Doubles,Hard,2026-02-27 02:31:25
10032,M15 Nakhon Si Thammarat 6,270,Itf Men Singles,Hard,2026-02-27 02:31:25
10050,M15 Nakhon Si Thammarat 7,264,Itf Men Doubles,Hard,2026-02-27 02:31:25
10049,M15 Nakhon Si Thammarat 7,270,Itf Men Singles,Hard,2026-02-27 02:31:25
10093,M15 Nakhon Si Thammarat 8,264,Itf Men Doubles,Hard,2026-02-27 02:31:25
10089,M15 Nakhon Si Thammarat 8,270,Itf Men Singles,Hard,2026-02-27 02:31:25
4727,"M15 Naples, FL",264,Itf Men Doubles,Clay,2026-02-27 02:31:25
4726,"M15 Naples, FL",270,Itf Men Singles,Clay,2026-02-27 02:31:25
4753,"M15 Naples, FL 2",264,Itf Men Doubles,Clay,2026-02-27 02:31:25
4747,"M15 Naples, FL 2",270,Itf Men Singles,Clay,2026-02-27 02:31:25
5286,"M15 Naples, FL 3",264,Itf Men Doubles,Clay,2026-02-27 02:31:25
5285,"M15 Naples, FL 3",270,Itf Men Singles,Clay,2026-02-27 02:31:25
11028,M15 Neuquen,264,Itf Men Doubles,Clay,2026-02-27 02:31:25
11027,M15 Neuquen,270,Itf Men Singles,Clay,2026-02-27 02:31:25
3985,M15 New Delhi,264,Itf Men Doubles,Hard,2026-02-27 02:31:25
3984,M15 New Delhi,270,Itf Men Singles,Hard,2026-02-27 02:31:25
4964,M15 New Delhi 2,264,Itf Men Doubles,Hard,2026-02-27 02:31:25
4958,M15 New Delhi 2,270,Itf Men Singles,Hard,2026-02-27 02:31:25
10788,M15 Nishi-Tokyo,264,Itf Men Doubles,Hard,2026-02-27 02:31:25
10787,M15 Nishi-Tokyo,270,Itf Men Singles,Hard,2026-02-27 02:31:25
12306,M15 Nonthaburi,264,Itf Men Doubles,Hard,2026-02-27 02:31:25
12305,M15 Nonthaburi,270,Itf Men Singles,Hard,2026-02-27 02:31:25
12331,M15 Nonthaburi 2,264,Itf Men Doubles,Hard,2026-02-27 02:31:25
12329,M15 Nonthaburi 2,270,Itf Men Singles,Hard,2026-02-27 02:31:25
12363,M15 Nonthaburi 3,264,Itf Men Doubles,Hard,2026-02-27 02:31:25
12362,M15 Nonthaburi 3,270,Itf Men Singles,Hard,2026-02-27 02:31:25
8146,"M15 Norman, OK",264,Itf Men Doubles,Hard,2026-02-27 02:31:25
8145,"M15 Norman, OK",270,Itf Men Singles,Hard,2026-02-27 02:31:25
12751,M15 Nova Gorica,264,Itf Men Doubles,Clay,2026-02-27 02:31:25
12750,M15 Nova Gorica,270,Itf Men Singles,Clay,2026-02-27 02:31:25
4382,M15 Novi Sad,264,Itf Men Doubles,Clay,2026-02-27 02:31:25
4381,M15 Novi Sad,270,Itf Men Singles,Clay,2026-02-27 02:31:25
4420,M15 Novi Sad 2,264,Itf Men Doubles,Clay,2026-02-27 02:31:25
4419,M15 Novi Sad 2,270,Itf Men Singles,Clay,2026-02-27 02:31:25
7583,M15 Novi Sad 3,264,Itf Men Doubles,Clay,2026-02-27 02:31:25
7582,M15 Novi Sad 3,270,Itf Men Singles,Clay,2026-02-27 02:31:25
3568,M15 Novomoskovsk,264,Itf Men Doubles,Clay,2026-02-27 02:31:25
3574,M15 Novomoskovsk,270,Itf Men Singles,Clay,2026-02-27 02:31:25
9255,M15 Novomoskovsk 2,264,Itf Men Doubles,Clay,2026-02-27 02:31:25
4126,M15 Novomoskovsk 2,270,Itf Men Singles,Clay,2026-02-27 02:31:25
4163,M15 Novomoskovsk 3,264,Itf Men Doubles,Clay,2026-02-27 02:31:25
4146,M15 Novomoskovsk 3,270,Itf Men Singles,Clay,2026-02-27 02:31:25
4965,M15 Nules,264,Itf Men Doubles,Clay,2026-02-27 02:31:25
4959,M15 Nules,270,Itf Men Singles,Clay,2026-02-27 02:31:25
3902,M15 Nur-Sultan,264,Itf Men Doubles,Hard (Indoor),2026-02-27 02:31:25
3909,M15 Nur-Sultan,270,Itf Men Singles,Hard (Indoor),2026-02-27 02:31:25
9291,M15 Nur-Sultan 2,264,Itf Men Doubles,Hard (Indoor),2026-02-27 02:31:25
4987,M15 Nur-Sultan 2,270,Itf Men Singles,Hard (Indoor),2026-02-27 02:31:25
9684,M15 Nyiregyhaza,264,Itf Men Doubles,Clay,2026-02-27 02:31:25
9683,M15 Nyiregyhaza,270,Itf Men Singles,Clay,2026-02-27 02:31:25
11183,M15 Nyiregyhaza 2,264,Itf Men Doubles,Clay,2026-02-27 02:31:25
11182,M15 Nyiregyhaza 2,270,Itf Men Singles,Clay,2026-02-27 02:31:25
3383,M15 Oberhaching,264,Itf Men Doubles,Hard (Indoor),2026-02-27 02:31:25
3374,M15 Oberhaching,270,Itf Men Singles,Hard (Indoor),2026-02-27 02:31:25
12445,M15 Oegstgeest,264,Itf Men Doubles,Clay,2026-02-27 02:31:25
12444,M15 Oegstgeest,270,Itf Men Singles,Clay,2026-02-27 02:31:25
11872,M15 Offenbach,264,Itf Men Doubles,Hard,2026-02-27 02:31:25
11871,M15 Offenbach,270,Itf Men Singles,Hard,2026-02-27 02:31:25
10114,M15 Olavarria,264,Itf Men Doubles,Clay,2026-02-27 02:31:25
10113,M15 Olavarria,270,Itf Men Singles,Clay,2026-02-27 02:31:25
4496,M15 Oldenzaal,264,Itf Men Doubles,Clay,2026-02-27 02:31:25
4498,M15 Oldenzaal,270,Itf Men Singles,Clay,2026-02-27 02:31:25
11467,M15 Ollersbach,264,Itf Men Doubles,Clay,2026-02-27 02:31:25
11466,M15 Ollersbach,270,Itf Men Singles,Clay,2026-02-27 02:31:25
3971,M15 Opatija,264,Itf Men Doubles,Clay,2026-02-27 02:31:25
3968,M15 Opatija,270,Itf Men Singles,Clay,2026-02-27 02:31:25
4966,M15 Opava,264,Itf Men Doubles,Grass,2026-02-27 02:31:25
4960,M15 Opava,270,Itf Men Singles,Grass,2026-02-27 02:31:25
11151,M15 Oradea,264,Itf Men Doubles,Clay,2026-02-27 02:31:25
11150,M15 Oradea,270,Itf Men Singles,Clay,2026-02-27 02:31:25
9302,M15 Oran,264,Itf Men Doubles,Clay,2026-02-27 02:31:25
7122,M15 Oran,270,Itf Men Singles,Clay,2026-02-27 02:31:25
5590,M15 Oran 2,264,Itf Men Doubles,Clay,2026-02-27 02:31:25
5588,M15 Oran 2,270,Itf Men Singles,Clay,2026-02-27 02:31:25
5465,"M15 Orange Park, FL",264,Itf Men Doubles,Clay,2026-02-27 02:31:25
5468,"M15 Orange Park, FL",270,Itf Men Singles,Clay,2026-02-27 02:31:25
12493,"M15 Orlando, FL",264,Itf Men Doubles,Clay,2026-02-27 02:31:25
12489,"M15 Orlando, FL",270,Itf Men Singles,Clay,2026-02-27 02:31:25
13444,"M15 Orlando, FL 2",264,Itf Men Doubles,Clay,2026-02-27 02:31:25
13443,"M15 Orlando, FL 2",270,Itf Men Singles,Clay,2026-02-27 02:31:25
13477,"M15 Orlando, FL 3",264,Itf Men Doubles,Clay,2026-02-27 02:31:25
13476,"M15 Orlando, FL 3",270,Itf Men Singles,Clay,2026-02-27 02:31:25
12412,M15 Osaka,264,Itf Men Doubles,Hard,2026-02-27 02:31:25
12403,M15 Osaka,270,Itf Men Singles,Hard,2026-02-27 02:31:25
12421,M15 Osaka 2,264,Itf Men Doubles,Hard,2026-02-27 02:31:25
12419,M15 Osaka 2,270,Itf Men Singles,Hard,2026-02-27 02:31:25
9523,M15 Osijek,264,Itf Men Doubles,Clay,2026-02-27 02:31:25
9534,M15 Osijek,270,Itf Men Singles,Clay,2026-02-27 02:31:25
12175,M15 Oslo,264,Itf Men Doubles,Hard,2026-02-27 02:31:25
12173,M15 Oslo,270,Itf Men Singles,Hard,2026-02-27 02:31:25
5011,M15 Ostrava,264,Itf Men Doubles,Hard,2026-02-27 02:31:25
5006,M15 Ostrava,270,Itf Men Singles,Hard (Indoor),2026-02-27 02:31:25
13268,M15 Otopeni,264,Itf Men Doubles,Clay,2026-02-27 02:31:25
13267,M15 Otopeni,270,Itf Men Singles,Clay,2026-02-27 02:31:25
9110,M15 Paguera,264,Itf Men Doubles,Clay,2026-02-27 02:31:25
3375,M15 Paguera,270,Itf Men Singles,Clay,2026-02-27 02:31:25
8569,"M15 Palm Coast, FL",264,Itf Men Doubles,Clay,2026-02-27 02:31:25
8568,"M15 Palm Coast, FL",270,Itf Men Singles,Clay,2026-02-27 02:31:25
3341,M15 Palmanova,264,Itf Men Doubles,Clay,2026-02-27 02:31:25
3333,M15 Palmanova,270,Itf Men Singles,Clay,2026-02-27 02:31:25
5384,M15 Palmanova 2,264,Itf Men Doubles,Clay,2026-02-27 02:31:25
3105,M15 Palmanova 2,270,Itf Men Singles,Clay,2026-02-27 02:31:25
10490,M15 Papamoa,264,Itf Men Doubles,Hard,2026-02-27 02:31:25
10489,M15 Papamoa,270,Itf Men Singles,Hard,2026-02-27 02:31:25
11740,M15 Pardubice,264,Itf Men Doubles,Clay,2026-02-27 02:31:25
11750,M15 Pardubice,270,Itf Men Singles,Clay,2026-02-27 02:31:25
3840,M15 Parnu,264,Itf Men Doubles,Hard,2026-02-27 02:31:25
3837,M15 Parnu,270,Itf Men Singles,Hard,2026-02-27 02:31:25
4862,M15 Parnu 2,264,Itf Men Doubles,Hard (Indoor),2026-02-27 02:31:25
4861,M15 Parnu 2,270,Itf Men Singles,Hard (Indoor),2026-02-27 02:31:25
9581,M15 Pazardzhik,264,Itf Men Doubles,Clay,2026-02-27 02:31:25
9576,M15 Pazardzhik,270,Itf Men Singles,Clay,2026-02-27 02:31:25
9613,M15 Pazardzhik 2,264,Itf Men Doubles,Clay,2026-02-27 02:31:25
9612,M15 Pazardzhik 2,270,Itf Men Singles,Clay,2026-02-27 02:31:25
4361,M15 Perugia,264,Itf Men Doubles,Clay,2026-02-27 02:31:25
4351,M15 Perugia,270,Itf Men Singles,Clay,2026-02-27 02:31:25
4483,M15 Pescara,264,Itf Men Doubles,Clay,2026-02-27 02:31:25
4478,M15 Pescara,270,Itf Men Singles,Clay,2026-02-27 02:31:25
13522,M15 Phan Thiet,264,Itf Men Doubles,Hard,2026-02-27 02:31:25
13521,M15 Phan Thiet,270,Itf Men Singles,Hard,2026-02-27 02:31:25
13549,M15 Phan Thiet 2,264,Itf Men Doubles,Hard,2026-02-27 02:31:25
13548,M15 Phan Thiet 2,270,Itf Men Singles,Hard,2026-02-27 02:31:25
4666,M15 Pirot,264,Itf Men Doubles,Clay,2026-02-27 02:31:25
4665,M15 Pirot,270,Itf Men Singles,Clay,2026-02-27 02:31:25
11623,M15 Pirot 2,264,Itf Men Doubles,Clay,2026-02-27 02:31:25
11622,M15 Pirot 2,270,Itf Men Singles,Clay,2026-02-27 02:31:25
7439,"M15 Pittsburgh, PA",264,Itf Men Doubles,Clay,2026-02-27 02:31:25
7448,"M15 Pittsburgh, PA",270,Itf Men Singles,Clay,2026-02-27 02:31:25
4737,M15 Platja D'Aro,264,Itf Men Doubles,Clay,2026-02-27 02:31:25
4736,M15 Platja D'Aro,270,Itf Men Singles,Clay,2026-02-27 02:31:25
4755,M15 Platja D'Aro 2,264,Itf Men Doubles,Clay,2026-02-27 02:31:25
4754,M15 Platja D'Aro 2,270,Itf Men Singles,Clay,2026-02-27 02:31:25
3954,M15 Poitiers,264,Itf Men Doubles,Hard (Indoor),2026-02-27 02:31:25
3953,M15 Poitiers,270,Itf Men Singles,Hard (Indoor),2026-02-27 02:31:25
11833,M15 Pontevedra,264,Itf Men Doubles,Hard,2026-02-27 02:31:25
11832,M15 Pontevedra,270,Itf Men Singles,Hard,2026-02-27 02:31:25
4292,M15 Poprad,264,Itf Men Doubles,Clay,2026-02-27 02:31:25
4288,M15 Poprad,270,Itf Men Singles,Clay,2026-02-27 02:31:25
3470,M15 Porec,264,Itf Men Doubles,Clay,2026-02-27 02:31:25
3467,M15 Porec,270,Itf Men Singles,Clay,2026-02-27 02:31:25
12246,M15 Pretoria,264,Itf Men Doubles,Hard,2026-02-27 02:31:25
12256,M15 Pretoria,270,Itf Men Singles,Hard,2026-02-27 02:31:25
12274,M15 Pretoria 2,264,Itf Men Doubles,Hard,2026-02-27 02:31:25
12281,M15 Pretoria 2,270,Itf Men Singles,Hard,2026-02-27 02:31:25
4045,M15 Prijedor,264,Itf Men Doubles,Clay,2026-02-27 02:31:25
4043,M15 Prijedor,270,Itf Men Singles,Clay,2026-02-27 02:31:25
7920,M15 Prostejov,264,Itf Men Doubles,Clay,2026-02-27 02:31:25
7917,M15 Prostejov,270,Itf Men Singles,Clay,2026-02-27 02:31:25
3967,M15 Pune,264,Itf Men Doubles,Hard,2026-02-27 02:31:25
3966,M15 Pune,270,Itf Men Singles,Hard,2026-02-27 02:31:25
5253,M15 Punta Cana,264,Itf Men Doubles,Clay,2026-02-27 02:31:25
5254,M15 Punta Cana,270,Itf Men Singles,Clay,2026-02-27 02:31:25
5275,M15 Punta Cana 2,264,Itf Men Doubles,Clay,2026-02-27 02:31:25
5270,M15 Punta Cana 2,270,Itf Men Singles,Clay,2026-02-27 02:31:25
10173,M15 Punta del Este,264,Itf Men Doubles,Clay,2026-02-27 02:31:25
10172,M15 Punta del Este,270,Itf Men Singles,Clay,2026-02-27 02:31:25
10786,M15 Punta del Este 2,264,Itf Men Doubles,Clay,2026-02-27 02:31:25
10785,M15 Punta del Este 2,270,Itf Men Singles,Clay,2026-02-27 02:31:25
10878,M15 Quillota,264,Itf Men Doubles,Clay,2026-02-27 02:31:25
10877,M15 Quillota,270,Itf Men Singles,Clay,2026-02-27 02:31:25
3841,M15 Quinta Do Lago,264,Itf Men Doubles,Hard,2026-02-27 02:31:25
3838,M15 Quinta Do Lago,270,Itf Men Singles,Hard,2026-02-27 02:31:25
7139,M15 Quito,264,Itf Men Doubles,Clay,2026-02-27 02:31:25
7138,M15 Quito,270,Itf Men Singles,Clay,2026-02-27 02:31:25
7190,M15 Quito 2,264,Itf Men Doubles,Clay,2026-02-27 02:31:25
7178,M15 Quito 2,270,Itf Men Singles,Clay,2026-02-27 02:31:25
7221,M15 Quito 3,264,Itf Men Doubles,Clay,2026-02-27 02:31:25
7239,M15 Quito 3,270,Itf Men Singles,Clay,2026-02-27 02:31:25
7281,M15 Quito 4,264,Itf Men Doubles,Clay,2026-02-27 02:31:25
7285,M15 Quito 4,270,Itf Men Singles,Clay,2026-02-27 02:31:25
7266,M15 Raanana,264,Itf Men Doubles,Hard,2026-02-27 02:31:25
7264,M15 Raanana,270,Itf Men Singles,Hard,2026-02-27 02:31:25
7309,M15 Raanana 2,264,Itf Men Doubles,Hard,2026-02-27 02:31:25
7301,M15 Raanana 2,270,Itf Men Singles,Hard,2026-02-27 02:31:25
9738,M15 Rabat,264,Itf Men Doubles,Clay,2026-02-27 02:31:25
9737,M15 Rabat,270,Itf Men Singles,Clay,2026-02-27 02:31:25
4030,M15 Ramat Hasharon,264,Itf Men Doubles,Hard,2026-02-27 02:31:25
4028,M15 Ramat Hasharon,270,Itf Men Singles,Hard,2026-02-27 02:31:25
7181,"M15 Rancho Santa Fe, CA",264,Itf Men Doubles,Hard,2026-02-27 02:31:25
7180,"M15 Rancho Santa Fe, CA",270,Itf Men Singles,Hard,2026-02-27 02:31:25
4662,M15 Recife,264,Itf Men Doubles,Clay,2026-02-27 02:31:25
4661,M15 Recife,270,Itf Men Singles,Clay,2026-02-27 02:31:25
13544,M15 Ribeirao Preto,264,Itf Men Doubles,Clay,2026-02-27 02:31:25
13543,M15 Ribeirao Preto,270,Itf Men Singles,Clay,2026-02-27 02:31:25
9892,"M15 Rochester, NY",264,Itf Men Doubles,Clay,2026-02-27 02:31:25
9891,"M15 Rochester, NY",270,Itf Men Singles,Clay,2026-02-27 02:31:25
11353,M15 Rognac,264,Itf Men Doubles,Hard,2026-02-27 02:31:25
11352,M15 Rognac,270,Itf Men Singles,Hard,2026-02-27 02:31:25
10363,M15 Rosario,264,Itf Men Doubles,Clay,2026-02-27 02:31:25
10362,M15 Rosario,270,Itf Men Singles,Clay,2026-02-27 02:31:25
3960,M15 Rovinj,264,Itf Men Doubles,Clay,2026-02-27 02:31:25
3959,M15 Rovinj,270,Itf Men Singles,Clay,2026-02-27 02:31:25
9769,M15 Saarlouis,264,Itf Men Doubles,Clay,2026-02-27 02:31:25
9768,M15 Saarlouis,270,Itf Men Singles,Clay,2026-02-27 02:31:25
7931,M15 Sabadell,264,Itf Men Doubles,Clay,2026-02-27 02:31:25
7950,M15 Sabadell,270,Itf Men Singles,Clay,2026-02-27 02:31:25
7802,M15 Salerno,264,Itf Men Doubles,Hard,2026-02-27 02:31:25
7787,M15 Salerno,270,Itf Men Singles,Hard,2026-02-27 02:31:25
12715,M15 Salta,264,Itf Men Doubles,Clay,2026-02-27 02:31:25
12714,M15 Salta,270,Itf Men Singles,Clay,2026-02-27 02:31:25
7225,"M15 San Diego, CA",264,Itf Men Doubles,Hard,2026-02-27 02:31:25
7224,"M15 San Diego, CA",270,Itf Men Singles,Hard,2026-02-27 02:31:25
7277,"M15 San Diego, CA 2",264,Itf Men Doubles,Hard,2026-02-27 02:31:25
7275,"M15 San Diego, CA 2",270,Itf Men Singles,Hard,2026-02-27 02:31:25
11164,"M15 San Diego, CA 3",264,Itf Men Doubles,Hard,2026-02-27 02:31:25
11163,"M15 San Diego, CA 3",270,Itf Men Singles,Hard,2026-02-27 02:31:25
12720,"M15 San Diego, CA 4",264,Itf Men Doubles,Hard,2026-02-27 02:31:25
12719,"M15 San Diego, CA 4",270,Itf Men Singles,Hard,2026-02-27 02:31:25
10440,M15 San Gregorio di Catania,264,Itf Men Doubles,Clay,2026-02-27 02:31:25
10441,M15 San Gregorio di Catania,270,Itf Men Singles,Clay,2026-02-27 02:31:25
12023,M15 San Gregorio di Catania 2,264,Itf Men Doubles,Clay,2026-02-27 02:31:25
12022,M15 San Gregorio di Catania 2,270,Itf Men Singles,Clay,2026-02-27 02:31:25
13688,M15 San Jose,264,Itf Men Doubles,Hard,2026-02-27 02:31:25
13687,M15 San Jose,270,Itf Men Singles,Hard,2026-02-27 02:31:25
12690,M15 San Salvador de Jujuy,264,Itf Men Doubles,Clay,2026-02-27 02:31:25
12689,M15 San Salvador de Jujuy,270,Itf Men Singles,Clay,2026-02-27 02:31:25
8143,M15 Santa Cruz,264,Itf Men Doubles,Clay,2026-02-27 02:31:25
8142,M15 Santa Cruz,270,Itf Men Singles,Clay,2026-02-27 02:31:25
8190,M15 Santa Cruz 2,264,Itf Men Doubles,Clay,2026-02-27 02:31:25
8200,M15 Santa Cruz 2,270,Itf Men Singles,Clay,2026-02-27 02:31:25
12763,M15 Santa Tecla,264,Itf Men Doubles,Hard,2026-02-27 02:31:25
12762,M15 Santa Tecla,270,Itf Men Singles,Hard,2026-02-27 02:31:25
12794,M15 Santa Tecla 2,264,Itf Men Doubles,Hard,2026-02-27 02:31:25
12793,M15 Santa Tecla 2,270,Itf Men Singles,Hard,2026-02-27 02:31:25
10912,M15 Santiago,264,Itf Men Doubles,Clay,2026-02-27 02:31:25
10911,M15 Santiago,270,Itf Men Singles,Clay,2026-02-27 02:31:25
12102,M15 Santiago 2,264,Itf Men Doubles,Clay,2026-02-27 02:31:25
12088,M15 Santiago 2,270,Itf Men Singles,Clay,2026-02-27 02:31:25
12121,M15 Santiago 3,264,Itf Men Doubles,Clay,2026-02-27 02:31:25
12120,M15 Santiago 3,270,Itf Men Singles,Clay,2026-02-27 02:31:25
12816,M15 Santiago 4,264,Itf Men Doubles,Clay,2026-02-27 02:31:25
12815,M15 Santiago 4,270,Itf Men Singles,Clay,2026-02-27 02:31:25
13352,M15 Santiago 5,264,Itf Men Doubles,Clay,2026-02-27 02:31:25
13351,M15 Santiago 5,270,Itf Men Singles,Clay,2026-02-27 02:31:25
13378,M15 Santiago 6,264,Itf Men Doubles,Clay,2026-02-27 02:31:25
13377,M15 Santiago 6,270,Itf Men Singles,Clay,2026-02-27 02:31:25
13503,M15 Santiago 7,264,Itf Men Doubles,Clay,2026-02-27 02:31:25
13502,M15 Santiago 7,270,Itf Men Singles,Clay,2026-02-27 02:31:25
13539,M15 Santiago 8,264,Itf Men Doubles,Clay,2026-02-27 02:31:25
13538,M15 Santiago 8,270,Itf Men Singles,Clay,2026-02-27 02:31:25
3863,M15 Santo Domingo,264,Itf Men Doubles,Hard,2026-02-27 02:31:25
3861,M15 Santo Domingo,270,Itf Men Singles,Hard,2026-02-27 02:31:25
5054,M15 Santo Domingo 2,264,Itf Men Doubles,Hard,2026-02-27 02:31:25
5056,M15 Santo Domingo 2,270,Itf Men Singles,Hard,2026-02-27 02:31:25
13215,M15 Santo Domingo 3,264,Itf Men Doubles,Hard,2026-02-27 02:31:25
10392,M15 Santo Domingo 3,270,Itf Men Singles,Hard,2026-02-27 02:31:25
12107,M15 Santo Domingo 4,264,Itf Men Doubles,Hard,2026-02-27 02:31:25
12105,M15 Santo Domingo 4,270,Itf Men Singles,Hard,2026-02-27 02:31:25
9431,M15 Santo Domingo de los Tsachilas,264,Itf Men Doubles,Clay,2026-02-27 02:31:25
9430,M15 Santo Domingo de los Tsachilas,270,Itf Men Singles,Clay,2026-02-27 02:31:25
9450,M15 Santo Domingo de los Tsachilas 2,264,Itf Men Doubles,Clay,2026-02-27 02:31:25
9449,M15 Santo Domingo de los Tsachilas 2,270,Itf Men Singles,Clay,2026-02-27 02:31:25
10931,M15 Sanxenxo,264,Itf Men Doubles,Hard,2026-02-27 02:31:25
10930,M15 Sanxenxo,270,Itf Men Singles,Hard,2026-02-27 02:31:25
10041,M15 Sao Paulo,264,Itf Men Doubles,Clay,2026-02-27 02:31:25
10040,M15 Sao Paulo,270,Itf Men Singles,Clay,2026-02-27 02:31:25
4155,M15 Sarajevo,264,Itf Men Doubles,Clay,2026-02-27 02:31:25
4171,M15 Sarajevo,270,Itf Men Singles,Clay,2026-02-27 02:31:25
3785,M15 Sarreguemines,264,Itf Men Doubles,Hard (Indoor),2026-02-27 02:31:25
3774,M15 Sarreguemines,270,Itf Men Singles,Hard (Indoor),2026-02-27 02:31:25
10128,M15 Satu Mare,264,Itf Men Doubles,Clay,2026-02-27 02:31:25
10127,M15 Satu Mare,270,Itf Men Singles,Clay,2026-02-27 02:31:25
12783,M15 Segrate,264,Itf Men Doubles,Clay,2026-02-27 02:31:25
12784,M15 Segrate,270,Itf Men Singles,Clay,2026-02-27 02:31:25
4826,M15 Selva Gardena,264,Itf Men Doubles,Hard,2026-02-27 02:31:25
4825,M15 Selva Gardena,270,Itf Men Singles,Hard,2026-02-27 02:31:25
7463,M15 Seremban,264,Itf Men Doubles,Hard,2026-02-27 02:31:25
7462,M15 Seremban,270,Itf Men Singles,Hard,2026-02-27 02:31:25
3631,M15 Setubal,270,Itf Men Singles,Hard,2026-02-27 02:31:25
9858,M15 Shanghai,264,Itf Men Doubles,Hard,2026-02-27 02:31:25
9857,M15 Shanghai,270,Itf Men Singles,Hard,2026-02-27 02:31:25
3309,M15 Sharm El Sheikh,264,Itf Men Doubles,Hard,2026-02-27 02:31:25
3308,M15 Sharm El Sheikh,270,Itf Men Singles,Hard,2026-02-27 02:31:25
9434,M15 Sharm El Sheikh 10,270,Itf Men Singles,Hard,2026-02-27 02:31:25
4718,M15 Sharm El Sheikh 11,264,Itf Men Doubles,Hard,2026-02-27 02:31:25
4745,M15 Sharm El Sheikh 11,270,Itf Men Singles,Hard,2026-02-27 02:31:25
4763,M15 Sharm El Sheikh 12,264,Itf Men Doubles,Hard,2026-02-27 02:31:25
4775,M15 Sharm El Sheikh 12,270,Itf Men Singles,Hard,2026-02-27 02:31:25
4809,M15 Sharm El Sheikh 13,264,Itf Men Doubles,Hard,2026-02-27 02:31:25
4858,M15 Sharm El Sheikh 14,264,Itf Men Doubles,Hard,2026-02-27 02:31:25
4866,M15 Sharm El Sheikh 14,270,Itf Men Singles,Hard,2026-02-27 02:31:25
4912,M15 Sharm El Sheikh 15,264,Itf Men Doubles,Hard,2026-02-27 02:31:25
4913,M15 Sharm El Sheikh 15,270,Itf Men Singles,Hard,2026-02-27 02:31:25
4944,M15 Sharm El Sheikh 16,264,Itf Men Doubles,Hard,2026-02-27 02:31:25
4980,M15 Sharm El Sheikh 17,264,Itf Men Doubles,Hard,2026-02-27 02:31:25
4992,M15 Sharm El Sheikh 17,270,Itf Men Singles,Hard,2026-02-27 02:31:25
3346,M15 Sharm El Sheikh 2,264,Itf Men Doubles,Hard,2026-02-27 02:31:25
8577,M15 Sharm El Sheikh 3,264,Itf Men Doubles,Hard,2026-02-27 02:31:25
3376,M15 Sharm El Sheikh 3,270,Itf Men Singles,Hard,2026-02-27 02:31:25
9114,M15 Sharm El Sheikh 4,264,Itf Men Doubles,Hard,2026-02-27 02:31:25
3404,M15 Sharm El Sheikh 4,270,Itf Men Singles,Hard,2026-02-27 02:31:25
9118,M15 Sharm El Sheikh 5,264,Itf Men Doubles,Hard,2026-02-27 02:31:25
3426,M15 Sharm El Sheikh 5,270,Itf Men Singles,Hard,2026-02-27 02:31:25
9125,M15 Sharm El Sheikh 6,264,Itf Men Doubles,Hard,2026-02-27 02:31:25
3468,M15 Sharm El Sheikh 6,270,Itf Men Singles,Hard,2026-02-27 02:31:25
9292,M15 Sharm El Sheikh 7,264,Itf Men Doubles,Hard,2026-02-27 02:31:25
4707,M15 Sharm El Sheikh 7,270,Itf Men Singles,Hard,2026-02-27 02:31:25
5272,M15 Sharm ElSheikh,264,Itf Men Doubles,Hard,2026-02-27 02:31:25
5278,M15 Sharm ElSheikh,270,Itf Men Singles,Hard,2026-02-27 02:31:25
7884,M15 Sharm ElSheikh 10,264,Itf Men Doubles,Hard,2026-02-27 02:31:25
7898,M15 Sharm ElSheikh 10,270,Itf Men Singles,Hard,2026-02-27 02:31:25
7930,M15 Sharm ElSheikh 11,264,Itf Men Doubles,Hard,2026-02-27 02:31:25
7955,M15 Sharm ElSheikh 11,270,Itf Men Singles,Hard,2026-02-27 02:31:25
7994,M15 Sharm ElSheikh 12,264,Itf Men Doubles,Hard,2026-02-27 02:31:25
8014,M15 Sharm ElSheikh 12,270,Itf Men Singles,Hard,2026-02-27 02:31:25
8043,M15 Sharm ElSheikh 13,264,Itf Men Doubles,Hard,2026-02-27 02:31:25
4814,M15 Sharm ElSheikh 13,270,Itf Men Singles,Hard,2026-02-27 02:31:25
8084,M15 Sharm ElSheikh 14,264,Itf Men Doubles,Hard,2026-02-27 02:31:25
8102,M15 Sharm ElSheikh 14,270,Itf Men Singles,Hard,2026-02-27 02:31:25
8144,M15 Sharm ElSheikh 15,264,Itf Men Doubles,Hard,2026-02-27 02:31:25
8153,M15 Sharm ElSheikh 15,270,Itf Men Singles,Hard,2026-02-27 02:31:25
8180,M15 Sharm ElSheikh 16,264,Itf Men Doubles,Hard,2026-02-27 02:31:25
8197,M15 Sharm ElSheikh 16,270,Itf Men Singles,Hard,2026-02-27 02:31:25
8333,M15 Sharm ElSheikh 17,264,Itf Men Doubles,Hard,2026-02-27 02:31:25
8355,M15 Sharm ElSheikh 17,270,Itf Men Singles,Hard,2026-02-27 02:31:25
8383,M15 Sharm ElSheikh 18,264,Itf Men Doubles,Hard,2026-02-27 02:31:25
8401,M15 Sharm ElSheikh 18,270,Itf Men Singles,Hard,2026-02-27 02:31:25
8405,M15 Sharm ElSheikh 19,264,Itf Men Doubles,Hard,2026-02-27 02:31:25
8415,M15 Sharm ElSheikh 19,270,Itf Men Singles,Hard,2026-02-27 02:31:25
5291,M15 Sharm ElSheikh 2,264,Itf Men Doubles,Hard,2026-02-27 02:31:25
5292,M15 Sharm ElSheikh 2,270,Itf Men Singles,Hard,2026-02-27 02:31:25
8429,M15 Sharm ElSheikh 20,264,Itf Men Doubles,Hard,2026-02-27 02:31:25
8430,M15 Sharm ElSheikh 20,270,Itf Men Singles,Hard,2026-02-27 02:31:25
8447,M15 Sharm ElSheikh 21,264,Itf Men Doubles,Hard,2026-02-27 02:31:25
8451,M15 Sharm ElSheikh 21,270,Itf Men Singles,Hard,2026-02-27 02:31:25
5303,M15 Sharm ElSheikh 3,264,Itf Men Doubles,Hard,2026-02-27 02:31:25
5310,M15 Sharm ElSheikh 3,270,Itf Men Singles,Hard,2026-02-27 02:31:25
5325,M15 Sharm ElSheikh 4,264,Itf Men Doubles,Hard,2026-02-27 02:31:25
5335,M15 Sharm ElSheikh 4,270,Itf Men Singles,Hard,2026-02-27 02:31:25
11171,M15 Sharm ElSheikh 5,264,Itf Men Doubles,,2026-02-27 02:31:25
5364,M15 Sharm ElSheikh 5,270,Itf Men Singles,Hard,2026-02-27 02:31:25
9354,M15 Sharm ElSheikh 5,270,Itf Men Singles,,2026-02-27 02:31:25
5377,M15 Sharm ElSheikh 6,264,Itf Men Doubles,Hard,2026-02-27 02:31:25
5386,M15 Sharm ElSheikh 6,270,Itf Men Singles,Hard,2026-02-27 02:31:25
5396,M15 Sharm ElSheikh 7,264,Itf Men Doubles,Hard,2026-02-27 02:31:25
5400,M15 Sharm ElSheikh 7,270,Itf Men Singles,Hard,2026-02-27 02:31:25
5413,M15 Sharm ElSheikh 8,264,Itf Men Doubles,Hard,2026-02-27 02:31:25
5421,M15 Sharm ElSheikh 8,270,Itf Men Singles,Hard,2026-02-27 02:31:25
7845,M15 Sharm ElSheikh 9,264,Itf Men Doubles,Hard,2026-02-27 02:31:25
7849,M15 Sharm ElSheikh 9,270,Itf Men Singles,Hard,2026-02-27 02:31:25
12300,M15 Sherbrooke,264,Itf Men Doubles,Hard,2026-02-27 02:31:25
12299,M15 Sherbrooke,270,Itf Men Singles,Hard,2026-02-27 02:31:25
3994,M15 Shymkent,264,Itf Men Doubles,Clay,2026-02-27 02:31:25
3999,M15 Shymkent,270,Itf Men Singles,Clay,2026-02-27 02:31:25
4135,M15 Shymkent 2,264,Itf Men Doubles,Clay,2026-02-27 02:31:25
4130,M15 Shymkent 2,270,Itf Men Singles,Clay,2026-02-27 02:31:25
9281,M15 Shymkent 3,264,Itf Men Doubles,Clay,2026-02-27 02:31:25
4988,M15 Shymkent 3,270,Itf Men Singles,Clay,2026-02-27 02:31:25
9287,M15 Shymkent 4,264,Itf Men Doubles,Clay,2026-02-27 02:31:25
4159,M15 Shymkent 4,270,Itf Men Singles,Clay,2026-02-27 02:31:25
4013,M15 Sibenik,264,Itf Men Doubles,Clay,2026-02-27 02:31:25
4011,M15 Sibenik,270,Itf Men Singles,Clay,2026-02-27 02:31:25
4087,M15 Sibenik 2,264,Itf Men Doubles,Clay,2026-02-27 02:31:25
4096,M15 Sibenik 2,270,Itf Men Singles,Clay,2026-02-27 02:31:25
9422,M15 Singapore,264,Itf Men Doubles,Hard,2026-02-27 02:31:25
9420,M15 Singapore,270,Itf Men Singles,Hard,2026-02-27 02:31:25
12876,M15 Singapore 2,264,Itf Men Doubles,Hard,2026-02-27 02:31:25
12875,M15 Singapore 2,270,Itf Men Singles,Hard,2026-02-27 02:31:25
9142,M15 Sintra,264,Itf Men Doubles,Hard,2026-02-27 02:31:25
3582,M15 Sintra,270,Itf Men Singles,Hard,2026-02-27 02:31:25
9147,M15 Sintra 2,264,Itf Men Doubles,Hard,2026-02-27 02:31:25
3607,M15 Sintra 2,270,Itf Men Singles,Hard,2026-02-27 02:31:25
4152,M15 Skopje,264,Itf Men Doubles,Clay,2026-02-27 02:31:25
4149,M15 Skopje,270,Itf Men Singles,Clay,2026-02-27 02:31:25
7258,M15 Skopje 2,264,Itf Men Doubles,Clay,2026-02-27 02:31:25
4183,M15 Skopje 2,270,Itf Men Singles,Clay,2026-02-27 02:31:25
12749,M15 Slobozia,264,Itf Men Doubles,Clay,2026-02-27 02:31:25
12748,M15 Slobozia,270,Itf Men Singles,Clay,2026-02-27 02:31:25
11587,M15 Slovenj Gradec,264,Itf Men Doubles,Clay,2026-02-27 02:31:25
11583,M15 Slovenj Gradec,270,Itf Men Singles,Clay,2026-02-27 02:31:25
11319,M15 Slovenska Bistrica,264,Itf Men Doubles,Clay,2026-02-27 02:31:25
11315,M15 Slovenska Bistrica,270,Itf Men Singles,Clay,2026-02-27 02:31:25
4300,M15 Sofia,264,Itf Men Doubles,Clay,2026-02-27 02:31:25
4299,M15 Sofia,270,Itf Men Singles,Clay,2026-02-27 02:31:25
7320,"M15 South Bend, IN",264,Itf Men Doubles,Hard,2026-02-27 02:31:25
7318,"M15 South Bend, IN",270,Itf Men Singles,Hard,2026-02-27 02:31:25
4609,M15 Sozopol,264,Itf Men Doubles,Hard,2026-02-27 02:31:25
4607,M15 Sozopol,270,Itf Men Singles,Hard,2026-02-27 02:31:25
4723,M15 Sozopol 2,264,Itf Men Doubles,Hard,2026-02-27 02:31:25
4721,M15 Sozopol 2,270,Itf Men Singles,Hard,2026-02-27 02:31:25
8082,M15 Sozopol 3,264,Itf Men Doubles,Hard,2026-02-27 02:31:25
4749,M15 Sozopol 3,270,Itf Men Singles,Hard,2026-02-27 02:31:25
10927,M15 Split,264,Itf Men Doubles,Clay,2026-02-27 02:31:25
10924,M15 Split,270,Itf Men Singles,Clay,2026-02-27 02:31:25
3906,M15 St. Petersburg 4,264,Itf Men Doubles,Hard,2026-02-27 02:31:25
3904,M15 St. Petersburg 4,270,Itf Men Singles,Hard,2026-02-27 02:31:25
12123,M15 Stellenbosch,264,Itf Men Doubles,Hard,2026-02-27 02:31:25
12122,M15 Stellenbosch,270,Itf Men Singles,Hard,2026-02-27 02:31:25
12139,M15 Stellenbosch 2,264,Itf Men Doubles,Hard,2026-02-27 02:31:25
12138,M15 Stellenbosch 2,270,Itf Men Singles,Hard,2026-02-27 02:31:25
9778,M15 Store,264,Itf Men Doubles,Clay,2026-02-27 02:31:25
9779,M15 Store,270,Itf Men Singles,Clay,2026-02-27 02:31:25
5441,"M15 Sunrise, FL",264,Itf Men Doubles,Clay,2026-02-27 02:31:25
5443,"M15 Sunrise, FL",270,Itf Men Singles,Clay,2026-02-27 02:31:25
11965,M15 Szabolcsveresmart,264,Itf Men Doubles,Hard,2026-02-27 02:31:25
11964,M15 Szabolcsveresmart,270,Itf Men Singles,Hard,2026-02-27 02:31:25
11997,M15 Szabolcsveresmart 2,264,Itf Men Doubles,Hard,2026-02-27 02:31:25
11996,M15 Szabolcsveresmart 2,270,Itf Men Singles,Hard,2026-02-27 02:31:25
10062,M15 Szczawno,264,Itf Men Doubles,Clay,2026-02-27 02:31:25
10061,M15 Szczawno,270,Itf Men Singles,Clay,2026-02-27 02:31:25
12485,M15 Szentendre,264,Itf Men Doubles,Clay,2026-02-27 02:31:25
12484,M15 Szentendre,270,Itf Men Singles,Clay,2026-02-27 02:31:25
9622,M15 Tabasco,264,Itf Men Doubles,Hard,2026-02-27 02:31:25
9600,M15 Tabasco,270,Itf Men Singles,Hard,2026-02-27 02:31:25
9471,M15 Tacarigua,264,Itf Men Doubles,Hard,2026-02-27 02:31:25
9470,M15 Tacarigua,270,Itf Men Singles,Hard,2026-02-27 02:31:25
9504,M15 Tacarigua 2,264,Itf Men Doubles,Hard,2026-02-27 02:31:25
9501,M15 Tacarigua 2,270,Itf Men Singles,Hard,2026-02-27 02:31:25
4851,"M15 Tallahassee, FL",264,Itf Men Doubles,Hard,2026-02-27 02:31:25
4865,"M15 Tallahassee, FL",270,Itf Men Singles,Hard,2026-02-27 02:31:25
11899,M15 Tanagura,264,Itf Men Doubles,Hard,2026-02-27 02:31:25
11897,M15 Tanagura,270,Itf Men Singles,Hard,2026-02-27 02:31:25
9694,M15 Tanger,264,Itf Men Doubles,Clay,2026-02-27 02:31:25
9706,M15 Tanger,270,Itf Men Singles,Clay,2026-02-27 02:31:25
9998,M15 Targu Jiu,264,Itf Men Doubles,Clay,2026-02-27 02:31:25
9996,M15 Targu Jiu,270,Itf Men Singles,Clay,2026-02-27 02:31:25
11763,M15 Targu Mures,264,Itf Men Doubles,Clay,2026-02-27 02:31:25
11762,M15 Targu Mures,270,Itf Men Singles,Clay,2026-02-27 02:31:25
11588,M15 Tashkent,264,Itf Men Doubles,Hard,2026-02-27 02:31:25
11584,M15 Tashkent,270,Itf Men Singles,Hard,2026-02-27 02:31:25
11625,M15 Tashkent 2,264,Itf Men Doubles,Hard,2026-02-27 02:31:25
11624,M15 Tashkent 2,270,Itf Men Singles,Hard,2026-02-27 02:31:25
8444,M15 Tauranga,264,Itf Men Doubles,Hard,2026-02-27 02:31:25
8443,M15 Tauranga,270,Itf Men Singles,Hard,2026-02-27 02:31:25
7155,M15 Tay Ninh,264,Itf Men Doubles,Hard,2026-02-27 02:31:25
7152,M15 Tay Ninh,270,Itf Men Singles,Hard,2026-02-27 02:31:25
7207,M15 Tay Ninh 2,264,Itf Men Doubles,Hard,2026-02-27 02:31:25
7206,M15 Tay Ninh 2,270,Itf Men Singles,Hard,2026-02-27 02:31:25
7256,M15 Tay Ninh 3,264,Itf Men Doubles,Hard,2026-02-27 02:31:25
7252,M15 Tay Ninh 3,270,Itf Men Singles,Hard,2026-02-27 02:31:25
4076,M15 Tbilisi,264,Itf Men Doubles,Hard,2026-02-27 02:31:25
4071,M15 Tbilisi,270,Itf Men Singles,Hard,2026-02-27 02:31:25
9697,M15 Tehran,264,Itf Men Doubles,Clay,2026-02-27 02:31:25
9704,M15 Tehran,270,Itf Men Singles,Clay,2026-02-27 02:31:25
9739,M15 Tehran 2,264,Itf Men Doubles,Clay,2026-02-27 02:31:25
9746,M15 Tehran 2,270,Itf Men Singles,Clay,2026-02-27 02:31:25
4412,M15 Telavi,264,Itf Men Doubles,Clay,2026-02-27 02:31:25
4411,M15 Telavi,270,Itf Men Singles,Clay,2026-02-27 02:31:25
9446,M15 Telde,264,Itf Men Doubles,Clay,2026-02-27 02:31:25
9445,M15 Telde,270,Itf Men Singles,Clay,2026-02-27 02:31:25
9468,M15 Telde 2,264,Itf Men Doubles,Clay,2026-02-27 02:31:25
9467,M15 Telde 2,270,Itf Men Singles,Clay,2026-02-27 02:31:25
12711,M15 Telfs,264,Itf Men Doubles,Clay,2026-02-27 02:31:25
12710,M15 Telfs,270,Itf Men Singles,Clay,2026-02-27 02:31:25
13675,M15 The Hague,264,Itf Men Doubles,Hard,2026-02-27 02:31:25
13673,M15 The Hague,270,Itf Men Singles,Hard,2026-02-27 02:31:25
9721,M15 Tianjin,264,Itf Men Doubles,Hard,2026-02-27 02:31:25
9719,M15 Tianjin,270,Itf Men Singles,Hard,2026-02-27 02:31:25
9758,M15 Tianjin 2,264,Itf Men Doubles,Hard,2026-02-27 02:31:25
9782,M15 Tianjin 2,270,Itf Men Singles,Hard,2026-02-27 02:31:25
9790,M15 Tianjin 3,264,Itf Men Doubles,Hard,2026-02-27 02:31:25
9788,M15 Tianjin 3,270,Itf Men Singles,Hard,2026-02-27 02:31:25
9828,M15 Tianjin 4,264,Itf Men Doubles,Hard,2026-02-27 02:31:25
9825,M15 Tianjin 4,270,Itf Men Singles,Hard,2026-02-27 02:31:25
11238,M15 Tokyo,264,Itf Men Doubles,Hard,2026-02-27 02:31:25
11237,M15 Tokyo,270,Itf Men Singles,Hard,2026-02-27 02:31:25
11273,M15 Tokyo 2,264,Itf Men Doubles,Hard,2026-02-27 02:31:25
11271,M15 Tokyo 2,270,Itf Men Singles,Hard,2026-02-27 02:31:25
3869,M15 Torello,264,Itf Men Doubles,Hard,2026-02-27 02:31:25
3867,M15 Torello,270,Itf Men Singles,Hard,2026-02-27 02:31:25
7718,M15 Trier,264,Itf Men Doubles,Clay,2026-02-27 02:31:25
7717,M15 Trier,270,Itf Men Singles,Clay,2026-02-27 02:31:25
8397,M15 Trnava,264,Itf Men Doubles,Hard (Indoor),2026-02-27 02:31:25
3406,M15 Trnava,270,Itf Men Singles,Hard (Indoor),2026-02-27 02:31:25
11795,M15 Trnava 2,264,Itf Men Doubles,Hard,2026-02-27 02:31:25
11793,M15 Trnava 2,270,Itf Men Singles,Hard,2026-02-27 02:31:25
13414,M15 Trois-Rivieres,264,Itf Men Doubles,Hard,2026-02-27 02:31:25
13397,M15 Trois-Rivieres,270,Itf Men Singles,Hard,2026-02-27 02:31:25
4048,M15 Troisdorf,264,Itf Men Doubles,Clay,2026-02-27 02:31:25
4047,M15 Troisdorf,270,Itf Men Singles,Clay,2026-02-27 02:31:25
11874,M15 Tsaghkadzor,264,Itf Men Doubles,Clay,2026-02-27 02:31:25
11873,M15 Tsaghkadzor,270,Itf Men Singles,Clay,2026-02-27 02:31:25
11908,M15 Tsaghkadzor 2,264,Itf Men Doubles,Clay,2026-02-27 02:31:25
11903,M15 Tsaghkadzor 2,270,Itf Men Singles,Clay,2026-02-27 02:31:25
10820,M15 Tsukuba,264,Itf Men Doubles,Hard,2026-02-27 02:31:25
10819,M15 Tsukuba,270,Itf Men Singles,Hard,2026-02-27 02:31:25
8609,M15 Tucuman,264,Itf Men Doubles,Clay,2026-02-27 02:31:25
8608,M15 Tucuman,270,Itf Men Singles,Clay,2026-02-27 02:31:25
12864,M15 Turku,264,Itf Men Doubles,Hard,2026-02-27 02:31:25
12883,M15 Turku,270,Itf Men Singles,Hard,2026-02-27 02:31:25
11474,M15 Überlingen,264,Itf Men Doubles,Clay,2026-02-27 02:31:25
11473,M15 Überlingen,270,Itf Men Singles,Clay,2026-02-27 02:31:25
7668,M15 Ueberlingen,264,Itf Men Doubles,Clay,2026-02-27 02:31:25
7667,M15 Ueberlingen,270,Itf Men Singles,Clay,2026-02-27 02:31:25
4561,M15 Ulcinj,264,Itf Men Doubles,Clay,2026-02-27 02:31:25
4560,M15 Ulcinj,270,Itf Men Singles,Clay,2026-02-27 02:31:25
4599,M15 Ulcinj 2,264,Itf Men Doubles,Clay,2026-02-27 02:31:25
4600,M15 Ulcinj 2,270,Itf Men Singles,Clay,2026-02-27 02:31:25
9279,M15 Ulcinj 3,264,Itf Men Doubles,Clay,2026-02-27 02:31:25
4615,M15 Ulcinj 3,270,Itf Men Singles,Clay,2026-02-27 02:31:25
4658,M15 Ulcinj 4,264,Itf Men Doubles,Clay,2026-02-27 02:31:25
4657,M15 Ulcinj 4,270,Itf Men Singles,Clay,2026-02-27 02:31:25
11276,M15 Umag,264,Itf Men Doubles,Clay,2026-02-27 02:31:25
11275,M15 Umag,270,Itf Men Singles,Clay,2026-02-27 02:31:25
9887,M15 Uslar,264,Itf Men Doubles,Clay,2026-02-27 02:31:25
9886,M15 Uslar,270,Itf Men Singles,Clay,2026-02-27 02:31:25
7579,M15 Ust-Kamenogorsk,264,Itf Men Doubles,Hard,2026-02-27 02:31:25
7578,M15 Ust-Kamenogorsk,270,Itf Men Singles,Hard,2026-02-27 02:31:25
11241,M15 Ust-Kamenogorsk 2,264,Itf Men Doubles,Hard,2026-02-27 02:31:25
11263,M15 Ust-Kamenogorsk 2,270,Itf Men Singles,Hard,2026-02-27 02:31:25
7177,M15 Vaasa,264,Itf Men Doubles,Hard,2026-02-27 02:31:25
7189,M15 Vaasa,270,Itf Men Singles,Hard,2026-02-27 02:31:25
9115,M15 Vale Do Lobo,264,Itf Men Doubles,Hard,2026-02-27 02:31:25
3412,M15 Vale Do Lobo,270,Itf Men Singles,Hard,2026-02-27 02:31:25
10385,M15 Valencia,264,Itf Men Doubles,Clay,2026-02-27 02:31:25
10384,M15 Valencia,270,Itf Men Singles,Clay,2026-02-27 02:31:25
12239,M15 Valencia 2,264,Itf Men Doubles,Clay,2026-02-27 02:31:25
12238,M15 Valencia 2,270,Itf Men Singles,Clay,2026-02-27 02:31:25
3855,M15 Valldoreix,264,Itf Men Doubles,Clay,2026-02-27 02:31:25
3846,M15 Valldoreix,270,Itf Men Singles,Clay,2026-02-27 02:31:25
13442,M15 Valledupar,264,Itf Men Doubles,Hard,2026-02-27 02:31:25
13425,M15 Valledupar,270,Itf Men Singles,Hard,2026-02-27 02:31:25
11739,M15 Vaxjo,264,Itf Men Doubles,Hard,2026-02-27 02:31:25
11738,M15 Vaxjo,270,Itf Men Singles,Hard,2026-02-27 02:31:25
9093,M15 Veigy-Foncenex,264,Itf Men Doubles,Hard (Indoor),2026-02-27 02:31:25
3288,M15 Veigy-Foncenex,270,Itf Men Singles,Hard (Indoor),2026-02-27 02:31:25
4396,M15 Vejle,264,Itf Men Doubles,Clay,2026-02-27 02:31:25
4386,M15 Vejle,270,Itf Men Singles,Clay,2026-02-27 02:31:25
7389,M15 Velenje,264,Itf Men Doubles,Clay,2026-02-27 02:31:25
7388,M15 Velenje,270,Itf Men Singles,Clay,2026-02-27 02:31:25
4802,"M15 Vero Beach, FL",264,Itf Men Doubles,Clay,2026-02-27 02:31:25
4813,"M15 Vero Beach, FL",270,Itf Men Singles,Clay,2026-02-27 02:31:25
10072,M15 Vienna,264,Itf Men Doubles,Clay,2026-02-27 02:31:25
10071,M15 Vienna,270,Itf Men Singles,Clay,2026-02-27 02:31:25
10281,M15 Vigo,264,Itf Men Doubles,Clay,2026-02-27 02:31:25
10280,M15 Vigo,270,Itf Men Singles,Clay,2026-02-27 02:31:25
8002,M15 Villa Carlos Paz,264,Itf Men Doubles,Clay,2026-02-27 02:31:25
8001,M15 Villa Carlos Paz,270,Itf Men Singles,Clay,2026-02-27 02:31:25
3980,M15 Villa Maria,264,Itf Men Doubles,Clay,2026-02-27 02:31:25
3982,M15 Villa Maria,270,Itf Men Singles,Clay,2026-02-27 02:31:25
11007,M15 Villach,264,Itf Men Doubles,Clay,2026-02-27 02:31:25
11005,M15 Villach,270,Itf Men Singles,Clay,2026-02-27 02:31:25
10999,M15 Villahermosa,264,Itf Men Doubles,Hard,2026-02-27 02:31:25
10990,M15 Villahermosa,270,Itf Men Singles,Hard,2026-02-27 02:31:25
3853,M15 Villena,264,Itf Men Doubles,Clay,2026-02-27 02:31:25
3850,M15 Villena,270,Itf Men Singles,Clay,2026-02-27 02:31:25
10699,M15 Villena 2,264,Itf Men Doubles,Hard,2026-02-27 02:31:25
10698,M15 Villena 2,270,Itf Men Singles,Hard,2026-02-27 02:31:25
8179,M15 Villers-les-Nancy,264,Itf Men Doubles,Hard,2026-02-27 02:31:25
8177,M15 Villers-les-Nancy,270,Itf Men Singles,Hard,2026-02-27 02:31:25
8502,M15 Vilnius,264,Itf Men Doubles,Hard,2026-02-27 02:31:25
8500,M15 Vilnius,270,Itf Men Singles,Hard,2026-02-27 02:31:25
11090,M15 Vrhnika,264,Itf Men Doubles,Clay,2026-02-27 02:31:25
11089,M15 Vrhnika,270,Itf Men Singles,Clay,2026-02-27 02:31:25
4652,M15 Vyshkovo,264,Itf Men Doubles,Clay,2026-02-27 02:31:25
4651,M15 Vyshkovo,270,Itf Men Singles,Clay,2026-02-27 02:31:25
7399,"M15 Waco, TX",264,Itf Men Doubles,Hard,2026-02-27 02:31:25
7398,"M15 Waco, TX",270,Itf Men Singles,Hard,2026-02-27 02:31:25
13214,M15 Warmbad Villach,264,Itf Men Doubles,Clay,2026-02-27 02:31:25
13051,M15 Warmbad Villach,270,Itf Men Singles,Clay,2026-02-27 02:31:25
8422,M15 Wellington,264,Itf Men Doubles,Hard,2026-02-27 02:31:25
8419,M15 Wellington,270,Itf Men Singles,Hard,2026-02-27 02:31:25
12810,M15 Wels,264,Itf Men Doubles,Clay,2026-02-27 02:31:25
12809,M15 Wels,270,Itf Men Singles,Clay,2026-02-27 02:31:25
4282,"M15 Weston, FL",264,Itf Men Doubles,Clay,2026-02-27 02:31:25
4281,"M15 Weston, FL",270,Itf Men Singles,Clay,2026-02-27 02:31:25
8242,"M15 Winston-Salem, NC",264,Itf Men Doubles,Hard,2026-02-27 02:31:25
8241,"M15 Winston-Salem, NC",270,Itf Men Singles,Hard,2026-02-27 02:31:25
7352,M15 Wroclaw,264,Itf Men Doubles,Clay,2026-02-27 02:31:25
7349,M15 Wroclaw,270,Itf Men Singles,Clay,2026-02-27 02:31:25
12776,M15 Wuning,264,Itf Men Doubles,Hard,2026-02-27 02:31:25
12775,M15 Wuning,270,Itf Men Singles,Hard,2026-02-27 02:31:25
12828,M15 Wuning 2,264,Itf Men Doubles,Hard,2026-02-27 02:31:25
12826,M15 Wuning 2,270,Itf Men Singles,Hard,2026-02-27 02:31:25
12846,M15 Wuning 3,264,Itf Men Doubles,Hard,2026-02-27 02:31:25
12845,M15 Wuning 3,270,Itf Men Singles,Hard,2026-02-27 02:31:25
4414,M15 Xativa,264,Itf Men Doubles,Clay,2026-02-27 02:31:25
4413,M15 Xativa,270,Itf Men Singles,Clay,2026-02-27 02:31:25
10493,M15 Yanagawa,264,Itf Men Doubles,Hard,2026-02-27 02:31:25
10492,M15 Yanagawa,270,Itf Men Singles,Hard,2026-02-27 02:31:25
10503,M15 Yanagawa 2,264,Itf Men Doubles,Hard,2026-02-27 02:31:25
10501,M15 Yanagawa 2,270,Itf Men Singles,Hard,2026-02-27 02:31:25
11947,M15 Yanagawa City,264,Itf Men Doubles,Hard,2026-02-27 02:31:25
11946,M15 Yanagawa City,270,Itf Men Singles,Hard,2026-02-27 02:31:25
11459,M15 Ystad,264,Itf Men Doubles,Clay,2026-02-27 02:31:25
11458,M15 Ystad,270,Itf Men Singles,Clay,2026-02-27 02:31:25
12669,M15 Zagreb,264,Itf Men Doubles,Clay,2026-02-27 02:31:25
12668,M15 Zagreb,270,Itf Men Singles,Clay,2026-02-27 02:31:25
10444,M15 Zahra,264,Itf Men Doubles,Hard,2026-02-27 02:31:25
10443,M15 Zahra,270,Itf Men Singles,Hard,2026-02-27 02:31:25
10461,M15 Zahra 2,264,Itf Men Doubles,Hard,2026-02-27 02:31:25
10470,M15 Zahra 2,270,Itf Men Singles,Hard,2026-02-27 02:31:25
10476,M15 Zahra 3,264,Itf Men Doubles,Hard,2026-02-27 02:31:25
10482,M15 Zahra 3,270,Itf Men Singles,Hard,2026-02-27 02:31:25
4565,M15 Zilina,264,Itf Men Doubles,Clay,2026-02-27 02:31:25
4576,M15 Zilina,270,Itf Men Singles,Clay,2026-02-27 02:31:25
4612,M15 Zlatibor,264,Itf Men Doubles,Clay,2026-02-27 02:31:25
4611,M15 Zlatibor,270,Itf Men Singles,Clay,2026-02-27 02:31:25
5182,M15+H Bagnoles de l'Orne,264,Itf Men Doubles,Clay,2026-02-27 02:31:25
5181,M15+H Bagnoles de l'Orne,270,Itf Men Singles,Clay,2026-02-27 02:31:25
11318,M15+H Bastia-Lucciana,264,Itf Men Doubles,Clay,2026-02-27 02:31:25
11314,M15+H Bastia-Lucciana,270,Itf Men Singles,Clay,2026-02-27 02:31:25
3880,M15+H Bressuire,264,Itf Men Doubles,Hard,2026-02-27 02:31:25
3878,M15+H Bressuire,270,Itf Men Singles,Hard,2026-02-27 02:31:25
13327,M15+H Rodez,264,Itf Men Doubles,Hard,2026-02-27 02:31:25
13326,M15+H Rodez,270,Itf Men Singles,Hard,2026-02-27 02:31:25
11410,M15+H Tauste,264,Itf Men Doubles,Hard,2026-02-27 02:31:25
11409,M15+H Tauste,270,Itf Men Singles,Hard,2026-02-27 02:31:25
11149,M25 Aarhus,264,Itf Men Doubles,Clay,2026-02-27 02:31:25
11148,M25 Aarhus,270,Itf Men Singles,Clay,2026-02-27 02:31:25
11048,M25 Addis Ababa,264,Itf Men Doubles,Clay,2026-02-27 02:31:25
11063,M25 Addis Ababa,270,Itf Men Singles,Clay,2026-02-27 02:31:25
4920,M25 Afula,264,Itf Men Doubles,Hard,2026-02-27 02:31:25
4925,M25 Afula,270,Itf Men Singles,Hard,2026-02-27 02:31:25
7586,M25 Agadir,264,Itf Men Doubles,Clay,2026-02-27 02:31:25
7602,M25 Agadir,270,Itf Men Singles,Clay,2026-02-27 02:31:25
12355,M25 Ahmedabad,264,Itf Men Doubles,Hard,2026-02-27 02:31:25
12354,M25 Ahmedabad,270,Itf Men Singles,Hard,2026-02-27 02:31:25
11260,M25 Ajaccio+H,264,Itf Men Doubles,Hard,2026-02-27 02:31:25
11258,M25 Ajaccio+H,270,Itf Men Singles,Hard,2026-02-27 02:31:25
9101,M25 Aktobe,264,Itf Men Doubles,Hard (Indoor),2026-02-27 02:31:25
3335,M25 Aktobe,270,Itf Men Singles,Hard (Indoor),2026-02-27 02:31:25
9108,M25 Aktobe 2,264,Itf Men Doubles,Hard (Indoor),2026-02-27 02:31:25
3365,M25 Aktobe 2,270,Itf Men Singles,Hard (Indoor),2026-02-27 02:31:25
8521,M25 Al Zahra,264,Itf Men Doubles,Hard,2026-02-27 02:31:25
8531,M25 Al Zahra,270,Itf Men Singles,Hard,2026-02-27 02:31:25
7677,M25 Aldershot,264,Itf Men Doubles,Hard,2026-02-27 02:31:25
7676,M25 Aldershot,270,Itf Men Singles,Hard,2026-02-27 02:31:25
4234,M25 Alkmaar,264,Itf Men Doubles,Clay,2026-02-27 02:31:25
4231,M25 Alkmaar,270,Itf Men Singles,Clay,2026-02-27 02:31:25
5359,M25 Anapoima,264,Itf Men Doubles,Clay,2026-02-27 02:31:25
5357,M25 Anapoima,270,Itf Men Singles,Clay,2026-02-27 02:31:25
4014,M25 Angers,264,Itf Men Doubles,Clay,2026-02-27 02:31:25
4012,M25 Angers,270,Itf Men Singles,Clay,2026-02-27 02:31:25
9918,M25 Anning,264,Itf Men Doubles,Clay,2026-02-27 02:31:25
9917,M25 Anning,270,Itf Men Singles,Clay,2026-02-27 02:31:25
9759,M25 Anseong,264,Itf Men Doubles,Clay,2026-02-27 02:31:25
9755,M25 Anseong,270,Itf Men Singles,Clay,2026-02-27 02:31:25
3395,M25 Antalya,264,Itf Men Doubles,Clay,2026-02-27 02:31:25
3394,M25 Antalya,270,Itf Men Singles,Clay,2026-02-27 02:31:25
5288,M25 Antalya 2,264,Itf Men Doubles,Clay,2026-02-27 02:31:25
5287,M25 Antalya 2,270,Itf Men Singles,Clay,2026-02-27 02:31:25
5322,M25 Antalya 3,264,Itf Men Doubles,Clay,2026-02-27 02:31:25
5320,M25 Antalya 3,270,Itf Men Singles,Clay,2026-02-27 02:31:25
5347,M25 Antalya 4,264,Itf Men Doubles,Clay,2026-02-27 02:31:25
5345,M25 Antalya 4,270,Itf Men Singles,Clay,2026-02-27 02:31:25
8237,M25 Antalya 5,264,Itf Men Doubles,Clay,2026-02-27 02:31:25
8236,M25 Antalya 5,270,Itf Men Singles,Clay,2026-02-27 02:31:25
12095,M25 Antalya 6,264,Itf Men Doubles,Clay,2026-02-27 02:31:25
12110,M25 Antalya 6,270,Itf Men Singles,Clay,2026-02-27 02:31:25
4933,M25 Aparecida de Goiania,264,Itf Men Doubles,Clay,2026-02-27 02:31:25
4926,M25 Aparecida de Goiania,270,Itf Men Singles,Clay,2026-02-27 02:31:25
11483,M25 Arequipa,264,Itf Men Doubles,Clay,2026-02-27 02:31:25
11482,M25 Arequipa,270,Itf Men Singles,Clay,2026-02-27 02:31:25
11564,M25 Arequipa 2,264,Itf Men Doubles,Clay,2026-02-27 02:31:25
11561,M25 Arequipa 2,270,Itf Men Singles,Clay,2026-02-27 02:31:25
7310,M25 Arlon,264,Itf Men Doubles,Clay,2026-02-27 02:31:25
7302,M25 Arlon,270,Itf Men Singles,Clay,2026-02-27 02:31:25
9922,M25 Astana,264,Itf Men Doubles,Hard,2026-02-27 02:31:25
9921,M25 Astana,270,Itf Men Singles,Hard,2026-02-27 02:31:25
12318,M25 Asuncion,264,Itf Men Doubles,Clay,2026-02-27 02:31:25
12317,M25 Asuncion,270,Itf Men Singles,Clay,2026-02-27 02:31:25
4971,"M25 Austin, TX",264,Itf Men Doubles,Hard,2026-02-27 02:31:25
4972,"M25 Austin, TX",270,Itf Men Singles,Hard,2026-02-27 02:31:25
10778,M25 Badalona,264,Itf Men Doubles,Clay,2026-02-27 02:31:25
10777,M25 Badalona,270,Itf Men Singles,Clay,2026-02-27 02:31:25
4564,M25 Bagneres-De-Bigorre,264,Itf Men Doubles,Hard,2026-02-27 02:31:25
4562,M25 Bagneres-De-Bigorre,270,Itf Men Singles,Hard,2026-02-27 02:31:25
5362,"M25 Bakersfield, CA",264,Itf Men Doubles,Hard,2026-02-27 02:31:25
5361,"M25 Bakersfield, CA",270,Itf Men Singles,Hard,2026-02-27 02:31:25
4272,M25 Bakio,264,Itf Men Doubles,Hard,2026-02-27 02:31:25
4257,M25 Bakio,270,Itf Men Singles,Hard,2026-02-27 02:31:25
11618,M25 Bali,264,Itf Men Doubles,Hard,2026-02-27 02:31:25
11617,M25 Bali,270,Itf Men Singles,Hard,2026-02-27 02:31:25
11658,M25 Bali 2,264,Itf Men Doubles,Hard,2026-02-27 02:31:25
11657,M25 Bali 2,270,Itf Men Singles,Hard,2026-02-27 02:31:25
12166,M25 Bali 3,264,Itf Men Doubles,Hard,2026-02-27 02:31:25
12165,M25 Bali 3,270,Itf Men Singles,Hard,2026-02-27 02:31:25
12874,M25 Bali 4,264,Itf Men Doubles,Hard,2026-02-27 02:31:25
12873,M25 Bali 4,270,Itf Men Singles,Hard,2026-02-27 02:31:25
9955,M25 Baotou,264,Itf Men Doubles,Clay,2026-02-27 02:31:25
9954,M25 Baotou,270,Itf Men Singles,Clay,2026-02-27 02:31:25
9103,M25 Barnstaple,264,Itf Men Doubles,Hard (Indoor),2026-02-27 02:31:25
3332,M25 Barnstaple,270,Itf Men Singles,Hard (Indoor),2026-02-27 02:31:25
13278,M25 Barueri,264,Itf Men Doubles,Hard,2026-02-27 02:31:25
13280,M25 Barueri,270,Itf Men Singles,Hard,2026-02-27 02:31:25
5178,M25 Bath,264,Itf Men Doubles,Hard,2026-02-27 02:31:25
5177,M25 Bath,270,Itf Men Singles,Hard,2026-02-27 02:31:25
11565,M25 Belem,264,Itf Men Doubles,Hard,2026-02-27 02:31:25
11562,M25 Belem,270,Itf Men Singles,Hard,2026-02-27 02:31:25
4273,M25 Belgrade,264,Itf Men Doubles,Clay,2026-02-27 02:31:25
4263,M25 Belgrade,270,Itf Men Singles,Clay,2026-02-27 02:31:25
5298,M25 Bendigo,264,Itf Men Doubles,Hard,2026-02-27 02:31:25
5296,M25 Bendigo,270,Itf Men Singles,Hard,2026-02-27 02:31:25
5317,M25 Bendigo 2,264,Itf Men Doubles,Hard,2026-02-27 02:31:25
5316,M25 Bendigo 2,270,Itf Men Singles,Hard,2026-02-27 02:31:25
12381,M25 Bengaluru,264,Itf Men Doubles,Hard,2026-02-27 02:31:25
12380,M25 Bengaluru,270,Itf Men Singles,Hard,2026-02-27 02:31:25
10359,M25 Benicarlo,264,Itf Men Doubles,Clay,2026-02-27 02:31:25
10358,M25 Benicarlo,270,Itf Men Singles,Clay,2026-02-27 02:31:25
10538,M25 Bhopal,264,Itf Men Doubles,Hard,2026-02-27 02:31:25
10537,M25 Bhopal,270,Itf Men Singles,Hard,2026-02-27 02:31:25
13524,M25 Bhopal 2,264,Itf Men Doubles,Hard,2026-02-27 02:31:25
13523,M25 Bhopal 2,270,Itf Men Singles,Hard,2026-02-27 02:31:25
11993,M25 Bhubaneswar,264,Itf Men Doubles,Hard,2026-02-27 02:31:25
11992,M25 Bhubaneswar,270,Itf Men Singles,Hard,2026-02-27 02:31:25
3978,M25 Biel,264,Itf Men Doubles,Hard (Indoor),2026-02-27 02:31:25
3977,M25 Biel,270,Itf Men Singles,Hard (Indoor),2026-02-27 02:31:25
9840,M25 Biella,264,Itf Men Doubles,Clay,2026-02-27 02:31:25
9836,M25 Biella,270,Itf Men Singles,Clay,2026-02-27 02:31:25
9993,M25 Bielsko Biala,264,Itf Men Doubles,Clay,2026-02-27 02:31:25
9992,M25 Bielsko Biala,270,Itf Men Singles,Clay,2026-02-27 02:31:25
9608,M25 Bodrum,264,Itf Men Doubles,Clay,2026-02-27 02:31:25
9607,M25 Bodrum,270,Itf Men Singles,Clay,2026-02-27 02:31:25
12511,M25 Bol,264,Itf Men Doubles,Clay,2026-02-27 02:31:25
12510,M25 Bol,270,Itf Men Singles,Clay,2026-02-27 02:31:25
12543,M25 Bol 2,264,Itf Men Doubles,Clay,2026-02-27 02:31:25
12547,M25 Bol 2,270,Itf Men Singles,Clay,2026-02-27 02:31:25
4436,M25 Bolzano,264,Itf Men Doubles,Clay,2026-02-27 02:31:25
4435,M25 Bolzano,270,Itf Men Singles,Clay,2026-02-27 02:31:25
4279,M25 Bourg-en-Bresse,264,Itf Men Doubles,Clay,2026-02-27 02:31:25
4264,M25 Bourg-en-Bresse,270,Itf Men Singles,Clay,2026-02-27 02:31:25
9833,M25 Brasov,264,Itf Men Doubles,Clay,2026-02-27 02:31:25
9821,M25 Brasov,270,Itf Men Singles,Clay,2026-02-27 02:31:25
9896,M25 Brazzaville,264,Itf Men Doubles,Clay,2026-02-27 02:31:25
9895,M25 Brazzaville,270,Itf Men Singles,Clay,2026-02-27 02:31:25
9913,M25 Brazzaville 2,264,Itf Men Doubles,Clay,2026-02-27 02:31:25
9912,M25 Brazzaville 2,270,Itf Men Singles,Clay,2026-02-27 02:31:25
10402,M25 Brisbane,264,Itf Men Doubles,Hard,2026-02-27 02:31:25
10401,M25 Brisbane,270,Itf Men Singles,Hard,2026-02-27 02:31:25
13399,M25 Brisbane 2,264,Itf Men Doubles,Hard,2026-02-27 02:31:25
13416,M25 Brisbane 2,270,Itf Men Singles,Hard,2026-02-27 02:31:25
11227,M25 Brussels,264,Itf Men Doubles,Clay,2026-02-27 02:31:25
11226,M25 Brussels,270,Itf Men Singles,Clay,2026-02-27 02:31:25
4689,M25 Budapest,264,Itf Men Doubles,Clay,2026-02-27 02:31:25
4680,M25 Budapest,270,Itf Men Singles,Clay,2026-02-27 02:31:25
8557,M25 Burnie,264,Itf Men Doubles,Hard,2026-02-27 02:31:25
8555,M25 Burnie,270,Itf Men Singles,Hard,2026-02-27 02:31:25
7978,M25 Cairns,264,Itf Men Doubles,Hard,2026-02-27 02:31:25
7977,M25 Cairns,270,Itf Men Singles,Hard,2026-02-27 02:31:25
8033,M25 Cairns 2,264,Itf Men Doubles,Hard,2026-02-27 02:31:25
8030,M25 Cairns 2,270,Itf Men Singles,Hard,2026-02-27 02:31:25
5206,M25 Cairo,264,Itf Men Doubles,Clay,2026-02-27 02:31:25
5220,M25 Cairo,270,Itf Men Singles,Clay,2026-02-27 02:31:25
5477,M25 Cairo 2,264,Itf Men Doubles,Clay,2026-02-27 02:31:25
5507,M25 Cairo 2,270,Itf Men Singles,Clay,2026-02-27 02:31:25
7793,M25 Cairo 3,264,Itf Men Doubles,Clay,2026-02-27 02:31:25
7811,M25 Cairo 3,270,Itf Men Singles,Clay,2026-02-27 02:31:25
4867,"M25 Calabasas, CA",264,Itf Men Doubles,Hard,2026-02-27 02:31:25
4856,"M25 Calabasas, CA",270,Itf Men Singles,Hard,2026-02-27 02:31:25
12060,M25 Caloundra,264,Itf Men Doubles,Hard,2026-02-27 02:31:25
12058,M25 Caloundra,270,Itf Men Singles,Hard,2026-02-27 02:31:25
5231,M25 Campos do Jordao,264,Itf Men Doubles,Hard,2026-02-27 02:31:25
5226,M25 Campos do Jordao,270,Itf Men Singles,Hard,2026-02-27 02:31:25
5235,M25 Canberra,264,Itf Men Doubles,Hard,2026-02-27 02:31:25
5234,M25 Canberra,270,Itf Men Singles,Hard,2026-02-27 02:31:25
5262,M25 Canberra 2,264,Itf Men Doubles,Hard,2026-02-27 02:31:25
5260,M25 Canberra 2,270,Itf Men Singles,Hard,2026-02-27 02:31:25
5369,M25 Canberra 3,264,Itf Men Doubles,Clay,2026-02-27 02:31:25
5368,M25 Canberra 3,270,Itf Men Singles,Clay,2026-02-27 02:31:25
5392,M25 Canberra 4,264,Itf Men Doubles,Clay,2026-02-27 02:31:25
5391,M25 Canberra 4,270,Itf Men Singles,Clay,2026-02-27 02:31:25
5247,M25 Cancun,264,Itf Men Doubles,Hard,2026-02-27 02:31:25
5246,M25 Cancun,270,Itf Men Singles,Hard,2026-02-27 02:31:25
5274,M25 Cancun 2,264,Itf Men Doubles,Hard,2026-02-27 02:31:25
5271,M25 Cancun 2,270,Itf Men Singles,Hard,2026-02-27 02:31:25
9657,M25 Carnac,264,Itf Men Doubles,Clay,2026-02-27 02:31:25
9628,M25 Carnac,270,Itf Men Singles,Clay,2026-02-27 02:31:25
12090,M25 Carrara,264,Itf Men Doubles,Hard,2026-02-27 02:31:25
12089,M25 Carrara,270,Itf Men Singles,Hard,2026-02-27 02:31:25
4286,M25 Casinalbo,264,Itf Men Doubles,Clay,2026-02-27 02:31:25
4284,M25 Casinalbo,270,Itf Men Singles,Clay,2026-02-27 02:31:25
4531,M25 Caslano,264,Itf Men Doubles,Clay,2026-02-27 02:31:25
4530,M25 Caslano,270,Itf Men Singles,Clay,2026-02-27 02:31:25
9884,M25 Castelo Branco,264,Itf Men Doubles,Hard,2026-02-27 02:31:25
9883,M25 Castelo Branco,270,Itf Men Singles,Hard,2026-02-27 02:31:25
9772,M25 Cattolica,264,Itf Men Doubles,Clay,2026-02-27 02:31:25
9771,M25 Cattolica,270,Itf Men Singles,Clay,2026-02-27 02:31:25
12513,M25 Cervia,264,Itf Men Doubles,Clay,2026-02-27 02:31:25
12512,M25 Cervia,270,Itf Men Singles,Clay,2026-02-27 02:31:25
12622,M25 Ceska Lipa,264,Itf Men Doubles,Clay,2026-02-27 02:31:25
12621,M25 Ceska Lipa,270,Itf Men Singles,Clay,2026-02-27 02:31:25
12385,M25 Chacabuco,264,Itf Men Doubles,Clay,2026-02-27 02:31:25
12384,M25 Chacabuco,270,Itf Men Singles,Clay,2026-02-27 02:31:25
4402,"M25 Champaign, IL",264,Itf Men Doubles,Hard,2026-02-27 02:31:25
4406,"M25 Champaign, IL",270,Itf Men Singles,Hard,2026-02-27 02:31:25
9717,M25 Changwon,264,Itf Men Doubles,Hard,2026-02-27 02:31:25
9715,M25 Changwon,270,Itf Men Singles,Hard,2026-02-27 02:31:25
10565,M25 Chennai,264,Itf Men Doubles,Hard,2026-02-27 02:31:25
10564,M25 Chennai,270,Itf Men Singles,Hard,2026-02-27 02:31:25
7159,M25 Chiang Rai,264,Itf Men Doubles,Hard,2026-02-27 02:31:25
7158,M25 Chiang Rai,270,Itf Men Singles,Hard,2026-02-27 02:31:25
7205,M25 Chiang Rai 2,264,Itf Men Doubles,Hard,2026-02-27 02:31:25
7203,M25 Chiang Rai 2,270,Itf Men Singles,Hard,2026-02-27 02:31:25
13497,M25 Cochabamba,264,Itf Men Doubles,Clay,2026-02-27 02:31:25
13496,M25 Cochabamba,270,Itf Men Singles,Clay,2026-02-27 02:31:25
4955,"M25 Columbus, OH",264,Itf Men Doubles,Hard,2026-02-27 02:31:25
4954,"M25 Columbus, OH",270,Itf Men Singles,Hard,2026-02-27 02:31:25
8294,"M25 Columbus, OH 2",264,Itf Men Doubles,Hard,2026-02-27 02:31:25
8308,"M25 Columbus, OH 2",270,Itf Men Singles,Hard (Indoor),2026-02-27 02:31:25
12517,M25 Coquimbo,264,Itf Men Doubles,Clay,2026-02-27 02:31:25
12498,M25 Coquimbo,270,Itf Men Singles,Clay,2026-02-27 02:31:25
12544,M25 Coquimbo 2,264,Itf Men Doubles,Clay,2026-02-27 02:31:25
12532,M25 Coquimbo 2,270,Itf Men Singles,Clay,2026-02-27 02:31:25
9690,M25 Cordoba,264,Itf Men Doubles,Clay,2026-02-27 02:31:25
9689,M25 Cordoba,270,Itf Men Singles,Clay,2026-02-27 02:31:25
10754,M25 Creteil,264,Itf Men Doubles,Hard,2026-02-27 02:31:25
10753,M25 Creteil,270,Itf Men Singles,Hard,2026-02-27 02:31:25
13022,M25 Cuiaba,264,Itf Men Doubles,Clay,2026-02-27 02:31:25
13021,M25 Cuiaba,270,Itf Men Singles,Clay,2026-02-27 02:31:25
9670,M25 Daegu,264,Itf Men Doubles,Hard,2026-02-27 02:31:25
9668,M25 Daegu,270,Itf Men Singles,Hard,2026-02-27 02:31:25
7371,"M25 Dallas, TX",264,Itf Men Doubles,Hard,2026-02-27 02:31:25
7369,"M25 Dallas, TX",270,Itf Men Singles,Hard,2026-02-27 02:31:25
7831,M25 Darwin,264,Itf Men Doubles,Hard,2026-02-27 02:31:25
7829,M25 Darwin,270,Itf Men Singles,Hard,2026-02-27 02:31:25
7876,M25 Darwin 2,264,Itf Men Doubles,Hard,2026-02-27 02:31:25
7873,M25 Darwin 2,270,Itf Men Singles,Hard,2026-02-27 02:31:25
11062,M25 Deauville,264,Itf Men Doubles,Clay,2026-02-27 02:31:25
11046,M25 Deauville,270,Itf Men Singles,Clay,2026-02-27 02:31:25
4437,"M25 Decatur, IL",264,Itf Men Doubles,Hard,2026-02-27 02:31:25
4444,"M25 Decatur, IL",270,Itf Men Singles,Hard,2026-02-27 02:31:25
7356,M25 Den Haag,264,Itf Men Doubles,Clay,2026-02-27 02:31:25
7354,M25 Den Haag,270,Itf Men Singles,Clay,2026-02-27 02:31:25
4399,M25 Denia,264,Itf Men Doubles,Clay,2026-02-27 02:31:25
4398,M25 Denia,270,Itf Men Singles,Clay,2026-02-27 02:31:25
10302,M25 Dharwad,264,Itf Men Doubles,Hard,2026-02-27 02:31:25
10301,M25 Dharwad,270,Itf Men Singles,Hard,2026-02-27 02:31:25
8503,M25 Doha,264,Itf Men Doubles,Hard,2026-02-27 02:31:25
8512,M25 Doha,270,Itf Men Singles,Hard,2026-02-27 02:31:25
9425,M25 Dubrovnik,264,Itf Men Doubles,Clay,2026-02-27 02:31:25
9436,M25 Dubrovnik,270,Itf Men Singles,Clay,2026-02-27 02:31:25
11196,M25 Duffel,264,Itf Men Doubles,Clay,2026-02-27 02:31:25
11195,M25 Duffel,270,Itf Men Singles,Clay,2026-02-27 02:31:25
7237,"M25 East Lansing, MI",264,Itf Men Doubles,Hard,2026-02-27 02:31:25
7236,"M25 East Lansing, MI",270,Itf Men Singles,Hard,2026-02-27 02:31:25
10310,M25 Edgbaston,264,Itf Men Doubles,Hard,2026-02-27 02:31:25
10309,M25 Edgbaston,270,Itf Men Singles,Hard,2026-02-27 02:31:25
10350,M25 Edmonton,264,Itf Men Doubles,Hard,2026-02-27 02:31:25
10349,M25 Edmonton,270,Itf Men Singles,Hard,2026-02-27 02:31:25
7528,"M25 Edwardsville, IL",264,Itf Men Doubles,Hard,2026-02-27 02:31:25
7527,"M25 Edwardsville, IL",270,Itf Men Singles,Hard,2026-02-27 02:31:25
11159,M25 Elvas,264,Itf Men Doubles,Hard,2026-02-27 02:31:25
11158,M25 Elvas,270,Itf Men Singles,Hard,2026-02-27 02:31:25
7478,M25 Esch/Alzette,264,Itf Men Doubles,Clay,2026-02-27 02:31:25
7470,M25 Esch/Alzette,270,Itf Men Singles,Clay,2026-02-27 02:31:25
9882,M25 Esch/Alzette 2,264,Itf Men Doubles,Clay,2026-02-27 02:31:25
9881,M25 Esch/Alzette 2,270,Itf Men Singles,Clay,2026-02-27 02:31:25
4586,M25 Eupen,264,Itf Men Doubles,Clay,2026-02-27 02:31:25
4585,M25 Eupen,270,Itf Men Singles,Clay,2026-02-27 02:31:25
4679,M25 Falun,264,Itf Men Doubles,Hard (Indoor),2026-02-27 02:31:25
4677,M25 Falun,270,Itf Men Singles,Hard (Indoor),2026-02-27 02:31:25
3934,M25 Faro,264,Itf Men Doubles,Hard,2026-02-27 02:31:25
3933,M25 Faro,270,Itf Men Singles,Hard,2026-02-27 02:31:25
10758,M25 Feira de Santana,264,Itf Men Doubles,Hard,2026-02-27 02:31:25
10755,M25 Feira de Santana,270,Itf Men Singles,Hard,2026-02-27 02:31:25
12686,M25 Figueira da Foz,264,Itf Men Doubles,Hard,2026-02-27 02:31:25
12685,M25 Figueira da Foz,270,Itf Men Singles,Hard,2026-02-27 02:31:25
4455,M25 Frankfurt am Main,264,Itf Men Doubles,Clay,2026-02-27 02:31:25
4454,M25 Frankfurt am Main,270,Itf Men Singles,Clay,2026-02-27 02:31:25
9894,M25 Fuzhou,264,Itf Men Doubles,Hard,2026-02-27 02:31:25
9893,M25 Fuzhou,270,Itf Men Singles,Hard,2026-02-27 02:31:25
4362,M25 Gandia,264,Itf Men Doubles,Clay,2026-02-27 02:31:25
4352,M25 Gandia,270,Itf Men Singles,Clay,2026-02-27 02:31:25
8120,M25 Gaziantep,264,Itf Men Doubles,Clay,2026-02-27 02:31:25
8119,M25 Gaziantep,270,Itf Men Singles,Clay,2026-02-27 02:31:25
12806,M25 Gentofte,264,Itf Men Doubles,Clay,2026-02-27 02:31:25
12805,M25 Gentofte,270,Itf Men Singles,Clay,2026-02-27 02:31:25
7382,M25 Getxo,264,Itf Men Doubles,Clay,2026-02-27 02:31:25
7384,M25 Getxo,270,Itf Men Singles,Clay,2026-02-27 02:31:25
12865,M25 Gijon,264,Itf Men Doubles,Clay,2026-02-27 02:31:25
12888,M25 Gijon,270,Itf Men Singles,Clay,2026-02-27 02:31:25
8087,M25 Girona,264,Itf Men Doubles,Clay,2026-02-27 02:31:25
8081,M25 Girona,270,Itf Men Singles,Clay,2026-02-27 02:31:25
3384,M25 Glasgow,264,Itf Men Doubles,Hard (Indoor),2026-02-27 02:31:25
3377,M25 Glasgow,270,Itf Men Singles,Hard (Indoor),2026-02-27 02:31:25
8092,M25 Glasgow 2,264,Itf Men Doubles,Hard,2026-02-27 02:31:25
8090,M25 Glasgow 2,270,Itf Men Singles,Hard,2026-02-27 02:31:25
10433,M25 Gold Coast,264,Itf Men Doubles,Hard,2026-02-27 02:31:25
10432,M25 Gold Coast,270,Itf Men Singles,Hard,2026-02-27 02:31:25
4212,M25 Grasse,264,Itf Men Doubles,Clay,2026-02-27 02:31:25
4205,M25 Grasse,270,Itf Men Singles,Clay,2026-02-27 02:31:25
4417,M25 Grodzisk Mazowiecki,264,Itf Men Doubles,Clay,2026-02-27 02:31:25
4415,M25 Grodzisk Mazowiecki,270,Itf Men Singles,Clay,2026-02-27 02:31:25
13448,M25 Guadalajara,264,Itf Men Doubles,Clay,2026-02-27 02:31:25
13447,M25 Guadalajara,270,Itf Men Singles,Clay,2026-02-27 02:31:25
4434,M25 Guayaquil,264,Itf Men Doubles,Clay,2026-02-27 02:31:25
4433,M25 Guayaquil,270,Itf Men Singles,Clay,2026-02-27 02:31:25
4859,M25 Guayaquil 2,264,Itf Men Doubles,Clay,2026-02-27 02:31:25
4857,M25 Guayaquil 2,270,Itf Men Singles,Clay,2026-02-27 02:31:25
10161,M25 Guiyang,264,Itf Men Doubles,Hard,2026-02-27 02:31:25
10160,M25 Guiyang,270,Itf Men Singles,Hard,2026-02-27 02:31:25
9571,M25 Gurb,264,Itf Men Doubles,Clay,2026-02-27 02:31:25
9569,M25 Gurb,270,Itf Men Singles,Clay,2026-02-27 02:31:25
3655,M25 Hamburg,264,Itf Men Doubles,Hard (Indoor),2026-02-27 02:31:25
3648,M25 Hamburg,270,Itf Men Singles,Hard,2026-02-27 02:31:25
10599,M25 Hammamet,264,Itf Men Doubles,Clay,2026-02-27 02:31:25
10598,M25 Hammamet,270,Itf Men Singles,Clay,2026-02-27 02:31:25
10630,M25 Hammamet 2,264,Itf Men Doubles,Clay,2026-02-27 02:31:25
10629,M25 Hammamet 2,270,Itf Men Singles,Clay,2026-02-27 02:31:25
10647,M25 Hammamet 3,264,Itf Men Doubles,Clay,2026-02-27 02:31:25
10644,M25 Hammamet 3,270,Itf Men Singles,Clay,2026-02-27 02:31:25
10671,M25 Hammamet 4,264,Itf Men Doubles,Clay,2026-02-27 02:31:25
10670,M25 Hammamet 4,270,Itf Men Singles,Clay,2026-02-27 02:31:25
10850,M25 Hammamet 5,264,Itf Men Doubles,Clay,2026-02-27 02:31:25
10849,M25 Hammamet 5,270,Itf Men Singles,Clay,2026-02-27 02:31:25
10873,M25 Hammamet 6,264,Itf Men Doubles,Clay,2026-02-27 02:31:25
10872,M25 Hammamet 6,270,Itf Men Singles,Clay,2026-02-27 02:31:25
10906,M25 Hammamet 7,264,Itf Men Doubles,Clay,2026-02-27 02:31:25
10905,M25 Hammamet 7,270,Itf Men Singles,Clay,2026-02-27 02:31:25
4934,"M25 Harlingen, TX",264,Itf Men Doubles,Hard,2026-02-27 02:31:25
4948,"M25 Harlingen, TX",270,Itf Men Singles,Hard,2026-02-27 02:31:25
7161,M25 Harmon,264,Itf Men Doubles,Hard,2026-02-27 02:31:25
7160,M25 Harmon,270,Itf Men Singles,Hard,2026-02-27 02:31:25
7202,M25 Harmon 2,264,Itf Men Doubles,Hard,2026-02-27 02:31:25
7201,M25 Harmon 2,270,Itf Men Singles,Hard,2026-02-27 02:31:25
12180,M25 Hazebrouck,264,Itf Men Doubles,Hard,2026-02-27 02:31:25
12179,M25 Hazebrouck,270,Itf Men Singles,Hard,2026-02-27 02:31:25
8270,M25 Heraklion,264,Itf Men Doubles,Hard,2026-02-27 02:31:25
8264,M25 Heraklion,270,Itf Men Singles,Hard,2026-02-27 02:31:25
8334,M25 Heraklion 2,264,Itf Men Doubles,Hard,2026-02-27 02:31:25
8329,M25 Heraklion 2,270,Itf Men Singles,Hard,2026-02-27 02:31:25
10439,M25 Heraklion 3,264,Itf Men Doubles,Hard,2026-02-27 02:31:25
10442,M25 Heraklion 3,270,Itf Men Singles,Hard,2026-02-27 02:31:25
9963,M25 Herzlia,264,Itf Men Doubles,Hard,2026-02-27 02:31:25
9962,M25 Herzlia,270,Itf Men Singles,Hard,2026-02-27 02:31:25
11230,M25 Hillcrest,264,Itf Men Doubles,Hard,2026-02-27 02:31:25
11229,M25 Hillcrest,270,Itf Men Singles,Hard,2026-02-27 02:31:25
10054,M25 Hong Kong,264,Itf Men Doubles,Hard,2026-02-27 02:31:25
10053,M25 Hong Kong,270,Itf Men Singles,Hard,2026-02-27 02:31:25
10094,M25 Hong Kong 2,264,Itf Men Doubles,Hard,2026-02-27 02:31:25
10090,M25 Hong Kong 2,270,Itf Men Singles,Hard,2026-02-27 02:31:25
13533,M25 Hradec Kralove,264,Itf Men Doubles,Hard,2026-02-27 02:31:25
13532,M25 Hradec Kralove,270,Itf Men Singles,Hard,2026-02-27 02:31:25
10380,M25 Hua Hin,264,Itf Men Doubles,Hard,2026-02-27 02:31:25
10379,M25 Hua Hin,270,Itf Men Singles,Hard,2026-02-27 02:31:25
9122,M25 Hurlingham,264,Itf Men Doubles,Clay,2026-02-27 02:31:25
3442,M25 Hurlingham,270,Itf Men Singles,Clay,2026-02-27 02:31:25
11905,M25 Huzhou,264,Itf Men Doubles,Hard,2026-02-27 02:31:25
11904,M25 Huzhou,270,Itf Men Singles,Hard,2026-02-27 02:31:25
7944,M25 Ibague,264,Itf Men Doubles,Clay,2026-02-27 02:31:25
7941,M25 Ibague,270,Itf Men Singles,Clay,2026-02-27 02:31:25
4330,M25 Idanha-a-Nova,264,Itf Men Doubles,Hard,2026-02-27 02:31:25
4321,M25 Idanha-a-Nova,270,Itf Men Singles,Hard,2026-02-27 02:31:25
4375,M25 Idanha-a-Nova 2,264,Itf Men Doubles,Hard,2026-02-27 02:31:25
4353,M25 Idanha-a-Nova 2,270,Itf Men Singles,Hard,2026-02-27 02:31:25
8232,M25 Indore,264,Itf Men Doubles,Hard,2026-02-27 02:31:25
8228,M25 Indore,270,Itf Men Singles,Hard,2026-02-27 02:31:25
10556,"M25 Ithaca, NY",264,Itf Men Doubles,Hard,2026-02-27 02:31:25
10555,"M25 Ithaca, NY",270,Itf Men Singles,Hard,2026-02-27 02:31:25
3617,M25 Jablonec nad Nisou,264,Itf Men Doubles,Clay,2026-02-27 02:31:25
3613,M25 Jablonec nad Nisou,270,Itf Men Singles,Clay,2026-02-27 02:31:25
4088,M25 Jablonec nad Nisou 2,264,Itf Men Doubles,Clay,2026-02-27 02:31:25
4083,M25 Jablonec nad Nisou 2,270,Itf Men Singles,Clay,2026-02-27 02:31:25
8114,M25 Jakarta,264,Itf Men Doubles,Hard,2026-02-27 02:31:25
8113,M25 Jakarta,270,Itf Men Singles,Hard,2026-02-27 02:31:25
8168,M25 Jakarta 2,264,Itf Men Doubles,Hard,2026-02-27 02:31:25
8167,M25 Jakarta 2,270,Itf Men Singles,Hard,2026-02-27 02:31:25
9459,M25 Jakarta 3,264,Itf Men Doubles,Hard,2026-02-27 02:31:25
9458,M25 Jakarta 3,270,Itf Men Singles,Hard,2026-02-27 02:31:25
9485,M25 Jakarta 4,264,Itf Men Doubles,Hard,2026-02-27 02:31:25
9484,M25 Jakarta 4,270,Itf Men Singles,Hard,2026-02-27 02:31:25
9679,M25 Jakarta 5,264,Itf Men Doubles,Hard,2026-02-27 02:31:25
9678,M25 Jakarta 5,270,Itf Men Singles,Hard,2026-02-27 02:31:25
9953,M25 Jakarta 6,264,Itf Men Doubles,Hard,2026-02-27 02:31:25
9952,M25 Jakarta 6,270,Itf Men Singles,Hard,2026-02-27 02:31:25
9985,M25 Jakarta 7,264,Itf Men Doubles,Hard,2026-02-27 02:31:25
9984,M25 Jakarta 7,270,Itf Men Singles,Hard,2026-02-27 02:31:25
8174,M25 Jerusalem,264,Itf Men Doubles,Hard,2026-02-27 02:31:25
8171,M25 Jerusalem,270,Itf Men Singles,Hard,2026-02-27 02:31:25
4648,M25 Johannesburg / Ellispark,264,Itf Men Doubles,Hard,2026-02-27 02:31:25
4647,M25 Johannesburg / Ellispark,270,Itf Men Singles,Hard,2026-02-27 02:31:25
4620,M25 Johannesburg / Markspark,264,Itf Men Doubles,Hard,2026-02-27 02:31:25
4619,M25 Johannesburg / Markspark,270,Itf Men Singles,Hard,2026-02-27 02:31:25
4645,M25 Jonkoping,264,Itf Men Doubles,Hard,2026-02-27 02:31:25
4644,M25 Jonkoping,270,Itf Men Singles,Hard,2026-02-27 02:31:25
11013,M25 Kachreti,264,Itf Men Doubles,Hard,2026-02-27 02:31:25
11012,M25 Kachreti,270,Itf Men Singles,Hard,2026-02-27 02:31:25
10438,M25 Kalaburagi,264,Itf Men Doubles,Hard,2026-02-27 02:31:25
10437,M25 Kalaburagi,270,Itf Men Singles,Hard,2026-02-27 02:31:25
5560,M25 Kalmar,264,Itf Men Doubles,Clay,2026-02-27 02:31:25
5559,M25 Kalmar,270,Itf Men Singles,Clay,2026-02-27 02:31:25
11826,M25 Kampala,264,Itf Men Doubles,Clay,2026-02-27 02:31:25
11848,M25 Kampala,270,Itf Men Singles,Clay,2026-02-27 02:31:25
7925,M25 Kashiwa,264,Itf Men Doubles,Hard,2026-02-27 02:31:25
7923,M25 Kashiwa,270,Itf Men Singles,Hard,2026-02-27 02:31:25
11278,M25 Kassel,264,Itf Men Doubles,Clay,2026-02-27 02:31:25
11277,M25 Kassel,270,Itf Men Singles,Clay,2026-02-27 02:31:25
10100,M25 Kigali,264,Itf Men Doubles,Clay,2026-02-27 02:31:25
10099,M25 Kigali,270,Itf Men Singles,Clay,2026-02-27 02:31:25
10131,M25 Kigali 2,264,Itf Men Doubles,Clay,2026-02-27 02:31:25
10129,M25 Kigali 2,270,Itf Men Singles,Clay,2026-02-27 02:31:25
4115,M25 Kiseljak,264,Itf Men Doubles,Clay,2026-02-27 02:31:25
4114,M25 Kiseljak,270,Itf Men Singles,Clay,2026-02-27 02:31:25
3602,M25 Klosters,264,Itf Men Doubles,Clay,2026-02-27 02:31:25
3591,M25 Klosters,270,Itf Men Singles,Clay,2026-02-27 02:31:25
4469,M25 Koksijde,264,Itf Men Doubles,Clay,2026-02-27 02:31:25
4468,M25 Koksijde,270,Itf Men Singles,Clay,2026-02-27 02:31:25
12804,M25 Koszalin,264,Itf Men Doubles,Clay,2026-02-27 02:31:25
12803,M25 Koszalin,270,Itf Men Singles,Clay,2026-02-27 02:31:25
4363,M25 Kottingbrunn,264,Itf Men Doubles,Clay,2026-02-27 02:31:25
4354,M25 Kottingbrunn,270,Itf Men Singles,Clay,2026-02-27 02:31:25
9907,M25 Kramsach,264,Itf Men Doubles,Clay,2026-02-27 02:31:25
9905,M25 Kramsach,270,Itf Men Singles,Clay,2026-02-27 02:31:25
9555,M25 Kursumlijska Banja,264,Itf Men Doubles,Clay,2026-02-27 02:31:25
9554,M25 Kursumlijska Banja,270,Itf Men Singles,Clay,2026-02-27 02:31:25
9593,M25 Kursumlijska Banja 2,264,Itf Men Doubles,Clay,2026-02-27 02:31:25
9592,M25 Kursumlijska Banja 2,270,Itf Men Singles,Clay,2026-02-27 02:31:25
9682,M25 Kursumlijska Banja 3,264,Itf Men Doubles,Clay,2026-02-27 02:31:25
9681,M25 Kursumlijska Banja 3,270,Itf Men Singles,Clay,2026-02-27 02:31:25
3956,M25 La Nucia,264,Itf Men Doubles,Clay,2026-02-27 02:31:25
3955,M25 La Nucia,270,Itf Men Singles,Clay,2026-02-27 02:31:25
10287,M25 Lajeado,264,Itf Men Doubles,Clay,2026-02-27 02:31:25
10286,M25 Lajeado,270,Itf Men Singles,Clay,2026-02-27 02:31:25
9123,M25 Las Vegas,264,Itf Men Doubles,Hard,2026-02-27 02:31:25
3443,M25 Las Vegas,270,Itf Men Singles,Hard,2026-02-27 02:31:25
12266,M25 Launceston,264,Itf Men Doubles,Hard,2026-02-27 02:31:25
12265,M25 Launceston,270,Itf Men Singles,Hard,2026-02-27 02:31:25
12979,M25 Lausanne,264,Itf Men Doubles,Clay,2026-02-27 02:31:25
12986,M25 Lausanne,270,Itf Men Singles,Clay,2026-02-27 02:31:25
9866,M25 Laval,264,Itf Men Doubles,Hard,2026-02-27 02:31:25
9865,M25 Laval,270,Itf Men Singles,Hard,2026-02-27 02:31:25
12319,M25 Les Franqueses del Valles,264,Itf Men Doubles,Hard,2026-02-27 02:31:25
12323,M25 Les Franqueses del Valles,270,Itf Men Singles,Hard,2026-02-27 02:31:25
7721,M25 Lesa,264,Itf Men Doubles,Clay,2026-02-27 02:31:25
7720,M25 Lesa,270,Itf Men Singles,Clay,2026-02-27 02:31:25
3322,M25 Lima,264,Itf Men Doubles,Clay,2026-02-27 02:31:25
3321,M25 Lima,270,Itf Men Singles,Clay,2026-02-27 02:31:25
3360,M25 Lima 2,264,Itf Men Doubles,Clay,2026-02-27 02:31:25
3361,M25 Lima 2,270,Itf Men Singles,Clay,2026-02-27 02:31:25
9971,M25 Lodz,264,Itf Men Doubles,Clay,2026-02-27 02:31:25
9975,M25 Lodz,270,Itf Men Singles,Clay,2026-02-27 02:31:25
11479,M25 Londrina,264,Itf Men Doubles,Clay,2026-02-27 02:31:25
11449,M25 Londrina,270,Itf Men Singles,Clay,2026-02-27 02:31:25
9081,M25 Los Angeles,264,Itf Men Doubles,Hard,2026-02-27 02:31:25
3207,M25 Los Angeles,270,Itf Men Singles,Hard,2026-02-27 02:31:25
5208,M25 Loughborough,264,Itf Men Doubles,Hard,2026-02-27 02:31:25
5204,M25 Loughborough,270,Itf Men Singles,Hard (Indoor),2026-02-27 02:31:25
11841,"M25 Louisville, KY",264,Itf Men Doubles,Hard,2026-02-27 02:31:25
11840,"M25 Louisville, KY",270,Itf Men Singles,Hard,2026-02-27 02:31:25
4764,M25 Loule,264,Itf Men Doubles,Hard,2026-02-27 02:31:25
4750,M25 Loule,270,Itf Men Singles,Hard,2026-02-27 02:31:25
11019,M25 Luan,264,Itf Men Doubles,Hard,2026-02-27 02:31:25
11018,M25 Luan,270,Itf Men Singles,Hard,2026-02-27 02:31:25
13492,M25 Luanda,264,Itf Men Doubles,Hard,2026-02-27 02:31:25
13501,M25 Luanda,270,Itf Men Singles,Hard,2026-02-27 02:31:25
13526,M25 Luanda 2,264,Itf Men Doubles,Hard,2026-02-27 02:31:25
13525,M25 Luanda 2,270,Itf Men Singles,Hard,2026-02-27 02:31:25
9380,M25 Lucknow,264,Itf Men Doubles,Hard,2026-02-27 02:31:25
9379,M25 Lucknow,270,Itf Men Singles,Hard,2026-02-27 02:31:25
10202,M25 Lujan,264,Itf Men Doubles,Clay,2026-02-27 02:31:25
10200,M25 Lujan,270,Itf Men Singles,Clay,2026-02-27 02:31:25
11806,M25 Luque,264,Itf Men Doubles,Clay,2026-02-27 02:31:25
11805,M25 Luque,270,Itf Men Singles,Clay,2026-02-27 02:31:25
9703,M25 Luzhou,264,Itf Men Doubles,Hard,2026-02-27 02:31:25
9702,M25 Luzhou,270,Itf Men Singles,Hard,2026-02-27 02:31:25
10791,M25 Maceio,264,Itf Men Doubles,Clay,2026-02-27 02:31:25
10790,M25 Maceio,270,Itf Men Singles,Clay,2026-02-27 02:31:25
4606,M25 Madrid,264,Itf Men Doubles,Clay (Indoor),2026-02-27 02:31:25
4605,M25 Madrid,270,Itf Men Singles,Clay (Indoor),2026-02-27 02:31:25
3199,M25 Malibu,270,Itf Men Singles,Hard,2026-02-27 02:31:25
8477,"M25 Malibu, CA",270,Itf Men Singles,Hard,2026-02-27 02:31:25
5180,M25 Manacor,264,Itf Men Doubles,Hard,2026-02-27 02:31:25
5179,M25 Manacor,270,Itf Men Singles,Hard,2026-02-27 02:31:25
8525,M25 Manacor 2,264,Itf Men Doubles,Hard,2026-02-27 02:31:25
8524,M25 Manacor 2,270,Itf Men Singles,Hard,2026-02-27 02:31:25
13469,M25 Manama,264,Itf Men Doubles,Hard,2026-02-27 02:31:25
13468,M25 Manama,270,Itf Men Singles,Hard,2026-02-27 02:31:25
10525,M25 Mandya,264,Itf Men Doubles,Hard,2026-02-27 02:31:25
10524,M25 Mandya,270,Itf Men Singles,Hard,2026-02-27 02:31:25
13475,M25 Manzanillo,264,Itf Men Doubles,Hard,2026-02-27 02:31:25
13474,M25 Manzanillo,270,Itf Men Singles,Hard,2026-02-27 02:31:25
12006,M25 Maputo,264,Itf Men Doubles,Hard,2026-02-27 02:31:25
12004,M25 Maputo,270,Itf Men Singles,Hard,2026-02-27 02:31:25
12987,M25 Mar Del Plata,264,Itf Men Doubles,Clay,2026-02-27 02:31:25
12959,M25 Mar Del Plata,270,Itf Men Singles,Clay,2026-02-27 02:31:25
4293,M25 Marburg,264,Itf Men Doubles,Clay,2026-02-27 02:31:25
4289,M25 Marburg,270,Itf Men Singles,Clay,2026-02-27 02:31:25
7762,M25 Maribor,264,Itf Men Doubles,Clay,2026-02-27 02:31:25
7761,M25 Maribor,270,Itf Men Singles,Clay,2026-02-27 02:31:25
7792,M25 Maribor 2,264,Itf Men Doubles,Clay,2026-02-27 02:31:25
7791,M25 Maribor 2,270,Itf Men Singles,Clay,2026-02-27 02:31:25
13578,M25 Marrakech,264,Itf Men Doubles,Clay,2026-02-27 02:31:25
13579,M25 Marrakech,270,Itf Men Singles,Clay,2026-02-27 02:31:25
7262,M25 Martos,264,Itf Men Doubles,Hard,2026-02-27 02:31:25
7261,M25 Martos,270,Itf Men Singles,Hard,2026-02-27 02:31:25
7130,M25 Mataro,264,Itf Men Doubles,Clay,2026-02-27 02:31:25
7129,M25 Mataro,270,Itf Men Singles,Clay,2026-02-27 02:31:25
4627,M25 Medellin,264,Itf Men Doubles,Clay,2026-02-27 02:31:25
4625,M25 Medellin,270,Itf Men Singles,Clay,2026-02-27 02:31:25
4006,M25 Meerbusch,264,Itf Men Doubles,Clay,2026-02-27 02:31:25
4005,M25 Meerbusch,270,Itf Men Singles,Clay,2026-02-27 02:31:25
4887,M25 Meitar,264,Itf Men Doubles,Hard,2026-02-27 02:31:25
4873,M25 Meitar,270,Itf Men Singles,Hard,2026-02-27 02:31:25
10261,M25 Mendoza,264,Itf Men Doubles,Clay,2026-02-27 02:31:25
10258,M25 Mendoza,270,Itf Men Singles,Clay,2026-02-27 02:31:25
12782,M25 Metzingen,264,Itf Men Doubles,Clay,2026-02-27 02:31:25
12781,M25 Metzingen,270,Itf Men Singles,Clay,2026-02-27 02:31:25
9116,M25 Mildura,264,Itf Men Doubles,Grass,2026-02-27 02:31:25
3422,M25 Mildura,270,Itf Men Singles,Grass,2026-02-27 02:31:25
5165,M25 Monastir,264,Itf Men Doubles,Hard,2026-02-27 02:31:25
5164,M25 Monastir,270,Itf Men Singles,Hard,2026-02-27 02:31:25
8348,M25 Monastir 10,264,Itf Men Doubles,Hard,2026-02-27 02:31:25
8338,M25 Monastir 10,270,Itf Men Singles,Hard,2026-02-27 02:31:25
8391,M25 Monastir 11,264,Itf Men Doubles,Hard,2026-02-27 02:31:25
8375,M25 Monastir 11,270,Itf Men Singles,Hard,2026-02-27 02:31:25
5190,M25 Monastir 2,264,Itf Men Doubles,Hard,2026-02-27 02:31:25
5188,M25 Monastir 2,270,Itf Men Singles,Hard,2026-02-27 02:31:25
5199,M25 Monastir 3,264,Itf Men Doubles,Hard,2026-02-27 02:31:25
5198,M25 Monastir 3,270,Itf Men Singles,Hard,2026-02-27 02:31:25
5218,M25 Monastir 4,264,Itf Men Doubles,Hard,2026-02-27 02:31:25
5216,M25 Monastir 4,270,Itf Men Singles,Hard,2026-02-27 02:31:25
5556,M25 Monastir 5,264,Itf Men Doubles,Hard,2026-02-27 02:31:25
5550,M25 Monastir 5,270,Itf Men Singles,Hard,2026-02-27 02:31:25
5607,M25 Monastir 6,264,Itf Men Doubles,Hard,2026-02-27 02:31:25
5606,M25 Monastir 6,270,Itf Men Singles,Hard,2026-02-27 02:31:25
7126,M25 Monastir 7,264,Itf Men Doubles,Hard,2026-02-27 02:31:25
7123,M25 Monastir 7,270,Itf Men Singles,Hard,2026-02-27 02:31:25
8133,M25 Monastir 8,264,Itf Men Doubles,Hard,2026-02-27 02:31:25
8131,M25 Monastir 8,270,Itf Men Singles,Hard,2026-02-27 02:31:25
8186,M25 Monastir 9,264,Itf Men Doubles,Hard,2026-02-27 02:31:25
8183,M25 Monastir 9,270,Itf Men Singles,Hard,2026-02-27 02:31:25
4235,M25 Montauban,264,Itf Men Doubles,Clay,2026-02-27 02:31:25
4232,M25 Montauban,270,Itf Men Singles,Clay,2026-02-27 02:31:25
11408,M25 Montesilvano,264,Itf Men Doubles,Clay,2026-02-27 02:31:25
11407,M25 Montesilvano,270,Itf Men Singles,Clay,2026-02-27 02:31:25
9325,M25 Montreal,264,Itf Men Doubles,Hard,2026-02-27 02:31:25
9324,M25 Montreal,270,Itf Men Singles,Hard,2026-02-27 02:31:25
9363,M25 Montreal 2,264,Itf Men Doubles,Hard,2026-02-27 02:31:25
9362,M25 Montreal 2,270,Itf Men Singles,Hard,2026-02-27 02:31:25
9387,M25 Mosquera,264,Itf Men Doubles,Clay,2026-02-27 02:31:25
9385,M25 Mosquera,270,Itf Men Singles,Clay,2026-02-27 02:31:25
4109,M25 Most,264,Itf Men Doubles,Clay,2026-02-27 02:31:25
4108,M25 Most,270,Itf Men Singles,Clay,2026-02-27 02:31:25
8275,M25 Mumbai,264,Itf Men Doubles,Hard,2026-02-27 02:31:25
8265,M25 Mumbai,270,Itf Men Singles,Hard,2026-02-27 02:31:25
7291,M25 Mungia,264,Itf Men Doubles,Clay,2026-02-27 02:31:25
7290,M25 Mungia,270,Itf Men Singles,Clay,2026-02-27 02:31:25
11174,M25 Mungia-Laukariz,264,Itf Men Doubles,Clay,2026-02-27 02:31:25
11175,M25 Mungia-Laukariz,270,Itf Men Singles,Clay,2026-02-27 02:31:25
9121,M25 Murcia,264,Itf Men Doubles,Clay,2026-02-27 02:31:25
3441,M25 Murcia,270,Itf Men Singles,Clay,2026-02-27 02:31:25
4477,M25 Muttenz,264,Itf Men Doubles,Clay,2026-02-27 02:31:25
4476,M25 Muttenz,270,Itf Men Singles,Clay,2026-02-27 02:31:25
9398,M25 Mysuru,264,Itf Men Doubles,Hard,2026-02-27 02:31:25
9397,M25 Mysuru,270,Itf Men Singles,Hard,2026-02-27 02:31:25
12966,M25 Nakhon Pathom,264,Itf Men Doubles,Hard,2026-02-27 02:31:25
12965,M25 Nakhon Pathom,270,Itf Men Singles,Hard,2026-02-27 02:31:25
9718,M25 Nakhon Si Thammarat,264,Itf Men Doubles,Hard,2026-02-27 02:31:25
9716,M25 Nakhon Si Thammarat,270,Itf Men Singles,Hard,2026-02-27 02:31:25
11614,M25 Nakhon Si Thammarat 2,264,Itf Men Doubles,Hard,2026-02-27 02:31:25
11611,M25 Nakhon Si Thammarat 2,270,Itf Men Singles,Hard,2026-02-27 02:31:25
9104,M25 Naples,264,Itf Men Doubles,Clay,2026-02-27 02:31:25
10672,"M25 Naples, FL",264,Itf Men Doubles,Clay,2026-02-27 02:31:25
3331,"M25 Naples, FL",270,Itf Men Singles,Clay,2026-02-27 02:31:25
3917,"M25 Naples, FL 2",264,Itf Men Doubles,Clay,2026-02-27 02:31:25
3918,"M25 Naples, FL 2",270,Itf Men Singles,Clay,2026-02-27 02:31:25
3203,"M25 Naples, FL 3",270,Itf Men Singles,Clay,2026-02-27 02:31:25
7134,M25 Netanya,264,Itf Men Doubles,Hard,2026-02-27 02:31:25
7133,M25 Netanya,270,Itf Men Singles,Hard,2026-02-27 02:31:25
9794,M25 Netanya 2,264,Itf Men Doubles,Hard,2026-02-27 02:31:25
9812,M25 Netanya 2,270,Itf Men Singles,Hard,2026-02-27 02:31:25
4719,M25 Nevers,264,Itf Men Doubles,Hard,2026-02-27 02:31:25
4716,M25 Nevers,270,Itf Men Singles,Hard,2026-02-27 02:31:25
9350,M25 New Delhi,264,Itf Men Doubles,Hard,2026-02-27 02:31:25
9349,M25 New Delhi,270,Itf Men Singles,Hard,2026-02-27 02:31:25
9091,M25 Nonthaburi,264,Itf Men Doubles,Hard,2026-02-27 02:31:25
3284,M25 Nonthaburi,270,Itf Men Singles,Hard,2026-02-27 02:31:25
9096,M25 Nonthaburi 2,264,Itf Men Doubles,Hard,2026-02-27 02:31:25
3306,M25 Nonthaburi 2,270,Itf Men Singles,Hard,2026-02-27 02:31:25
11926,"M25 Norman, OK",264,Itf Men Doubles,Hard,2026-02-27 02:31:25
11932,"M25 Norman, OK",270,Itf Men Singles,Hard,2026-02-27 02:31:25
11971,M25 Norwich,264,Itf Men Doubles,Hard,2026-02-27 02:31:25
11970,M25 Norwich,270,Itf Men Singles,Hard,2026-02-27 02:31:25
5439,M25 Nottingham,264,Itf Men Doubles,Hard,2026-02-27 02:31:25
5438,M25 Nottingham,270,Itf Men Singles,Hard,2026-02-27 02:31:25
5450,M25 Nottingham 2,264,Itf Men Doubles,Hard,2026-02-27 02:31:25
5449,M25 Nottingham 2,270,Itf Men Singles,Hard,2026-02-27 02:31:25
5532,M25 Nottingham 3,264,Itf Men Doubles,Hard,2026-02-27 02:31:25
5531,M25 Nottingham 3,270,Itf Men Singles,Hard,2026-02-27 02:31:25
5565,M25 Nottingham 4,264,Itf Men Doubles,Hard,2026-02-27 02:31:25
5564,M25 Nottingham 4,270,Itf Men Singles,Hard,2026-02-27 02:31:25
7526,M25 Nottingham 5,264,Itf Men Doubles,Grass,2026-02-27 02:31:25
7525,M25 Nottingham 5,270,Itf Men Singles,Grass,2026-02-27 02:31:25
7591,M25 Nottingham 6,264,Itf Men Doubles,Grass,2026-02-27 02:31:25
7590,M25 Nottingham 6,270,Itf Men Singles,Grass,2026-02-27 02:31:25
9300,M25 Nur-Sultan,264,Itf Men Doubles,Hard (Indoor),2026-02-27 02:31:25
5302,M25 Nur-Sultan,270,Itf Men Singles,Hard (Indoor),2026-02-27 02:31:25
5040,M25 Nur-Sultan 2,264,Itf Men Doubles,Hard (Indoor),2026-02-27 02:31:25
4810,M25 Nur-Sultan 2,270,Itf Men Singles,Hard,2026-02-27 02:31:25
4827,M25 Nur-Sultan 3,264,Itf Men Doubles,Hard (Indoor),2026-02-27 02:31:25
4884,M25 Nur-Sultan 3,270,Itf Men Singles,Hard (Indoor),2026-02-27 02:31:25
8519,M25 Nussloch,264,Itf Men Doubles,Hard (Indoor),2026-02-27 02:31:25
3271,M25 Nussloch,270,Itf Men Singles,Hard (Indoor),2026-02-27 02:31:25
7732,M25 Oldenzaal,264,Itf Men Doubles,Clay,2026-02-27 02:31:25
7731,M25 Oldenzaal,270,Itf Men Singles,Clay,2026-02-27 02:31:25
12796,M25 Ollersbach,264,Itf Men Doubles,Clay,2026-02-27 02:31:25
12795,M25 Ollersbach,270,Itf Men Singles,Clay,2026-02-27 02:31:25
5378,M25 Opatija,264,Itf Men Doubles,Clay,2026-02-27 02:31:25
5374,M25 Opatija,270,Itf Men Singles,Clay,2026-02-27 02:31:25
12518,"M25 Orlando, FL",264,Itf Men Doubles,Clay,2026-02-27 02:31:25
12514,"M25 Orlando, FL",270,Itf Men Singles,Clay,2026-02-27 02:31:25
5608,M25 Osijek,264,Itf Men Doubles,Clay,2026-02-27 02:31:25
5615,M25 Osijek,270,Itf Men Singles,Clay,2026-02-27 02:31:25
4546,M25 Oviedo,264,Itf Men Doubles,Clay,2026-02-27 02:31:25
4572,M25 Oviedo,270,Itf Men Singles,Clay,2026-02-27 02:31:25
7621,M25 Padova,264,Itf Men Doubles,Clay,2026-02-27 02:31:25
7620,M25 Padova,270,Itf Men Singles,Clay,2026-02-27 02:31:25
9099,M25 Palm Coast,264,Itf Men Doubles,Clay,2026-02-27 02:31:25
3324,M25 Palm Coast,270,Itf Men Singles,Clay,2026-02-27 02:31:25
9360,M25 Palmanova,264,Itf Men Doubles,Clay,2026-02-27 02:31:25
9353,M25 Palmanova,270,Itf Men Singles,Clay,2026-02-27 02:31:25
9378,M25 Palmanova 2,264,Itf Men Doubles,Clay,2026-02-27 02:31:25
9377,M25 Palmanova 2,270,Itf Men Singles,Clay,2026-02-27 02:31:25
3630,M25 Pardubice,264,Itf Men Doubles,Clay,2026-02-27 02:31:25
3624,M25 Pardubice,270,Itf Men Singles,Clay,2026-02-27 02:31:25
10193,M25 Pazardzhik,264,Itf Men Doubles,Clay,2026-02-27 02:31:25
10192,M25 Pazardzhik,270,Itf Men Singles,Clay,2026-02-27 02:31:25
10256,M25 Pazardzhik 2,264,Itf Men Doubles,Clay,2026-02-27 02:31:25
10254,M25 Pazardzhik 2,270,Itf Men Singles,Clay,2026-02-27 02:31:25
4091,"M25 Pensacola, FL",264,Itf Men Doubles,Clay,2026-02-27 02:31:25
4097,"M25 Pensacola, FL",270,Itf Men Singles,Clay,2026-02-27 02:31:25
13292,M25 Perth,264,Itf Men Doubles,Hard,2026-02-27 02:31:25
13290,M25 Perth,270,Itf Men Singles,Hard,2026-02-27 02:31:25
13322,M25 Perth 2,264,Itf Men Doubles,Hard,2026-02-27 02:31:25
13321,M25 Perth 2,270,Itf Men Singles,Hard,2026-02-27 02:31:25
7880,M25 Pirot,264,Itf Men Doubles,Clay,2026-02-27 02:31:25
7879,M25 Pirot,270,Itf Men Singles,Clay,2026-02-27 02:31:25
4418,M25 Pitesti,264,Itf Men Doubles,Clay,2026-02-27 02:31:25
4416,M25 Pitesti,270,Itf Men Singles,Clay,2026-02-27 02:31:25
7353,M25 Poprad,264,Itf Men Doubles,Clay,2026-02-27 02:31:25
7350,M25 Poprad,270,Itf Men Singles,Clay,2026-02-27 02:31:25
5326,M25 Porec,264,Itf Men Doubles,Clay,2026-02-27 02:31:25
5324,M25 Porec,270,Itf Men Singles,Clay,2026-02-27 02:31:25
4838,M25 Portimao,264,Itf Men Doubles,Hard,2026-02-27 02:31:25
4864,M25 Portimao,270,Itf Men Singles,Hard,2026-02-27 02:31:25
3627,M25 Porto,264,Itf Men Doubles,Hard,2026-02-27 02:31:25
3629,M25 Porto,270,Itf Men Singles,Hard,2026-02-27 02:31:25
4401,M25 Portoviejo,264,Itf Men Doubles,Clay,2026-02-27 02:31:25
4400,M25 Portoviejo,270,Itf Men Singles,Clay,2026-02-27 02:31:25
9119,M25 Potchefstroom,264,Itf Men Doubles,Hard,2026-02-27 02:31:25
3434,M25 Potchefstroom,270,Itf Men Singles,Hard,2026-02-27 02:31:25
3565,M25 Poznan,264,Itf Men Doubles,Clay,2026-02-27 02:31:25
3564,M25 Poznan,270,Itf Men Singles,Clay,2026-02-27 02:31:25
10141,M25 Pozzuoli,264,Itf Men Doubles,Hard,2026-02-27 02:31:25
10140,M25 Pozzuoli,270,Itf Men Singles,Hard,2026-02-27 02:31:25
3603,M25 Prague,264,Itf Men Doubles,Clay,2026-02-27 02:31:25
3597,M25 Prague,270,Itf Men Singles,Clay,2026-02-27 02:31:25
4715,M25 Prague 2,264,Itf Men Doubles,Hard,2026-02-27 02:31:25
4714,M25 Prague 2,270,Itf Men Singles,Hard,2026-02-27 02:31:25
4681,M25 Pretoria,264,Itf Men Doubles,Hard,2026-02-27 02:31:25
4703,M25 Pretoria,270,Itf Men Singles,Hard,2026-02-27 02:31:25
4467,M25 Prostejov,264,Itf Men Doubles,Clay,2026-02-27 02:31:25
4466,M25 Prostejov,270,Itf Men Singles,Clay,2026-02-27 02:31:25
13686,M25 Pszczyna,264,Itf Men Doubles,Hard,2026-02-27 02:31:25
13685,M25 Pszczyna,270,Itf Men Singles,Hard,2026-02-27 02:31:25
9106,M25 Punta del Este,264,Itf Men Doubles,Clay,2026-02-27 02:31:25
3363,M25 Punta del Este,270,Itf Men Singles,Clay,2026-02-27 02:31:25
10656,M25 Punta del Este 2,264,Itf Men Doubles,Clay,2026-02-27 02:31:25
10652,M25 Punta del Este 2,270,Itf Men Singles,Clay,2026-02-27 02:31:25
11945,M25 Qian Daohu,264,Itf Men Doubles,Hard,2026-02-27 02:31:25
11944,M25 Qian Daohu,270,Itf Men Singles,Hard,2026-02-27 02:31:25
4796,M25 Quinta Do Lago,264,Itf Men Doubles,Hard,2026-02-27 02:31:25
4795,M25 Quinta Do Lago,270,Itf Men Singles,Hard,2026-02-27 02:31:25
11162,M25 Rabat,264,Itf Men Doubles,Clay,2026-02-27 02:31:25
11165,M25 Rabat,270,Itf Men Singles,Clay,2026-02-27 02:31:25
7474,M25 Radomlje,264,Itf Men Doubles,Clay,2026-02-27 02:31:25
7473,M25 Radomlje,270,Itf Men Singles,Clay,2026-02-27 02:31:25
9084,M25 Rancho Santa Fe,264,Itf Men Doubles,Hard,2026-02-27 02:31:25
3250,M25 Rancho Santa Fe,270,Itf Men Singles,Hard,2026-02-27 02:31:25
10735,M25 Recife,264,Itf Men Doubles,Clay,2026-02-27 02:31:25
10734,M25 Recife,270,Itf Men Singles,Clay,2026-02-27 02:31:25
9590,M25 Reggio Emilia,264,Itf Men Doubles,Clay,2026-02-27 02:31:25
9588,M25 Reggio Emilia,270,Itf Men Singles,Clay,2026-02-27 02:31:25
4004,M25 Reus,264,Itf Men Doubles,Clay,2026-02-27 02:31:25
4003,M25 Reus,270,Itf Men Singles,Clay,2026-02-27 02:31:25
4551,M25 Ricany,264,Itf Men Doubles,Clay,2026-02-27 02:31:25
4548,M25 Ricany,270,Itf Men Singles,Clay,2026-02-27 02:31:25
3416,M25 Rio Cuarto,264,Itf Men Doubles,Clay,2026-02-27 02:31:25
3417,M25 Rio Cuarto,270,Itf Men Singles,Clay,2026-02-27 02:31:25
8098,M25 Rio de Janeiro,264,Itf Men Doubles,Clay,2026-02-27 02:31:25
8097,M25 Rio de Janeiro,270,Itf Men Singles,Clay,2026-02-27 02:31:25
4807,M25 Rio do Sul,264,Itf Men Doubles,Clay,2026-02-27 02:31:25
4805,M25 Rio do Sul,270,Itf Men Singles,Clay,2026-02-27 02:31:25
9724,M25 Risskov/Aarhus,264,Itf Men Doubles,Clay,2026-02-27 02:31:25
9723,M25 Risskov/Aarhus,270,Itf Men Singles,Clay,2026-02-27 02:31:25
9862,M25 Roda de Bara,264,Itf Men Doubles,Hard,2026-02-27 02:31:25
9861,M25 Roda de Bara,270,Itf Men Singles,Hard,2026-02-27 02:31:25
7438,M25 Roehampton,264,Itf Men Doubles,Grass,2026-02-27 02:31:25
7419,M25 Roehampton,270,Itf Men Singles,Grass,2026-02-27 02:31:25
7729,M25 Roehampton 2,264,Itf Men Doubles,Hard,2026-02-27 02:31:25
7728,M25 Roehampton 2,270,Itf Men Singles,Hard,2026-02-27 02:31:25
9929,M25 Roehampton 3,264,Itf Men Doubles,Hard,2026-02-27 02:31:25
9928,M25 Roehampton 3,270,Itf Men Singles,Hard,2026-02-27 02:31:25
9656,M25 Rome,264,Itf Men Doubles,Clay,2026-02-27 02:31:25
9655,M25 Rome,270,Itf Men Singles,Clay,2026-02-27 02:31:25
5420,"M25 Rosario, Santa Fe 2",264,Itf Men Doubles,Clay,2026-02-27 02:31:25
5419,"M25 Rosario, Santa Fe 2",270,Itf Men Singles,Clay,2026-02-27 02:31:25
5399,M25 Rosario-Santa Fe,264,Itf Men Doubles,Clay,2026-02-27 02:31:25
5398,M25 Rosario-Santa Fe,270,Itf Men Singles,Clay,2026-02-27 02:31:25
5354,M25 Rovinj,264,Itf Men Doubles,Clay,2026-02-27 02:31:25
5353,M25 Rovinj,270,Itf Men Singles,Clay,2026-02-27 02:31:25
9512,M25 Sabadell,264,Itf Men Doubles,Clay,2026-02-27 02:31:25
9511,M25 Sabadell,270,Itf Men Singles,Clay,2026-02-27 02:31:25
10199,M25 Sabadell 2,264,Itf Men Doubles,Clay,2026-02-27 02:31:25
10198,M25 Sabadell 2,270,Itf Men Singles,Clay,2026-02-27 02:31:25
8140,M25 Saint-Augustin,264,Itf Men Doubles,Hard,2026-02-27 02:31:25
8138,M25 Saint-Augustin,270,Itf Men Singles,Hard,2026-02-27 02:31:25
12011,M25 Saint-Augustin-de-Desmaures,264,Itf Men Doubles,Hard,2026-02-27 02:31:25
12010,M25 Saint-Augustin-de-Desmaures,270,Itf Men Singles,Hard,2026-02-27 02:31:25
4893,M25 Saint-Dizier,264,Itf Men Doubles,Hard (Indoor),2026-02-27 02:31:25
4891,M25 Saint-Dizier,270,Itf Men Singles,Hard (Indoor),2026-02-27 02:31:25
8192,M25 Salta,264,Itf Men Doubles,Clay,2026-02-27 02:31:25
8191,M25 Salta,270,Itf Men Singles,Clay,2026-02-27 02:31:25
13306,M25 Salvador,264,Itf Men Doubles,Hard,2026-02-27 02:31:25
13304,M25 Salvador,270,Itf Men Singles,Hard,2026-02-27 02:31:25
13681,M25 San Jose,264,Itf Men Doubles,Hard,2026-02-27 02:31:25
13678,M25 San Jose,270,Itf Men Singles,Hard,2026-02-27 02:31:25
13440,M25 Santa Cruz do Sul,264,Itf Men Doubles,Clay,2026-02-27 02:31:25
13438,M25 Santa Cruz do Sul,270,Itf Men Singles,Clay,2026-02-27 02:31:25
5440,M25 Santa Margherita di Pula,264,Itf Men Doubles,Clay,2026-02-27 02:31:25
5423,M25 Santa Margherita di Pula,270,Itf Men Singles,Clay,2026-02-27 02:31:25
8054,M25 Santa Margherita di Pula 10,264,Itf Men Doubles,Clay,2026-02-27 02:31:25
8026,M25 Santa Margherita di Pula 10,270,Itf Men Singles,Clay,2026-02-27 02:31:25
8094,M25 Santa Margherita di Pula 11,264,Itf Men Doubles,Clay,2026-02-27 02:31:25
8078,M25 Santa Margherita di Pula 11,270,Itf Men Singles,Clay,2026-02-27 02:31:25
10329,M25 Santa Margherita di Pula 12,264,Itf Men Doubles,Clay,2026-02-27 02:31:25
11894,M25 Santa Margherita di Pula 12,270,Itf Men Singles,Clay,2026-02-27 02:31:25
5446,M25 Santa Margherita di Pula 2,264,Itf Men Doubles,Clay,2026-02-27 02:31:25
5445,M25 Santa Margherita di Pula 2,270,Itf Men Singles,Clay,2026-02-27 02:31:25
5483,M25 Santa Margherita di Pula 3,264,Itf Men Doubles,Clay,2026-02-27 02:31:25
5469,M25 Santa Margherita di Pula 3,270,Itf Men Singles,Clay,2026-02-27 02:31:25
5533,M25 Santa Margherita di Pula 4,264,Itf Men Doubles,Clay,2026-02-27 02:31:25
5515,M25 Santa Margherita di Pula 4,270,Itf Men Singles,Clay,2026-02-27 02:31:25
5566,M25 Santa Margherita di Pula 5,264,Itf Men Doubles,Clay,2026-02-27 02:31:25
5572,M25 Santa Margherita di Pula 5,270,Itf Men Singles,Clay,2026-02-27 02:31:25
7835,M25 Santa Margherita di Pula 6,264,Itf Men Doubles,Clay,2026-02-27 02:31:25
7827,M25 Santa Margherita di Pula 6,270,Itf Men Singles,Clay,2026-02-27 02:31:25
7893,M25 Santa Margherita di Pula 7,264,Itf Men Doubles,Clay,2026-02-27 02:31:25
7870,M25 Santa Margherita di Pula 7,270,Itf Men Singles,Clay,2026-02-27 02:31:25
7949,M25 Santa Margherita di Pula 8,264,Itf Men Doubles,Clay,2026-02-27 02:31:25
7918,M25 Santa Margherita di Pula 8,270,Itf Men Singles,Clay,2026-02-27 02:31:25
8004,M25 Santa Margherita di Pula 9,264,Itf Men Doubles,Clay,2026-02-27 02:31:25
7974,M25 Santa Margherita di Pula 9,270,Itf Men Singles,Clay,2026-02-27 02:31:25
4528,M25 Santander,264,Itf Men Doubles,Clay,2026-02-27 02:31:25
4522,M25 Santander,270,Itf Men Singles,Clay,2026-02-27 02:31:25
13598,M25 Santiago,264,Itf Men Doubles,Clay,2026-02-27 02:31:25
13597,M25 Santiago,270,Itf Men Singles,Clay,2026-02-27 02:31:25
13627,M25 Santiago 2,264,Itf Men Doubles,Clay,2026-02-27 02:31:25
13626,M25 Santiago 2,270,Itf Men Singles,Clay,2026-02-27 02:31:25
4156,M25 Santo Domingo,264,Itf Men Doubles,Hard,2026-02-27 02:31:25
4154,M25 Santo Domingo,270,Itf Men Singles,Hard,2026-02-27 02:31:25
4193,M25 Santo Domingo 2,264,Itf Men Doubles,Hard,2026-02-27 02:31:25
4188,M25 Santo Domingo 2,270,Itf Men Singles,Hard,2026-02-27 02:31:25
7229,M25 Santo Domingo 3,264,Itf Men Doubles,Hard,2026-02-27 02:31:25
7228,M25 Santo Domingo 3,270,Itf Men Singles,Hard,2026-02-27 02:31:25
7283,M25 Santo Domingo 4,264,Itf Men Doubles,Hard,2026-02-27 02:31:25
7282,M25 Santo Domingo 4,270,Itf Men Singles,Hard,2026-02-27 02:31:25
9491,M25 Sanxenxo,264,Itf Men Doubles,Hard,2026-02-27 02:31:25
9490,M25 Sanxenxo,270,Itf Men Singles,Hard,2026-02-27 02:31:25
11294,M25 Sao Paulo,264,Itf Men Doubles,Clay,2026-02-27 02:31:25
11293,M25 Sao Paulo,270,Itf Men Singles,Clay,2026-02-27 02:31:25
12035,M25 Sao Paulo 2,264,Itf Men Doubles,Clay,2026-02-27 02:31:25
12034,M25 Sao Paulo 2,270,Itf Men Singles,Clay,2026-02-27 02:31:25
7753,M25 Sapporo,264,Itf Men Doubles,Hard,2026-02-27 02:31:25
7752,M25 Sapporo,270,Itf Men Singles,Hard,2026-02-27 02:31:25
7789,M25 Sapporo 2,264,Itf Men Doubles,Hard,2026-02-27 02:31:25
7788,M25 Sapporo 2,270,Itf Men Singles,Hard,2026-02-27 02:31:25
11122,M25 Sarajevo,264,Itf Men Doubles,Clay,2026-02-27 02:31:25
11120,M25 Sarajevo,270,Itf Men Singles,Clay,2026-02-27 02:31:25
4847,M25 Sarreguemines,264,Itf Men Doubles,Grass,2026-02-27 02:31:25
4846,M25 Sarreguemines,270,Itf Men Singles,Grass,2026-02-27 02:31:25
11212,M25 Satu Mare,264,Itf Men Doubles,Clay,2026-02-27 02:31:25
11205,M25 Satu Mare,270,Itf Men Singles,Clay,2026-02-27 02:31:25
11737,M25 Satu Mare 2,264,Itf Men Doubles,Clay,2026-02-27 02:31:25
11736,M25 Satu Mare 2,270,Itf Men Singles,Clay,2026-02-27 02:31:25
4720,M25 Setubal,264,Itf Men Doubles,Hard,2026-02-27 02:31:25
4717,M25 Setubal,270,Itf Men Singles,Hard,2026-02-27 02:31:25
5224,M25 Sharm ElSheikh,264,Itf Men Doubles,Hard,2026-02-27 02:31:25
5229,M25 Sharm ElSheikh,270,Itf Men Singles,Hard,2026-02-27 02:31:25
5248,M25 Sharm ElSheikh 2,264,Itf Men Doubles,Hard,2026-02-27 02:31:25
5255,M25 Sharm ElSheikh 2,270,Itf Men Singles,Hard,2026-02-27 02:31:25
8235,M25 Sharm ElSheikh 3,264,Itf Men Doubles,Hard,2026-02-27 02:31:25
8253,M25 Sharm ElSheikh 3,270,Itf Men Singles,Hard,2026-02-27 02:31:25
8286,M25 Sharm ElSheikh 4,264,Itf Men Doubles,Hard,2026-02-27 02:31:25
8309,M25 Sharm ElSheikh 4,270,Itf Men Singles,Hard,2026-02-27 02:31:25
10367,M25 Sharm ElSheikh 5,264,Itf Men Doubles,Hard,2026-02-27 02:31:25
10368,M25 Sharm ElSheikh 5,270,Itf Men Singles,Hard,2026-02-27 02:31:25
7985,M25 Sheffield,264,Itf Men Doubles,Hard (Indoor),2026-02-27 02:31:25
7984,M25 Sheffield,270,Itf Men Singles,Hard (Indoor),2026-02-27 02:31:25
12332,M25 Shenzhen,264,Itf Men Doubles,Hard,2026-02-27 02:31:25
12330,M25 Shenzhen,270,Itf Men Singles,Hard,2026-02-27 02:31:25
5240,M25 Shrewsbury,264,Itf Men Doubles,Hard,2026-02-27 02:31:25
5238,M25 Shrewsbury,270,Itf Men Singles,Hard,2026-02-27 02:31:25
4547,M25 Sierre,264,Itf Men Doubles,Clay,2026-02-27 02:31:25
4545,M25 Sierre,270,Itf Men Singles,Clay,2026-02-27 02:31:25
4583,M25 Sintra,264,Itf Men Doubles,Hard,2026-02-27 02:31:25
4581,M25 Sintra,270,Itf Men Singles,Hard,2026-02-27 02:31:25
4631,M25 Sintra 2,264,Itf Men Doubles,Hard,2026-02-27 02:31:25
4629,M25 Sintra 2,270,Itf Men Singles,Hard,2026-02-27 02:31:25
10076,M25 Sion,264,Itf Men Doubles,Clay,2026-02-27 02:31:25
10077,M25 Sion,270,Itf Men Singles,Clay,2026-02-27 02:31:25
4685,M25 Skopje,264,Itf Men Doubles,Clay,2026-02-27 02:31:25
4684,M25 Skopje,270,Itf Men Singles,Clay,2026-02-27 02:31:25
9967,"M25 Southaven, MS",264,Itf Men Doubles,Hard,2026-02-27 02:31:25
9966,"M25 Southaven, MS",270,Itf Men Singles,Hard,2026-02-27 02:31:25
5479,M25 Split,264,Itf Men Doubles,Clay,2026-02-27 02:31:25
5509,M25 Split,270,Itf Men Singles,Clay,2026-02-27 02:31:25
8035,M25 Sunderland,264,Itf Men Doubles,Hard (Indoor),2026-02-27 02:31:25
3393,M25 Sunderland,270,Itf Men Singles,Hard (Indoor),2026-02-27 02:31:25
10344,M25 Sunderland 2,264,Itf Men Doubles,Hard,2026-02-27 02:31:25
10340,M25 Sunderland 2,270,Itf Men Singles,Hard,2026-02-27 02:31:25
8595,M25 Swan Hill,264,Itf Men Doubles,Grass,2026-02-27 02:31:25
8592,M25 Swan Hill,270,Itf Men Singles,Grass,2026-02-27 02:31:25
8623,M25 Swan Hill 2,264,Itf Men Doubles,Grass,2026-02-27 02:31:25
8622,M25 Swan Hill 2,270,Itf Men Singles,Grass,2026-02-27 02:31:25
7777,M25 Szabolcsveresmart,264,Itf Men Doubles,Clay,2026-02-27 02:31:25
7760,M25 Szabolcsveresmart,270,Itf Men Singles,Clay,2026-02-27 02:31:25
10011,M25 Tainan,264,Itf Men Doubles,Clay,2026-02-27 02:31:25
10010,M25 Tainan,270,Itf Men Singles,Clay,2026-02-27 02:31:25
10029,M25 Tainan 2,264,Itf Men Doubles,Clay,2026-02-27 02:31:25
10028,M25 Tainan 2,270,Itf Men Singles,Clay,2026-02-27 02:31:25
11378,M25 Taipei,264,Itf Men Doubles,Hard,2026-02-27 02:31:25
11377,M25 Taipei,270,Itf Men Singles,Hard,2026-02-27 02:31:25
11413,M25 Taipei 2,264,Itf Men Doubles,Hard,2026-02-27 02:31:25
11412,M25 Taipei 2,270,Itf Men Singles,Hard,2026-02-27 02:31:25
10159,M25 Takasaki,264,Itf Men Doubles,Hard,2026-02-27 02:31:25
10158,M25 Takasaki,270,Itf Men Singles,Hard,2026-02-27 02:31:25
13003,M25 Tamworth,264,Itf Men Doubles,Hard,2026-02-27 02:31:25
13002,M25 Tamworth,270,Itf Men Singles,Hard,2026-02-27 02:31:25
13232,M25 Tamworth 2,264,Itf Men Doubles,Hard,2026-02-27 02:31:25
13246,M25 Tamworth 2,270,Itf Men Singles,Hard,2026-02-27 02:31:25
12653,M25 Targu Mures,264,Itf Men Doubles,Clay,2026-02-27 02:31:25
12652,M25 Targu Mures,270,Itf Men Singles,Clay,2026-02-27 02:31:25
10828,M25 Tarragona,264,Itf Men Doubles,Clay,2026-02-27 02:31:25
10827,M25 Tarragona,270,Itf Men Singles,Clay,2026-02-27 02:31:25
10285,M25 Tavira,264,Itf Men Doubles,Hard,2026-02-27 02:31:25
10284,M25 Tavira,270,Itf Men Singles,Hard,2026-02-27 02:31:25
10307,M25 Tavira 2,264,Itf Men Doubles,Hard,2026-02-27 02:31:25
10306,M25 Tavira 2,270,Itf Men Singles,Hard,2026-02-27 02:31:25
7928,M25 Tay Ninh,264,Itf Men Doubles,Hard,2026-02-27 02:31:25
7927,M25 Tay Ninh,270,Itf Men Singles,Hard,2026-02-27 02:31:25
7980,M25 Tay Ninh 2,264,Itf Men Doubles,Hard,2026-02-27 02:31:25
7979,M25 Tay Ninh 2,270,Itf Men Singles,Hard,2026-02-27 02:31:25
7533,M25 Tbilisi,264,Itf Men Doubles,Hard,2026-02-27 02:31:25
7509,M25 Tbilisi,270,Itf Men Singles,Hard,2026-02-27 02:31:25
7601,M25 Tbilisi 2,264,Itf Men Doubles,Hard,2026-02-27 02:31:25
7573,M25 Tbilisi 2,270,Itf Men Singles,Hard,2026-02-27 02:31:25
7643,M25 Tbilisi 3,264,Itf Men Doubles,Hard,2026-02-27 02:31:25
7617,M25 Tbilisi 3,270,Itf Men Singles,Hard,2026-02-27 02:31:25
4395,M25 Telavi,264,Itf Men Doubles,Clay,2026-02-27 02:31:25
4385,M25 Telavi,270,Itf Men Singles,Clay,2026-02-27 02:31:25
10303,M25 Telavi 2,264,Itf Men Doubles,Clay,2026-02-27 02:31:25
10323,M25 Telavi 2,270,Itf Men Singles,Clay,2026-02-27 02:31:25
4331,M25 Telfs,264,Itf Men Doubles,Clay,2026-02-27 02:31:25
4322,M25 Telfs,270,Itf Men Singles,Clay,2026-02-27 02:31:25
4274,M25 The Hague,264,Itf Men Doubles,Clay,2026-02-27 02:31:25
4265,M25 The Hague,270,Itf Men Singles,Clay,2026-02-27 02:31:25
11274,M25 Tianjin,264,Itf Men Doubles,Hard,2026-02-27 02:31:25
11272,M25 Tianjin,270,Itf Men Singles,Hard,2026-02-27 02:31:25
11304,M25 Tianjin 2,264,Itf Men Doubles,Hard,2026-02-27 02:31:25
11302,M25 Tianjin 2,270,Itf Men Singles,Hard,2026-02-27 02:31:25
12236,M25 Timaru,264,Itf Men Doubles,Hard,2026-02-27 02:31:25
12234,M25 Timaru,270,Itf Men Singles,Hard,2026-02-27 02:31:25
8634,M25 Torello,264,Itf Men Doubles,Hard,2026-02-27 02:31:25
8633,M25 Torello,270,Itf Men Singles,Hard,2026-02-27 02:31:25
4794,M25 Toulouse,264,Itf Men Doubles,Hard,2026-02-27 02:31:25
4793,M25 Toulouse,270,Itf Men Singles,Hard,2026-02-27 02:31:25
5379,M25 Toulouse-Balma,264,Itf Men Doubles,Hard,2026-02-27 02:31:25
5375,M25 Toulouse-Balma,270,Itf Men Singles,Hard,2026-02-27 02:31:25
8278,M25 Traralgon,264,Itf Men Doubles,Hard,2026-02-27 02:31:25
8266,M25 Traralgon,270,Itf Men Singles,Hard,2026-02-27 02:31:25
8358,M25 Traralgon 2,264,Itf Men Doubles,Hard,2026-02-27 02:31:25
8350,M25 Traralgon 2,270,Itf Men Singles,Hard,2026-02-27 02:31:25
10997,M25 Trelew,264,Itf Men Doubles,Hard,2026-02-27 02:31:25
10987,M25 Trelew,270,Itf Men Singles,Hard,2026-02-27 02:31:25
3409,M25 Trento,264,Itf Men Doubles,Hard (Indoor),2026-02-27 02:31:25
3407,M25 Trento,270,Itf Men Singles,Hard (Indoor),2026-02-27 02:31:25
4520,M25 Trier,264,Itf Men Doubles,Clay,2026-02-27 02:31:25
4537,M25 Trier,270,Itf Men Singles,Clay,2026-02-27 02:31:25
3949,M25 Trimbach,264,Itf Men Doubles,Hard (Indoor),2026-02-27 02:31:25
3948,M25 Trimbach,270,Itf Men Singles,Hard (Indoor),2026-02-27 02:31:25
8403,M25 Trnava,264,Itf Men Doubles,Hard,2026-02-27 02:31:25
8382,M25 Trnava,270,Itf Men Singles,Hard,2026-02-27 02:31:25
10361,M25 Trnava 2,264,Itf Men Doubles,Hard,2026-02-27 02:31:25
10360,M25 Trnava 2,270,Itf Men Singles,Hard,2026-02-27 02:31:25
10005,M25 Trujillo,264,Itf Men Doubles,Clay,2026-02-27 02:31:25
10004,M25 Trujillo,270,Itf Men Singles,Clay,2026-02-27 02:31:25
9407,M25 Tsukuba,264,Itf Men Doubles,Hard,2026-02-27 02:31:25
9400,M25 Tsukuba,270,Itf Men Singles,Hard,2026-02-27 02:31:25
8638,M25 Tucuman,264,Itf Men Doubles,Clay,2026-02-27 02:31:25
8637,M25 Tucuman,270,Itf Men Singles,Clay,2026-02-27 02:31:25
4220,"M25 Tulsa, OK",264,Itf Men Doubles,Hard,2026-02-27 02:31:25
4219,"M25 Tulsa, OK",270,Itf Men Singles,Hard,2026-02-27 02:31:25
4486,M25 Ueberlingen,264,Itf Men Doubles,Clay,2026-02-27 02:31:25
4485,M25 Ueberlingen,270,Itf Men Singles,Clay,2026-02-27 02:31:25
5518,M25 Ulcinj,264,Itf Men Doubles,Clay,2026-02-27 02:31:25
5538,M25 Ulcinj,270,Itf Men Singles,Clay,2026-02-27 02:31:25
5614,M25 Ulcinj 2,264,Itf Men Doubles,Clay,2026-02-27 02:31:25
5612,M25 Ulcinj 2,270,Itf Men Singles,Clay,2026-02-27 02:31:25
4332,M25 Uriage,264,Itf Men Doubles,Clay,2026-02-27 02:31:25
4323,M25 Uriage,270,Itf Men Singles,Clay,2026-02-27 02:31:25
8381,M25 Vacaria,264,Itf Men Doubles,Clay,2026-02-27 02:31:25
8380,M25 Vacaria,270,Itf Men Singles,Clay,2026-02-27 02:31:25
9265,M25 Vale do Lobo,264,Itf Men Doubles,Hard,2026-02-27 02:31:25
4885,M25 Vale do Lobo,270,Itf Men Singles,Hard,2026-02-27 02:31:25
3779,M25 Vale do Lobo 2,264,Itf Men Doubles,Hard,2026-02-27 02:31:25
3775,M25 Vale do Lobo 2,270,Itf Men Singles,Hard,2026-02-27 02:31:25
10408,M25 Vale do Lobo 3,264,Itf Men Doubles,Hard,2026-02-27 02:31:25
10406,M25 Vale do Lobo 3,270,Itf Men Singles,Hard,2026-02-27 02:31:25
13431,M25 Valencia,264,Itf Men Doubles,Clay,2026-02-27 02:31:25
13430,M25 Valencia,270,Itf Men Singles,Clay,2026-02-27 02:31:25
9551,M25 Valldoreix,264,Itf Men Doubles,Clay,2026-02-27 02:31:25
9550,M25 Valldoreix,270,Itf Men Singles,Clay,2026-02-27 02:31:25
9549,M25 Varnamo,264,Itf Men Doubles,Clay,2026-02-27 02:31:25
9548,M25 Varnamo,270,Itf Men Singles,Clay,2026-02-27 02:31:25
8489,M25 Veigy-Foncenex,264,Itf Men Doubles,Hard,2026-02-27 02:31:25
8488,M25 Veigy-Foncenex,270,Itf Men Singles,Hard,2026-02-27 02:31:25
4304,M25 Velenje,264,Itf Men Doubles,Clay,2026-02-27 02:31:25
4303,M25 Velenje,270,Itf Men Singles,Clay,2026-02-27 02:31:25
4077,M25 Vic,264,Itf Men Doubles,Clay,2026-02-27 02:31:25
2153,M25 Vic,270,Itf Men Singles,Clay,2026-02-27 02:31:25
5593,M25 Vic,270,Itf Men Singles,Clay,2026-02-27 02:31:25
8562,M25 Vila Real de Santo Antonio,264,Itf Men Doubles,Hard,2026-02-27 02:31:25
8560,M25 Vila Real de Santo Antonio,270,Itf Men Singles,Hard,2026-02-27 02:31:25
8582,M25 Vila Real de Santo António 2,264,Itf Men Doubles,Hard,2026-02-27 02:31:25
8581,M25 Vila Real de Santo António 2,270,Itf Men Singles,Hard,2026-02-27 02:31:25
5074,M25 Villa Allende,264,Itf Men Doubles,Clay,2026-02-27 02:31:25
5073,M25 Villa Allende,270,Itf Men Singles,Clay,2026-02-27 02:31:25
12716,M25 Villavicencio,264,Itf Men Doubles,Clay,2026-02-27 02:31:25
12705,M25 Villavicencio,270,Itf Men Singles,Clay,2026-02-27 02:31:25
3907,M25 Villena,264,Itf Men Doubles,Hard,2026-02-27 02:31:25
3905,M25 Villena,270,Itf Men Singles,Hard,2026-02-27 02:31:25
12624,M25 Villeneuve-Loubet,264,Itf Men Doubles,Clay,2026-02-27 02:31:25
12623,M25 Villeneuve-Loubet,270,Itf Men Singles,Clay,2026-02-27 02:31:25
11157,M25 Villeneuve-Loubet+H,264,Itf Men Doubles,Clay,2026-02-27 02:31:25
11156,M25 Villeneuve-Loubet+H,270,Itf Men Singles,Clay,2026-02-27 02:31:25
4935,M25 Villers Les Nancy,264,Itf Men Doubles,Hard,2026-02-27 02:31:25
4927,M25 Villers Les Nancy,270,Itf Men Singles,Hard,2026-02-27 02:31:25
5191,M25 Vilnius,264,Itf Men Doubles,Hard (Indoor),2026-02-27 02:31:25
5195,M25 Vilnius,270,Itf Men Singles,Hard,2026-02-27 02:31:25
9134,M25 Vogau,264,Itf Men Doubles,Clay,2026-02-27 02:31:25
3553,M25 Vogau,270,Itf Men Singles,Clay,2026-02-27 02:31:25
8530,"M25 Wesley Chapel, FL",264,Itf Men Doubles,Hard,2026-02-27 02:31:25
8529,"M25 Wesley Chapel, FL",270,Itf Men Singles,Hard,2026-02-27 02:31:25
9094,M25 Weston,264,Itf Men Doubles,Clay,2026-02-27 02:31:25
3280,M25 Weston,270,Itf Men Singles,Clay,2026-02-27 02:31:25
5213,"M25 Weston, FL",264,Itf Men Doubles,Clay,2026-02-27 02:31:25
5221,"M25 Weston, FL",270,Itf Men Singles,Clay,2026-02-27 02:31:25
4432,M25 Wetzlar,264,Itf Men Doubles,Clay,2026-02-27 02:31:25
4431,M25 Wetzlar,270,Itf Men Singles,Clay,2026-02-27 02:31:25
4190,"M25 Wichita, KS",264,Itf Men Doubles,Hard,2026-02-27 02:31:25
4195,"M25 Wichita, KS",270,Itf Men Singles,Hard,2026-02-27 02:31:25
13588,"M25 Winston-Salem, NC",264,Itf Men Doubles,Hard,2026-02-27 02:31:25
13589,"M25 Winston-Salem, NC",270,Itf Men Singles,Hard,2026-02-27 02:31:25
13604,"M25 Winston-Salem, NC 2",264,Itf Men Doubles,Hard,2026-02-27 02:31:25
13603,"M25 Winston-Salem, NC 2",270,Itf Men Singles,Hard,2026-02-27 02:31:25
4275,M25 Wroclaw,264,Itf Men Doubles,Clay,2026-02-27 02:31:25
4266,M25 Wroclaw,270,Itf Men Singles,Clay,2026-02-27 02:31:25
9596,M25 Xalapa,264,Itf Men Doubles,Hard,2026-02-27 02:31:25
9595,M25 Xalapa,270,Itf Men Singles,Hard,2026-02-27 02:31:25
12277,M25 Yerba Buena,264,Itf Men Doubles,Clay,2026-02-27 02:31:25
12276,M25 Yerba Buena,270,Itf Men Singles,Clay,2026-02-27 02:31:25
9989,M25 Yinchuan,264,Itf Men Doubles,Hard,2026-02-27 02:31:25
9988,M25 Yinchuan,270,Itf Men Singles,Hard,2026-02-27 02:31:25
7635,M25 Ystad,264,Itf Men Doubles,Clay,2026-02-27 02:31:25
7634,M25 Ystad,270,Itf Men Singles,Clay,2026-02-27 02:31:25
10289,M25 Zapopan,264,Itf Men Doubles,Clay,2026-02-27 02:31:25
10288,M25 Zapopan,270,Itf Men Singles,Clay,2026-02-27 02:31:25
7998,M25 Zaragoza,264,Itf Men Doubles,Clay,2026-02-27 02:31:25
7997,M25 Zaragoza,270,Itf Men Singles,Clay,2026-02-27 02:31:25
10191,M25 Zlatibor,264,Itf Men Doubles,Clay,2026-02-27 02:31:25
10206,M25 Zlatibor,270,Itf Men Singles,Clay,2026-02-27 02:31:25
4298,M25+H Ajaccio,264,Itf Men Doubles,Hard,2026-02-27 02:31:25
4297,M25+H Ajaccio,270,Itf Men Singles,Hard,2026-02-27 02:31:25
4481,M25+H Bacau,264,Itf Men Doubles,Clay,2026-02-27 02:31:25
4479,M25+H Bacau,270,Itf Men Singles,Clay,2026-02-27 02:31:25
7803,M25+H Bagneres-de-Bigorre,264,Itf Men Doubles,Hard,2026-02-27 02:31:25
7798,M25+H Bagneres-de-Bigorre,270,Itf Men Singles,Hard,2026-02-27 02:31:25
12713,M25+H Bastia-Lucciana,264,Itf Men Doubles,Clay,2026-02-27 02:31:25
12712,M25+H Bastia-Lucciana,270,Itf Men Singles,Clay,2026-02-27 02:31:25
7431,M25+H Kassel,264,Itf Men Doubles,Clay,2026-02-27 02:31:25
7429,M25+H Kassel,270,Itf Men Singles,Clay,2026-02-27 02:31:25
8346,M25+H Lajeado,264,Itf Men Doubles,Clay,2026-02-27 02:31:25
8341,M25+H Lajeado,270,Itf Men Singles,Clay,2026-02-27 02:31:25
4529,M25+H Lesa,264,Itf Men Doubles,Clay,2026-02-27 02:31:25
4521,M25+H Lesa,270,Itf Men Singles,Clay,2026-02-27 02:31:25
10343,M25+H Mulhouse,264,Itf Men Doubles,Hard,2026-02-27 02:31:25
10339,M25+H Mulhouse,270,Itf Men Singles,Hard,2026-02-27 02:31:25
3594,M25+H Plaisir,264,Itf Men Doubles,Hard,2026-02-27 02:31:25
3590,M25+H Plaisir,270,Itf Men Singles,Hard,2026-02-27 02:31:25
3643,M25+H Rodez,264,Itf Men Doubles,Hard,2026-02-27 02:31:25
3642,M25+H Rodez,270,Itf Men Singles,Hard,2026-02-27 02:31:25
12833,M25+H Tauste,264,Itf Men Doubles,Hard,2026-02-27 02:31:25
12832,M25+H Tauste,270,Itf Men Singles,Hard,2026-02-27 02:31:25
1479,Maaseik,271,Itf Women Singles,Clay,2026-02-27 02:31:25
3679,Maceio,265,Atp Singles,Hard,2026-02-27 02:31:25
9169,Maceio,267,Atp Doubles,Hard,2026-02-27 02:31:25
3496,Macha Lake Open,276,Exhibition Women,Clay,2026-02-27 02:31:25
3494,Macha Lake Open,283,Exhibition Men,Clay,2026-02-27 02:31:25
1883,Macon,271,Itf Women Singles,Hard (Indoor),2026-02-27 02:31:25
13159,Madrid,264,Itf Men Doubles,Hard,2026-02-27 02:31:25
2004,Madrid,265,Atp Singles,Clay,2026-02-27 02:31:25
2003,Madrid,266,Wta Singles,Clay,2026-02-27 02:31:25
1269,Madrid,267,Atp Doubles,Clay,2026-02-27 02:31:25
1268,Madrid,268,Wta Doubles,Clay,2026-02-27 02:31:25
3040,Madrid,270,Itf Men Singles,Clay,2026-02-27 02:31:25
1915,Madrid,271,Itf Women Singles,Clay,2026-02-27 02:31:25
2573,Madrid,281,Challenger Men Singles,Clay,2026-02-27 02:31:25
2890,Madrid,282,Challenger Men Doubles,Clay,2026-02-27 02:31:25
8959,Madrid 2,264,Itf Men Doubles,Hard,2026-02-27 02:31:25
3680,Madrid 2,265,Atp Singles,Clay,2026-02-27 02:31:25
3745,Madrid 2,266,Wta Singles,Clay,2026-02-27 02:31:25
9170,Madrid 2,267,Atp Doubles,Clay,2026-02-27 02:31:25
9228,Madrid 2,268,Wta Doubles,Clay,2026-02-27 02:31:25
2160,Madrid 2,270,Itf Men Singles,Clay,2026-02-27 02:31:25
2111,Madrid 3,270,Itf Men Singles,Clay (Indoor),2026-02-27 02:31:25
2178,Madrid 4,270,Itf Men Singles,Hard,2026-02-27 02:31:25
2664,Madrid 4,271,Itf Women Singles,Hard,2026-02-27 02:31:25
2187,Madrid 5,270,Itf Men Singles,Hard,2026-02-27 02:31:25
2189,Madrid 6,270,Itf Men Singles,Hard,2026-02-27 02:31:25
1894,Madurai,270,Itf Men Singles,Clay,2026-02-27 02:31:25
3201,Maia,281,Challenger Men Singles,Clay (Indoor),2026-02-27 02:31:25
3202,Maia,282,Challenger Men Doubles,Clay (Indoor),2026-02-27 02:31:25
5113,Maia 2,282,Challenger Men Doubles,Clay (Indoor),2026-02-27 02:31:25
5114,Maia 2,281,Challenger Men Singles,Clay (Indoor),2026-02-27 02:31:25
2202,Majadahonda,270,Itf Men Singles,Clay,2026-02-27 02:31:25
3808,Makarska,266,Wta Singles,Clay,2026-02-27 02:31:25
13074,Makarska,268,Wta Doubles,Clay,2026-02-27 02:31:25
7149,Makarska,272,Challenger Women Singles,Clay,2026-02-27 02:31:25
7188,Makarska,275,Challenger Women Doubles,Clay,2026-02-27 02:31:25
7333,Malaga,281,Challenger Men Singles,Hard,2026-02-27 02:31:25
7335,Malaga,282,Challenger Men Doubles,Hard,2026-02-27 02:31:25
3068,Mallorca,282,Challenger Men Doubles,Hard,2026-02-27 02:31:25
9014,Mallorca,287,Itf Women Doubles,Clay,2026-02-27 02:31:25
8960,Mallorca,264,Itf Men Doubles,Clay,2026-02-27 02:31:25
3681,Mallorca,265,Atp Singles,Clay,2026-02-27 02:31:25
2290,Mallorca,266,Wta Singles,Grass,2026-02-27 02:31:25
3767,Mallorca,267,Atp Doubles,Clay,2026-02-27 02:31:25
8705,Mallorca,268,Wta Doubles,Grass,2026-02-27 02:31:25
1848,Mallorca,270,Itf Men Singles,Clay,2026-02-27 02:31:25
1878,Mallorca,271,Itf Women Singles,Clay,2026-02-27 02:31:25
13312,Mallorca,272,Challenger Women Singles,Clay,2026-02-27 02:31:25
13325,Mallorca,275,Challenger Women Doubles,Clay,2026-02-27 02:31:25
3067,Mallorca,281,Challenger Men Singles,Hard,2026-02-27 02:31:25
13102,Mallorca 2,264,Itf Men Doubles,Clay,2026-02-27 02:31:25
1861,Mallorca 2,270,Itf Men Singles,Clay,2026-02-27 02:31:25
1892,Mallorca 2,271,Itf Women Singles,Clay,2026-02-27 02:31:25
9015,Mallorca 2,287,Itf Women Doubles,Clay,2026-02-27 02:31:25
9016,Mamaia,287,Itf Women Doubles,Clay,2026-02-27 02:31:25
2672,Mamaia,271,Itf Women Singles,Clay,2026-02-27 02:31:25
8880,Manama,264,Itf Men Doubles,Hard,2026-02-27 02:31:25
1939,Manama,270,Itf Men Singles,Hard,2026-02-27 02:31:25
2989,Manama,271,Itf Women Singles,Hard,2026-02-27 02:31:25
4996,Manama,281,Challenger Men Singles,Hard,2026-02-27 02:31:25
4994,Manama,282,Challenger Men Doubles,Hard,2026-02-27 02:31:25
9017,Manama,287,Itf Women Doubles,Hard,2026-02-27 02:31:25
13510,Manama 2,281,Challenger Men Singles,Hard,2026-02-27 02:31:25
13507,Manama 2,282,Challenger Men Doubles,Hard,2026-02-27 02:31:25
8914,Manchester,282,Challenger Men Doubles,Grass,2026-02-27 02:31:25
3682,Manchester,265,Atp Singles,Grass,2026-02-27 02:31:25
9171,Manchester,267,Atp Doubles,Grass,2026-02-27 02:31:25
1418,Manchester,270,Itf Men Singles,Grass,2026-02-27 02:31:25
2761,Manchester,271,Itf Women Singles,Grass,2026-02-27 02:31:25
2469,Manchester,281,Challenger Men Singles,Grass,2026-02-27 02:31:25
1313,Mandya,270,Itf Men Singles,Hard,2026-02-27 02:31:25
2390,Manerbio,281,Challenger Men Singles,Clay,2026-02-27 02:31:25
8736,Manerbio,282,Challenger Men Doubles,Clay,2026-02-27 02:31:25
13036,Manila,282,Challenger Men Doubles,Hard,2026-02-27 02:31:25
13630,Manila,272,Challenger Women Singles,Hard,2026-02-27 02:31:25
13633,Manila,275,Challenger Women Doubles,Hard,2026-02-27 02:31:25
2489,Manila,281,Challenger Men Singles,Hard,2026-02-27 02:31:25
13160,Mansfield,264,Itf Men Doubles,Hard,2026-02-27 02:31:25
2188,Mansfield,270,Itf Men Singles,Hard,2026-02-27 02:31:25
2574,Manta,281,Challenger Men Singles,Hard,2026-02-27 02:31:25
8829,Manta,282,Challenger Men Doubles,Hard,2026-02-27 02:31:25
2062,Mantova,270,Itf Men Singles,Clay,2026-02-27 02:31:25
1586,Manzanillo,270,Itf Men Singles,Hard,2026-02-27 02:31:25
12083,Manzanillo,281,Challenger Men Singles,Hard,2026-02-27 02:31:25
12082,Manzanillo,282,Challenger Men Doubles,Hard,2026-02-27 02:31:25
1612,Manzanillo 2,270,Itf Men Singles,Hard,2026-02-27 02:31:25
1633,Manzanillo 3,270,Itf Men Singles,Hard,2026-02-27 02:31:25
1515,Mar del Plata,270,Itf Men Singles,Clay,2026-02-27 02:31:25
2013,Maracaibo,270,Itf Men Singles,Hard,2026-02-27 02:31:25
2007,Maracay,270,Itf Men Singles,Hard,2026-02-27 02:31:25
3990,Marbella,265,Atp Singles,Clay,2026-02-27 02:31:25
2826,Marbella,266,Wta Singles,Clay,2026-02-27 02:31:25
3986,Marbella,267,Atp Doubles,Clay,2026-02-27 02:31:25
8904,Marbella,268,Wta Doubles,Clay,2026-02-27 02:31:25
5389,Marbella,272,Challenger Women Singles,Clay,2026-02-27 02:31:25
5390,Marbella,275,Challenger Women Doubles,Clay,2026-02-27 02:31:25
2575,Marbella,281,Challenger Men Singles,Clay,2026-02-27 02:31:25
2891,Marbella,282,Challenger Men Doubles,Clay,2026-02-27 02:31:25
8796,Marburg,282,Challenger Men Doubles,Clay,2026-02-27 02:31:25
3143,Marburg,270,Itf Men Singles,Clay,2026-02-27 02:31:25
2483,Marburg,281,Challenger Men Singles,Clay,2026-02-27 02:31:25
1674,Margaret River,270,Itf Men Singles,Hard,2026-02-27 02:31:25
1676,Margaret River,271,Itf Women Singles,Hard,2026-02-27 02:31:25
1335,Maribor,270,Itf Men Singles,Clay,2026-02-27 02:31:25
1320,Maribor,271,Itf Women Singles,Clay,2026-02-27 02:31:25
1630,Markham,270,Itf Men Singles,Hard (Indoor),2026-02-27 02:31:25
2270,Marrakech,265,Atp Singles,Clay,2026-02-27 02:31:25
1980,Marrakech,266,Wta Singles,Clay,2026-02-27 02:31:25
2271,Marrakech,267,Atp Doubles,Clay,2026-02-27 02:31:25
8684,Marrakech,268,Wta Doubles,Clay,2026-02-27 02:31:25
2576,Marrakech,281,Challenger Men Singles,Clay,2026-02-27 02:31:25
1867,Marseille,265,Atp Singles,Hard (Indoor),2026-02-27 02:31:25
1868,Marseille,267,Atp Doubles,Hard (Indoor),2026-02-27 02:31:25
1345,Marseille,271,Itf Women Singles,Clay,2026-02-27 02:31:25
1354,Martos,270,Itf Men Singles,Hard,2026-02-27 02:31:25
8362,Maspalomas,281,Challenger Men Singles,Clay,2026-02-27 02:31:25
8361,Maspalomas,282,Challenger Men Doubles,Clay,2026-02-27 02:31:25
2727,Match for Africa,283,Exhibition Men,Hard (Indoor),2026-02-27 02:31:25
8221,Matsuyama,282,Challenger Men Doubles,Hard,2026-02-27 02:31:25
8222,Matsuyama,281,Challenger Men Singles,Hard,2026-02-27 02:31:25
2260,Maui,271,Itf Women Singles,Hard,2026-02-27 02:31:25
2544,Maui - Hawaii,281,Challenger Men Singles,Hard,2026-02-27 02:31:25
8851,Maui - Hawaii,282,Challenger Men Doubles,Hard,2026-02-27 02:31:25
5511,Mauthausen,282,Challenger Men Doubles,Clay,2026-02-27 02:31:25
5513,Mauthausen,281,Challenger Men Singles,Clay,2026-02-27 02:31:25
1775,Mazatlan,270,Itf Men Singles,Hard,2026-02-27 02:31:25
1553,Medellin,270,Itf Men Singles,Clay,2026-02-27 02:31:25
2135,Medellin,271,Itf Women Singles,Clay,2026-02-27 02:31:25
2349,Medellin,281,Challenger Men Singles,Clay,2026-02-27 02:31:25
8730,Medellin,282,Challenger Men Doubles,Clay,2026-02-27 02:31:25
2381,Meerbusch,282,Challenger Men Doubles,Clay,2026-02-27 02:31:25
2378,Meerbusch,281,Challenger Men Singles,Clay,2026-02-27 02:31:25
3164,Meitar,271,Itf Women Singles,Hard,2026-02-27 02:31:25
2350,Meknes,281,Challenger Men Singles,Clay,2026-02-27 02:31:25
8725,Meknes,282,Challenger Men Doubles,Clay,2026-02-27 02:31:25
13048,Melbourne,282,Challenger Men Doubles,Hard,2026-02-27 02:31:25
3809,Melbourne,266,Wta Singles,Hard,2026-02-27 02:31:25
13075,Melbourne,268,Wta Doubles,Hard,2026-02-27 02:31:25
2623,Melbourne,281,Challenger Men Singles,Hard,2026-02-27 02:31:25
3889,Melbourne (Gippsland Trophy),266,Wta Singles,Hard,2026-02-27 02:31:25
3891,Melbourne (Gippsland Trophy),268,Wta Doubles,Hard,2026-02-27 02:31:25
3901,Melbourne (Grampians Trophy),266,Wta Singles,Hard,2026-02-27 02:31:25
3893,Melbourne (Great Ocean Road Open),265,Atp Singles,Hard,2026-02-27 02:31:25
3895,Melbourne (Great Ocean Road Open),267,Atp Doubles,Hard,2026-02-27 02:31:25
3894,Melbourne (Murray River Open),265,Atp Singles,Hard,2026-02-27 02:31:25
3896,Melbourne (Murray River Open),267,Atp Doubles,Hard,2026-02-27 02:31:25
3913,Melbourne (Phillip Island Trophy),266,Wta Singles,Hard,2026-02-27 02:31:25
3914,Melbourne (Phillip Island Trophy),268,Wta Doubles,Hard,2026-02-27 02:31:25
5157,Melbourne (Summer Set 1),266,Wta Singles,Hard,2026-02-27 02:31:25
5161,Melbourne (Summer Set 1),268,Wta Doubles,Hard,2026-02-27 02:31:25
5158,Melbourne (Summer Set 2),266,Wta Singles,Hard,2026-02-27 02:31:25
5162,Melbourne (Summer Set 2),268,Wta Doubles,Hard,2026-02-27 02:31:25
5156,Melbourne (Summer Set),265,Atp Singles,Hard,2026-02-27 02:31:25
5155,Melbourne (Summer Set),267,Atp Doubles,Hard,2026-02-27 02:31:25
3892,Melbourne (Yarra Valley Classic),266,Wta Singles,Hard,2026-02-27 02:31:25
3890,Melbourne (Yarra Valley Classic),268,Wta Doubles,Hard,2026-02-27 02:31:25
2368,Melilla,270,Itf Men Singles,Clay,2026-02-27 02:31:25
1386,Melilla,271,Itf Women Singles,Hard,2026-02-27 02:31:25
1866,Memphis,265,Atp Singles,Hard (Indoor),2026-02-27 02:31:25
1865,Memphis,266,Wta Singles,Hard (Indoor),2026-02-27 02:31:25
8682,Memphis,267,Atp Doubles,Hard (Indoor),2026-02-27 02:31:25
8681,Memphis,268,Wta Doubles,Hard (Indoor),2026-02-27 02:31:25
2273,Memphis,270,Itf Men Singles,Hard,2026-02-27 02:31:25
8961,Mendoza,264,Itf Men Doubles,Clay,2026-02-27 02:31:25
2928,Mendoza,270,Itf Men Singles,Clay,2026-02-27 02:31:25
2653,Mendoza,281,Challenger Men Singles,Clay,2026-02-27 02:31:25
8810,Mendoza,282,Challenger Men Doubles,Clay,2026-02-27 02:31:25
13161,Mengzi,264,Itf Men Doubles,Hard,2026-02-27 02:31:25
2929,Mengzi,270,Itf Men Singles,Hard,2026-02-27 02:31:25
12378,Menorca,281,Challenger Men Singles,Clay,2026-02-27 02:31:25
12377,Menorca,282,Challenger Men Doubles,Clay,2026-02-27 02:31:25
1346,Meppel,271,Itf Women Singles,Clay,2026-02-27 02:31:25
3793,Merano,265,Atp Singles,Clay,2026-02-27 02:31:25
13059,Merano,267,Atp Doubles,Clay,2026-02-27 02:31:25
1756,Merida,270,Itf Men Singles,Hard,2026-02-27 02:31:25
10770,Merida,281,Challenger Men Singles,Clay,2026-02-27 02:31:25
10772,Merida,282,Challenger Men Doubles,Clay,2026-02-27 02:31:25
1767,Merida 2,270,Itf Men Singles,Hard,2026-02-27 02:31:25
1281,Mersin,270,Itf Men Singles,Clay,2026-02-27 02:31:25
2577,Mersin,281,Challenger Men Singles,Clay,2026-02-27 02:31:25
8915,Mersin,282,Challenger Men Doubles,Clay,2026-02-27 02:31:25
1309,Mersin 2,270,Itf Men Singles,Clay,2026-02-27 02:31:25
1314,Mersin 3,270,Itf Men Singles,Clay,2026-02-27 02:31:25
8881,Mesheref,264,Itf Men Doubles,Hard,2026-02-27 02:31:25
2930,Mesheref,270,Itf Men Singles,Hard,2026-02-27 02:31:25
2931,Mesheref 2,270,Itf Men Singles,Hard,2026-02-27 02:31:25
1653,Meshref 3,270,Itf Men Singles,Hard,2026-02-27 02:31:25
1592,Mestre,271,Itf Women Singles,Clay,2026-02-27 02:31:25
2637,Mestre,281,Challenger Men Singles,Clay,2026-02-27 02:31:25
8809,Mestre,282,Challenger Men Doubles,Clay,2026-02-27 02:31:25
13670,Metepec,281,Challenger Men Singles,Hard,2026-02-27 02:31:25
13668,Metepec,282,Challenger Men Doubles,Hard,2026-02-27 02:31:25
8713,Metepec,287,Itf Women Doubles,Hard,2026-02-27 02:31:25
1924,Metepec,271,Itf Women Singles,Hard,2026-02-27 02:31:25
1616,Metz,265,Atp Singles,Hard (Indoor),2026-02-27 02:31:25
2235,Metz,267,Atp Doubles,Hard (Indoor),2026-02-27 02:31:25
13162,Mexico City,264,Itf Men Doubles,Hard,2026-02-27 02:31:25
1851,Mexico City,270,Itf Men Singles,Hard,2026-02-27 02:31:25
3038,Mexico City,281,Challenger Men Singles,Clay,2026-02-27 02:31:25
3039,Mexico City,282,Challenger Men Doubles,Clay,2026-02-27 02:31:25
13163,Mexico City 2,264,Itf Men Doubles,Hard,2026-02-27 02:31:25
2932,Mexico City 2,270,Itf Men Singles,Hard,2026-02-27 02:31:25
1928,Miami,265,Atp Singles,Hard,2026-02-27 02:31:25
1255,Miami,266,Wta Singles,Hard,2026-02-27 02:31:25
1257,Miami,267,Atp Doubles,Hard,2026-02-27 02:31:25
1256,Miami,268,Wta Doubles,Hard,2026-02-27 02:31:25
1405,Middelburg,270,Itf Men Singles,Clay,2026-02-27 02:31:25
1406,Middelburg,271,Itf Women Singles,Clay,2026-02-27 02:31:25
4870,Midland,272,Challenger Women Singles,Hard (Indoor),2026-02-27 02:31:25
4871,Midland,275,Challenger Women Doubles,Hard (Indoor),2026-02-27 02:31:25
1371,Mie,271,Itf Women Singles,Grass,2026-02-27 02:31:25
3683,Milan,265,Atp Singles,Hard (Indoor),2026-02-27 02:31:25
3810,Milan,266,Wta Singles,Hard (Indoor),2026-02-27 02:31:25
9172,Milan,267,Atp Doubles,Hard (Indoor),2026-02-27 02:31:25
13076,Milan,268,Wta Doubles,Grass (Indoor),2026-02-27 02:31:25
2505,Milan,281,Challenger Men Singles,Clay,2026-02-27 02:31:25
2658,Milan,282,Challenger Men Doubles,Clay,2026-02-27 02:31:25
1875,Mildura,270,Itf Men Singles,Grass,2026-02-27 02:31:25
1876,Mildura,271,Itf Women Singles,Grass,2026-02-27 02:31:25
1750,Minsk,271,Itf Women Singles,Hard (Indoor),2026-02-27 02:31:25
1547,Mississauga,270,Itf Men Singles,Hard,2026-02-27 02:31:25
3526,Mistrzostwa Polski,276,Exhibition Women,Clay,2026-02-27 02:31:25
3527,Mistrzostwa Polski,283,Exhibition Men,Clay,2026-02-27 02:31:25
13194,Miyazaki,287,Itf Women Doubles,Grass,2026-02-27 02:31:25
2746,Miyazaki,271,Itf Women Singles,Grass,2026-02-27 02:31:25
3811,Modena,266,Wta Singles,Clay,2026-02-27 02:31:25
13077,Modena,268,Wta Doubles,Clay,2026-02-27 02:31:25
1447,Modena,270,Itf Men Singles,Clay,2026-02-27 02:31:25
9784,Modena,281,Challenger Men Singles,Clay,2026-02-27 02:31:25
9785,Modena,282,Challenger Men Doubles,Clay,2026-02-27 02:31:25
8718,Mohammedia,282,Challenger Men Doubles,Clay,2026-02-27 02:31:25
2045,Mohammedia,270,Itf Men Singles,Clay,2026-02-27 02:31:25
2351,Mohammedia,281,Challenger Men Singles,Clay,2026-02-27 02:31:25
7961,Monastir,266,Wta Singles,Hard,2026-02-27 02:31:25
7965,Monastir,268,Wta Doubles,Hard,2026-02-27 02:31:25
2990,Monastir,271,Itf Women Singles,Hard,2026-02-27 02:31:25
13396,Monastir,281,Challenger Men Singles,Hard,2026-02-27 02:31:25
13395,Monastir,282,Challenger Men Doubles,Hard,2026-02-27 02:31:25
2020,Monfortinho,270,Itf Men Singles,Hard,2026-02-27 02:31:25
2352,Mons,281,Challenger Men Singles,Hard (Indoor),2026-02-27 02:31:25
8719,Mons,282,Challenger Men Doubles,Hard (Indoor),2026-02-27 02:31:25
1970,Monte Carlo,265,Atp Singles,Clay,2026-02-27 02:31:25
1262,Monte Carlo,267,Atp Doubles,Clay,2026-02-27 02:31:25
2660,Montego Bay,271,Itf Women Singles,Hard,2026-02-27 02:31:25
9018,Montego Bay,287,Itf Women Doubles,Hard,2026-02-27 02:31:25
8791,Montego Bay 2,287,Itf Women Doubles,Hard,2026-02-27 02:31:25
2659,Montego Bay 2,271,Itf Women Singles,Hard,2026-02-27 02:31:25
12047,Montemar,281,Challenger Men Singles,Clay,2026-02-27 02:31:25
12049,Montemar,282,Challenger Men Doubles,Clay,2026-02-27 02:31:25
1513,Monteroni D'Arbia,271,Itf Women Singles,Clay,2026-02-27 02:31:25
8962,Monterrey,264,Itf Men Doubles,Hard,2026-02-27 02:31:25
1245,Monterrey,266,Wta Singles,Hard,2026-02-27 02:31:25
1248,Monterrey,268,Wta Doubles,Hard,2026-02-27 02:31:25
2933,Monterrey,270,Itf Men Singles,Hard,2026-02-27 02:31:25
2335,Monterrey,281,Challenger Men Singles,Hard,2026-02-27 02:31:25
2338,Monterrey,282,Challenger Men Doubles,Hard,2026-02-27 02:31:25
2183,Monterrey 2,271,Itf Women Singles,Hard,2026-02-27 02:31:25
3684,Montevideo,265,Atp Singles,Clay,2026-02-27 02:31:25
9173,Montevideo,267,Atp Doubles,Clay,2026-02-27 02:31:25
4953,Montevideo,272,Challenger Women Singles,Clay,2026-02-27 02:31:25
4952,Montevideo,275,Challenger Women Doubles,Clay,2026-02-27 02:31:25
2532,Montevideo,281,Challenger Men Singles,Clay,2026-02-27 02:31:25
2533,Montevideo,282,Challenger Men Doubles,Clay,2026-02-27 02:31:25
1844,Montpellier,265,Atp Singles,Hard (Indoor),2026-02-27 02:31:25
3812,Montpellier,266,Wta Singles,Hard,2026-02-27 02:31:25
13078,Montpellier,268,Wta Doubles,Hard,2026-02-27 02:31:25
2057,Montpellier,271,Itf Women Singles,Clay,2026-02-27 02:31:25
2078,Montreal,265,Atp Singles,Hard,2026-02-27 02:31:25
1533,Montreal,266,Wta Singles,Hard,2026-02-27 02:31:25
7607,Montreal,267,Atp Doubles,Hard,2026-02-27 02:31:25
1517,Montreal,268,Wta Doubles,Hard,2026-02-27 02:31:25
3071,Montreux,271,Itf Women Singles,Clay,2026-02-27 02:31:25
11608,Montreux,272,Challenger Women Singles,Clay,2026-02-27 02:31:25
11619,Montreux,275,Challenger Women Doubles,Clay,2026-02-27 02:31:25
12390,Monza,281,Challenger Men Singles,Clay,2026-02-27 02:31:25
12389,Monza,282,Challenger Men Doubles,Clay,2026-02-27 02:31:25
13098,Monza (Brianza),282,Challenger Men Doubles,Clay,2026-02-27 02:31:25
2578,Monza (Brianza),281,Challenger Men Singles,Clay,2026-02-27 02:31:25
2012,Monzon,271,Itf Women Singles,Hard,2026-02-27 02:31:25
1282,Morelia,270,Itf Men Singles,Hard,2026-02-27 02:31:25
12346,Morelia,281,Challenger Men Singles,Hard,2026-02-27 02:31:25
12348,Morelia,282,Challenger Men Doubles,Hard,2026-02-27 02:31:25
2656,Morelos,282,Challenger Men Doubles,Hard,2026-02-27 02:31:25
2638,Morelos,281,Challenger Men Singles,Hard,2026-02-27 02:31:25
13107,Moscow,264,Itf Men Doubles,Hard,2026-02-27 02:31:25
1682,Moscow,265,Atp Singles,Hard (Indoor),2026-02-27 02:31:25
1685,Moscow,266,Wta Singles,Hard (Indoor),2026-02-27 02:31:25
1683,Moscow,267,Atp Doubles,Hard (Indoor),2026-02-27 02:31:25
1690,Moscow,268,Wta Doubles,Hard (Indoor),2026-02-27 02:31:25
1870,Moscow,270,Itf Men Singles,Hard (Indoor),2026-02-27 02:31:25
1877,Moscow,271,Itf Women Singles,Hard (Indoor),2026-02-27 02:31:25
2452,Moscow,281,Challenger Men Singles,Clay,2026-02-27 02:31:25
8762,Moscow,282,Challenger Men Doubles,Clay,2026-02-27 02:31:25
9019,Moscow,287,Itf Women Doubles,Clay (Indoor),2026-02-27 02:31:25
9020,Moscow 2,287,Itf Women Doubles,Hard,2026-02-27 02:31:25
13106,Moscow 2,264,Itf Men Doubles,Hard,2026-02-27 02:31:25
3091,Moscow 2,266,Wta Singles,Clay,2026-02-27 02:31:25
9059,Moscow 2,268,Wta Doubles,Clay,2026-02-27 02:31:25
2934,Moscow 2,270,Itf Men Singles,Hard,2026-02-27 02:31:25
2991,Moscow 2,271,Itf Women Singles,Hard,2026-02-27 02:31:25
8963,Moscow 3,264,Itf Men Doubles,Hard (Indoor),2026-02-27 02:31:25
2488,Moscow 3,270,Itf Men Singles,Hard (Indoor),2026-02-27 02:31:25
2992,Moscow 3,271,Itf Women Singles,Hard (Indoor),2026-02-27 02:31:25
9021,Moscow 3,287,Itf Women Doubles,Hard (Indoor),2026-02-27 02:31:25
13164,Moscow 4,264,Itf Men Doubles,Clay,2026-02-27 02:31:25
2935,Moscow 4,270,Itf Men Singles,Clay,2026-02-27 02:31:25
8964,Moscow 5,264,Itf Men Doubles,Hard,2026-02-27 02:31:25
2426,Moscow 5,270,Itf Men Singles,Hard,2026-02-27 02:31:25
1503,Moscow 5,271,Itf Women Singles,Clay,2026-02-27 02:31:25
8747,Moscow 6,264,Itf Men Doubles,Hard,2026-02-27 02:31:25
2487,Moscow 6,270,Itf Men Singles,Hard,2026-02-27 02:31:25
1487,Moscow 7,270,Itf Men Singles,Clay,2026-02-27 02:31:25
1511,Moscow 8,270,Itf Men Singles,Clay,2026-02-27 02:31:25
1288,Most,270,Itf Men Singles,Clay,2026-02-27 02:31:25
2143,Mostoles,270,Itf Men Singles,Hard,2026-02-27 02:31:25
2420,Mouilleron-Le-Captif,281,Challenger Men Singles,Hard (Indoor),2026-02-27 02:31:25
2528,Mouilleron-Le-Captif,282,Challenger Men Doubles,Hard (Indoor),2026-02-27 02:31:25
3685,Mumbai,265,Atp Singles,Hard,2026-02-27 02:31:25
9174,Mumbai,267,Atp Doubles,Hard,2026-02-27 02:31:25
1715,Mumbai,270,Itf Men Singles,Hard,2026-02-27 02:31:25
2797,Mumbai,272,Challenger Women Singles,Hard,2026-02-27 02:31:25
8890,Mumbai,275,Challenger Women Doubles,Hard,2026-02-27 02:31:25
1264,Munich,265,Atp Singles,Clay,2026-02-27 02:31:25
1266,Munich,267,Atp Doubles,Clay,2026-02-27 02:31:25
3118,Murcia,281,Challenger Men Singles,Clay,2026-02-27 02:31:25
3119,Murcia,282,Challenger Men Doubles,Clay,2026-02-27 02:31:25
1882,Muzaffarnagar,271,Itf Women Singles,Grass,2026-02-27 02:31:25
1326,Mysore,270,Itf Men Singles,Hard,2026-02-27 02:31:25
1670,Mytilini,271,Itf Women Singles,Hard,2026-02-27 02:31:25
3813,Nagoya,266,Wta Singles,Hard (Indoor),2026-02-27 02:31:25
13079,Nagoya,268,Wta Doubles,Hard (Indoor),2026-02-27 02:31:25
2303,Nanchang,266,Wta Singles,Hard,2026-02-27 02:31:25
8707,Nanchang,268,Wta Doubles,Hard,2026-02-27 02:31:25
2171,Nanchang,272,Challenger Women Singles,Hard,2026-02-27 02:31:25
8693,Nanchang,275,Challenger Women Doubles,Hard,2026-02-27 02:31:25
3128,Nanchang,281,Challenger Men Singles,Hard (Indoor),2026-02-27 02:31:25
9048,Nanchang,282,Challenger Men Doubles,Clay (Indoor),2026-02-27 02:31:25
8764,Nanjing,282,Challenger Men Doubles,Clay,2026-02-27 02:31:25
2246,Nanjing,271,Itf Women Singles,Hard,2026-02-27 02:31:25
2106,Nanjing,272,Challenger Women Singles,Hard,2026-02-27 02:31:25
13027,Nanjing,275,Challenger Women Doubles,Hard,2026-02-27 02:31:25
2457,Nanjing,281,Challenger Men Singles,Clay,2026-02-27 02:31:25
1735,Nantes,271,Itf Women Singles,Hard (Indoor),2026-02-27 02:31:25
2624,Napa,281,Challenger Men Singles,Hard,2026-02-27 02:31:25
8815,Napa,282,Challenger Men Doubles,Hard,2026-02-27 02:31:25
10810,Naples,282,Challenger Men Doubles,Clay,2026-02-27 02:31:25
10809,Naples,281,Challenger Men Singles,Clay,2026-02-27 02:31:25
3194,Naples 2,270,Itf Men Singles,Clay,2026-02-27 02:31:25
8067,Napoli,265,Atp Singles,Hard,2026-02-27 02:31:25
8076,Napoli,267,Atp Doubles,Hard,2026-02-27 02:31:25
2161,Napoli,270,Itf Men Singles,Clay,2026-02-27 02:31:25
2579,Napoli,281,Challenger Men Singles,Clay,2026-02-27 02:31:25
2667,Napoli,282,Challenger Men Doubles,Clay,2026-02-27 02:31:25
9269,Napoli 2,282,Challenger Men Doubles,Clay,2026-02-27 02:31:25
2861,Napoli 2,281,Challenger Men Singles,Clay,2026-02-27 02:31:25
1734,Netanya,270,Itf Men Singles,Hard,2026-02-27 02:31:25
1739,Netanya,271,Itf Women Singles,Hard,2026-02-27 02:31:25
8965,Neuquen,264,Itf Men Doubles,Clay,2026-02-27 02:31:25
2936,Neuquen,270,Itf Men Singles,Clay,2026-02-27 02:31:25
8966,Neuquen 2,264,Itf Men Doubles,Clay,2026-02-27 02:31:25
2937,Neuquen 2,270,Itf Men Singles,Clay,2026-02-27 02:31:25
8967,Neuquen 3,264,Itf Men Doubles,Clay,2026-02-27 02:31:25
2938,Neuquen 3,270,Itf Men Singles,Clay,2026-02-27 02:31:25
8968,Neuquen 4,264,Itf Men Doubles,Clay,2026-02-27 02:31:25
2689,Neuquen 4,270,Itf Men Singles,Clay,2026-02-27 02:31:25
8807,Nevers,264,Itf Men Doubles,Hard,2026-02-27 02:31:25
1658,Nevers,270,Itf Men Singles,Hard (Indoor),2026-02-27 02:31:25
2112,New Braunfels,271,Itf Women Singles,Hard,2026-02-27 02:31:25
1299,New Delhi,271,Itf Women Singles,Hard,2026-02-27 02:31:25
2418,New Delhi,281,Challenger Men Singles,Hard,2026-02-27 02:31:25
8754,New Delhi,282,Challenger Men Doubles,Hard,2026-02-27 02:31:25
1361,New Delhi 2,271,Itf Women Singles,Hard,2026-02-27 02:31:25
1401,New Delhi 3,271,Itf Women Singles,Hard,2026-02-27 02:31:25
2823,New Haven,265,Atp Singles,Hard,2026-02-27 02:31:25
1213,New Haven,266,Wta Singles,Hard,2026-02-27 02:31:25
8902,New Haven,267,Atp Doubles,Hard,2026-02-27 02:31:25
8647,New Haven,268,Wta Doubles,Hard,2026-02-27 02:31:25
3161,New Haven,272,Challenger Women Singles,Hard,2026-02-27 02:31:25
9072,New Haven,275,Challenger Women Doubles,Hard,2026-02-27 02:31:25
3160,New Haven,281,Challenger Men Singles,Hard,2026-02-27 02:31:25
9071,New Haven,282,Challenger Men Doubles,Hard,2026-02-27 02:31:25
3686,New Haven 2,265,Atp Singles,Hard,2026-02-27 02:31:25
9175,New Haven 2,267,Atp Doubles,Hard,2026-02-27 02:31:25
2808,New York,265,Atp Singles,Hard (Indoor),2026-02-27 02:31:25
3158,New York,266,Wta Singles,Hard,2026-02-27 02:31:25
8894,New York,267,Atp Doubles,Hard (Indoor),2026-02-27 02:31:25
9069,New York,268,Wta Doubles,Hard,2026-02-27 02:31:25
2148,Newcastle,270,Itf Men Singles,Clay,2026-02-27 02:31:25
2069,Newport,265,Atp Singles,Grass,2026-02-27 02:31:25
3814,Newport,266,Wta Singles,Grass,2026-02-27 02:31:25
1422,Newport,267,Atp Doubles,Grass,2026-02-27 02:31:25
13080,Newport,268,Wta Doubles,Grass,2026-02-27 02:31:25
12699,Newport,272,Challenger Women Singles,Grass,2026-02-27 02:31:25
12704,Newport,275,Challenger Women Doubles,Grass,2026-02-27 02:31:25
12698,Newport,281,Challenger Men Singles,Grass,2026-02-27 02:31:25
12703,Newport,282,Challenger Men Doubles,Grass,2026-02-27 02:31:25
8891,Newport Beach,282,Challenger Men Doubles,Hard,2026-02-27 02:31:25
2805,Newport Beach,272,Challenger Women Singles,Hard,2026-02-27 02:31:25
8892,Newport Beach,275,Challenger Women Doubles,Hard,2026-02-27 02:31:25
2806,Newport Beach,281,Challenger Men Singles,Hard,2026-02-27 02:31:25
2793,Next Gen Finals - Jeddah,265,Atp Singles,Hard (Indoor),2026-02-27 02:31:25
2022,Nice,265,Atp Singles,Clay,2026-02-27 02:31:25
3815,Nice,266,Wta Singles,Clay,2026-02-27 02:31:25
8669,Nice,267,Atp Doubles,Clay,2026-02-27 02:31:25
13081,Nice,268,Wta Doubles,Hard (Indoor),2026-02-27 02:31:25
8782,Niceville,264,Itf Men Doubles,Clay,2026-02-27 02:31:25
1755,Niceville,270,Itf Men Singles,Clay,2026-02-27 02:31:25
10180,Ningbo,266,Wta Singles,Hard,2026-02-27 02:31:25
10186,Ningbo,268,Wta Doubles,Hard,2026-02-27 02:31:25
1599,Ningbo,271,Itf Women Singles,Hard,2026-02-27 02:31:25
2093,Ningbo,272,Challenger Women Singles,Hard,2026-02-27 02:31:25
8688,Ningbo,275,Challenger Women Doubles,Hard,2026-02-27 02:31:25
2362,Ningbo,281,Challenger Men Singles,Hard,2026-02-27 02:31:25
8721,Ningbo,282,Challenger Men Doubles,Hard,2026-02-27 02:31:25
13195,Ningbo,287,Itf Women Doubles,Hard,2026-02-27 02:31:25
1373,Nis,271,Itf Women Singles,Clay,2026-02-27 02:31:25
8969,Nishi Tokyo,264,Itf Men Doubles,Hard,2026-02-27 02:31:25
1929,Nishi Tokyo,270,Itf Men Singles,Hard,2026-02-27 02:31:25
1916,Nishi-Tama,270,Itf Men Singles,Hard,2026-02-27 02:31:25
1944,Nishi-Tama,271,Itf Women Singles,Hard,2026-02-27 02:31:25
7701,Nonthaburi,281,Challenger Men Singles,Hard,2026-02-27 02:31:25
7703,Nonthaburi,282,Challenger Men Doubles,Hard,2026-02-27 02:31:25
7744,Nonthaburi 2,282,Challenger Men Doubles,Hard,2026-02-27 02:31:25
7746,Nonthaburi 2,281,Challenger Men Singles,Hard,2026-02-27 02:31:25
7778,Nonthaburi 3,281,Challenger Men Singles,Hard,2026-02-27 02:31:25
7780,Nonthaburi 3,282,Challenger Men Doubles,Hard,2026-02-27 02:31:25
11760,Nonthaburi 4,282,Challenger Men Doubles,Hard,2026-02-27 02:31:25
11755,Nonthaburi 4,281,Challenger Men Singles,Hard,2026-02-27 02:31:25
3090,Norman,270,Itf Men Singles,Hard,2026-02-27 02:31:25
3179,Norman 2,270,Itf Men Singles,Hard,2026-02-27 02:31:25
1589,Noto,271,Itf Women Singles,Grass,2026-02-27 02:31:25
2221,Nottingham,265,Atp Singles,Grass,2026-02-27 02:31:25
2215,Nottingham,266,Wta Singles,Grass,2026-02-27 02:31:25
8700,Nottingham,267,Atp Doubles,Grass,2026-02-27 02:31:25
2216,Nottingham,268,Wta Doubles,Grass,2026-02-27 02:31:25
1613,Nottingham,270,Itf Men Singles,Hard,2026-02-27 02:31:25
1328,Nottingham,271,Itf Women Singles,Grass,2026-02-27 02:31:25
2580,Nottingham,281,Challenger Men Singles,Grass,2026-02-27 02:31:25
2760,Nottingham,282,Challenger Men Doubles,Grass,2026-02-27 02:31:25
2892,Nottingham 2,282,Challenger Men Doubles,Grass,2026-02-27 02:31:25
2581,Nottingham 2,281,Challenger Men Singles,Grass,2026-02-27 02:31:25
10617,Nottingham 3,281,Challenger Men Singles,Hard (Indoor),2026-02-27 02:31:25
10616,Nottingham 3,282,Challenger Men Doubles,Hard (Indoor),2026-02-27 02:31:25
12697,Nottingham 4,281,Challenger Men Singles,Grass,2026-02-27 02:31:25
12702,Nottingham 4,282,Challenger Men Doubles,Grass,2026-02-27 02:31:25
8469,Noumea,282,Challenger Men Doubles,Hard,2026-02-27 02:31:25
3096,Noumea,281,Challenger Men Singles,Hard,2026-02-27 02:31:25
1518,Novi Sad,270,Itf Men Singles,Clay,2026-02-27 02:31:25
1945,Novokuznetsk,270,Itf Men Singles,Hard (Indoor),2026-02-27 02:31:25
3193,Nules,270,Itf Men Singles,Clay,2026-02-27 02:31:25
4671,Nur-Sultan,266,Wta Singles,Hard (Indoor),2026-02-27 02:31:25
4675,Nur-Sultan,268,Wta Doubles,Hard (Indoor),2026-02-27 02:31:25
3145,Nur-Sultan,271,Itf Women Singles,Hard,2026-02-27 02:31:25
3177,Nur-Sultan 2,281,Challenger Men Singles,Hard (Indoor),2026-02-27 02:31:25
3178,Nur-Sultan 2,282,Challenger Men Doubles,Hard (Indoor),2026-02-27 02:31:25
4318,Nur-Sultan 3,282,Challenger Men Doubles,Hard,2026-02-27 02:31:25
4316,Nur-Sultan 3,281,Challenger Men Singles,Hard,2026-02-27 02:31:25
4344,Nur-Sultan 4,281,Challenger Men Singles,Hard,2026-02-27 02:31:25
4345,Nur-Sultan 4,282,Challenger Men Doubles,Hard,2026-02-27 02:31:25
3050,Nurnberg,266,Wta Singles,Clay,2026-02-27 02:31:25
9050,Nurnberg,268,Wta Doubles,Clay,2026-02-27 02:31:25
3486,O pohar prezidenta CTS,276,Exhibition Women,Hard,2026-02-27 02:31:25
3485,O pohar prezidenta CTS,283,Exhibition Men,Clay,2026-02-27 02:31:25
3794,Oahu,265,Atp Singles,Hard,2026-02-27 02:31:25
13060,Oahu,267,Atp Doubles,Hard,2026-02-27 02:31:25
1700,Oarai,270,Itf Men Singles,Hard,2026-02-27 02:31:25
2244,Oberhaching,270,Itf Men Singles,Hard (Indoor),2026-02-27 02:31:25
2582,Oberstaufen,281,Challenger Men Singles,Clay,2026-02-27 02:31:25
8816,Oberstaufen,282,Challenger Men Doubles,Clay,2026-02-27 02:31:25
3975,Oeiras,282,Challenger Men Doubles,Clay,2026-02-27 02:31:25
1994,Oeiras,266,Wta Singles,Clay,2026-02-27 02:31:25
8685,Oeiras,268,Wta Doubles,Clay,2026-02-27 02:31:25
10888,Oeiras,272,Challenger Women Singles,Clay,2026-02-27 02:31:25
10892,Oeiras,275,Challenger Women Doubles,Clay,2026-02-27 02:31:25
3974,Oeiras,281,Challenger Men Singles,Clay,2026-02-27 02:31:25
13653,Oeiras 2,272,Challenger Women Singles,Hard (Indoor),2026-02-27 02:31:25
13659,Oeiras 2,275,Challenger Women Doubles,Hard (Indoor),2026-02-27 02:31:25
3991,Oeiras 2,281,Challenger Men Singles,Clay,2026-02-27 02:31:25
3989,Oeiras 2,282,Challenger Men Doubles,Clay,2026-02-27 02:31:25
4065,Oeiras 3,282,Challenger Men Doubles,Clay,2026-02-27 02:31:25
13669,Oeiras 3,272,Challenger Women Singles,Hard (Indoor),2026-02-27 02:31:25
13671,Oeiras 3,275,Challenger Women Doubles,Hard (Indoor),2026-02-27 02:31:25
4068,Oeiras 3,281,Challenger Men Singles,Clay,2026-02-27 02:31:25
4104,Oeiras 4,281,Challenger Men Singles,Clay,2026-02-27 02:31:25
4103,Oeiras 4,282,Challenger Men Doubles,Clay,2026-02-27 02:31:25
12194,Oeiras 5,282,Challenger Men Doubles,Hard (Indoor),2026-02-27 02:31:25
12195,Oeiras 5,281,Challenger Men Singles,Hard (Indoor),2026-02-27 02:31:25
12473,Oeiras 6,281,Challenger Men Singles,Clay,2026-02-27 02:31:25
12491,Oeiras 6,282,Challenger Men Doubles,Clay,2026-02-27 02:31:25
2862,Ojai,281,Challenger Men Singles,Hard,2026-02-27 02:31:25
8862,Oklahoma City,264,Itf Men Doubles,Hard,2026-02-27 02:31:25
3746,Oklahoma City,266,Wta Singles,Hard (Indoor),2026-02-27 02:31:25
9229,Oklahoma City,268,Wta Doubles,Hard (Indoor),2026-02-27 02:31:25
1967,Oklahoma City,270,Itf Men Singles,Hard,2026-02-27 02:31:25
10295,Olbia,281,Challenger Men Singles,Hard,2026-02-27 02:31:25
10291,Olbia,282,Challenger Men Doubles,Hard,2026-02-27 02:31:25
1480,Olomouc,271,Itf Women Singles,Clay,2026-02-27 02:31:25
1483,Olympic Games,265,Atp Singles,Grass,2026-02-27 02:31:25
1484,Olympic Games,266,Wta Singles,Grass,2026-02-27 02:31:25
1485,Olympic Games,267,Atp Doubles,Grass,2026-02-27 02:31:25
2304,Olympic Games,268,Wta Doubles,Hard,2026-02-27 02:31:25
2308,Olympic Games,269,Mixed Doubles,Hard,2026-02-27 02:31:25
1488,Oostende,270,Itf Men Singles,Clay,2026-02-27 02:31:25
8970,Opava,264,Itf Men Doubles,Hard,2026-02-27 02:31:25
1758,Opava,270,Itf Men Singles,Hard (Indoor),2026-02-27 02:31:25
2993,Opole,271,Itf Women Singles,Hard (Indoor),2026-02-27 02:31:25
13196,Opole,287,Itf Women Doubles,Hard (Indoor),2026-02-27 02:31:25
3687,Oporto,265,Atp Singles,Clay,2026-02-27 02:31:25
9176,Oporto,267,Atp Doubles,Clay,2026-02-27 02:31:25
1274,Orange Park,270,Itf Men Singles,Clay,2026-02-27 02:31:25
2583,Orbetello,281,Challenger Men Singles,Clay,2026-02-27 02:31:25
8916,Orbetello,282,Challenger Men Doubles,Clay,2026-02-27 02:31:25
3098,Orlando,282,Challenger Men Doubles,Hard,2026-02-27 02:31:25
3688,Orlando,265,Atp Singles,Hard,2026-02-27 02:31:25
9177,Orlando,267,Atp Doubles,Hard,2026-02-27 02:31:25
2709,Orlando,270,Itf Men Singles,Clay,2026-02-27 02:31:25
1923,Orlando,271,Itf Women Singles,Clay,2026-02-27 02:31:25
3097,Orlando,281,Challenger Men Singles,Hard,2026-02-27 02:31:25
2716,Orlando 2,270,Itf Men Singles,Clay,2026-02-27 02:31:25
4172,Orlando 2,281,Challenger Men Singles,Hard,2026-02-27 02:31:25
4173,Orlando 2,282,Challenger Men Doubles,Hard,2026-02-27 02:31:25
2424,Orleans,282,Challenger Men Doubles,Hard (Indoor),2026-02-27 02:31:25
2353,Orleans,281,Challenger Men Singles,Hard (Indoor),2026-02-27 02:31:25
2464,Ortisei,281,Challenger Men Singles,Hard (Indoor),2026-02-27 02:31:25
2466,Ortisei,282,Challenger Men Doubles,Hard (Indoor),2026-02-27 02:31:25
3689,Osaka,265,Atp Singles,Hard,2026-02-27 02:31:25
1666,Osaka,266,Wta Singles,Hard,2026-02-27 02:31:25
9178,Osaka,267,Atp Doubles,Hard,2026-02-27 02:31:25
8657,Osaka,268,Wta Doubles,Hard,2026-02-27 02:31:25
3747,Osaka 2,266,Wta Singles,Hard (Indoor),2026-02-27 02:31:25
9230,Osaka 2,268,Wta Doubles,Hard (Indoor),2026-02-27 02:31:25
1577,Osijek,270,Itf Men Singles,Clay,2026-02-27 02:31:25
1579,Osijek,271,Itf Women Singles,Clay,2026-02-27 02:31:25
3816,Oslo,266,Wta Singles,Hard (Indoor),2026-02-27 02:31:25
13082,Oslo,268,Wta Doubles,Grass (Indoor),2026-02-27 02:31:25
8884,Osorno,264,Itf Men Doubles,Clay,2026-02-27 02:31:25
1796,Osorno,270,Itf Men Singles,Clay (Indoor),2026-02-27 02:31:25
1948,Osprey,271,Itf Women Singles,Clay,2026-02-27 02:31:25
13197,Osprey,287,Itf Women Doubles,Clay,2026-02-27 02:31:25
2438,Ostrava,282,Challenger Men Doubles,Clay,2026-02-27 02:31:25
3690,Ostrava,265,Atp Singles,Hard (Indoor),2026-02-27 02:31:25
9179,Ostrava,267,Atp Doubles,Hard (Indoor),2026-02-27 02:31:25
2437,Ostrava,281,Challenger Men Singles,Clay,2026-02-27 02:31:25
3484,Others matches,276,Exhibition Women,,2026-02-27 02:31:25
3483,Others matches,283,Exhibition Men,,2026-02-27 02:31:25
8325,Others matches,289,Exhibition Mixed Doubles,,2026-02-27 02:31:25
8517,Ottignies-Louvain-la-Neuve,282,Challenger Men Doubles,Hard (Indoor),2026-02-27 02:31:25
8518,Ottignies-Louvain-la-Neuve,281,Challenger Men Singles,Hard (Indoor),2026-02-27 02:31:25
1783,Oujda,270,Itf Men Singles,Clay,2026-02-27 02:31:25
1558,Ourense,270,Itf Men Singles,Hard,2026-02-27 02:31:25
1581,Oviedo,270,Itf Men Singles,Clay,2026-02-27 02:31:25
8864,Padova,264,Itf Men Doubles,Clay,2026-02-27 02:31:25
2285,Padova,270,Itf Men Singles,Clay,2026-02-27 02:31:25
2639,Padova,281,Challenger Men Singles,Clay,2026-02-27 02:31:25
8817,Padova,282,Challenger Men Doubles,Clay,2026-02-27 02:31:25
2309,Padova 2,270,Itf Men Singles,Clay,2026-02-27 02:31:25
2120,Paguera (Mallorca),270,Itf Men Singles,Clay,2026-02-27 02:31:25
2121,Paguera(Mallorca) 2,270,Itf Men Singles,Clay,2026-02-27 02:31:25
3691,Palermo,265,Atp Singles,Clay,2026-02-27 02:31:25
1421,Palermo,266,Wta Singles,Clay,2026-02-27 02:31:25
9180,Palermo,267,Atp Doubles,,2026-02-27 02:31:25
1423,Palermo,268,Wta Doubles,Clay,2026-02-27 02:31:25
2099,Palermo,270,Itf Men Singles,Clay,2026-02-27 02:31:25
12764,Palermo,272,Challenger Women Singles,Clay,2026-02-27 02:31:25
12765,Palermo,275,Challenger Women Doubles,Clay,2026-02-27 02:31:25
2863,Palermo,281,Challenger Men Singles,Clay,2026-02-27 02:31:25
2102,Palermo 2,270,Itf Men Singles,Clay,2026-02-27 02:31:25
3117,Palm Harbor,271,Itf Women Singles,Clay,2026-02-27 02:31:25
1382,Palma Del Rio,270,Itf Men Singles,Hard,2026-02-27 02:31:25
9708,Palmas Del Mar,281,Challenger Men Singles,Hard,2026-02-27 02:31:25
9707,Palmas Del Mar,282,Challenger Men Doubles,Hard,2026-02-27 02:31:25
8872,Panama City,282,Challenger Men Doubles,Clay,2026-02-27 02:31:25
8876,Panama City,264,Itf Men Doubles,Clay,2026-02-27 02:31:25
2939,Panama City,270,Itf Men Singles,Clay,2026-02-27 02:31:25
2584,Panama City,281,Challenger Men Singles,Clay,2026-02-27 02:31:25
7613,Pardubicka juniorka,277,Boys Singles,Clay,2026-02-27 02:31:25
7614,Pardubicka juniorka,278,Girls Singles,Clay,2026-02-27 02:31:25
7615,Pardubicka juniorka,279,Boys Doubles,Clay,2026-02-27 02:31:25
7616,Pardubicka juniorka,280,Girls Doubles,Clay,2026-02-27 02:31:25
1725,Paris,265,Atp Singles,Hard (Indoor),2026-02-27 02:31:25
1835,Paris,266,Wta Singles,Hard (Indoor),2026-02-27 02:31:25
1726,Paris,267,Atp Doubles,Hard (Indoor),2026-02-27 02:31:25
8678,Paris,268,Wta Doubles,Hard (Indoor),2026-02-27 02:31:25
5539,Paris,272,Challenger Women Singles,Clay,2026-02-27 02:31:25
5542,Paris,275,Challenger Women Doubles,Clay,2026-02-27 02:31:25
3831,Paris,283,Exhibition Men,Clay,2026-02-27 02:31:25
3748,Paris 2,266,Wta Singles,Clay,2026-02-27 02:31:25
9231,Paris 2,268,Wta Doubles,Clay,2026-02-27 02:31:25
4099,Parma,265,Atp Singles,Clay,2026-02-27 02:31:25
4062,Parma,266,Wta Singles,Clay,2026-02-27 02:31:25
4101,Parma,267,Atp Doubles,Clay,2026-02-27 02:31:25
4066,Parma,268,Wta Doubles,Clay,2026-02-27 02:31:25
1330,Parma,270,Itf Men Singles,Clay,2026-02-27 02:31:25
10153,Parma,272,Challenger Women Singles,Clay,2026-02-27 02:31:25
10155,Parma,275,Challenger Women Doubles,Clay,2026-02-27 02:31:25
3135,Parma,281,Challenger Men Singles,Clay,2026-02-27 02:31:25
3136,Parma,282,Challenger Men Doubles,Clay,2026-02-27 02:31:25
3834,Parma 2,282,Challenger Men Doubles,Hard (Indoor),2026-02-27 02:31:25
3829,Parma 2,281,Challenger Men Singles,Hard (Indoor),2026-02-27 02:31:25
1240,Pattaya,266,Wta Singles,Hard,2026-02-27 02:31:25
8663,Pattaya,268,Wta Doubles,Hard,2026-02-27 02:31:25
1383,Pattaya,271,Itf Women Singles,Hard,2026-02-27 02:31:25
1402,Pattaya 2,271,Itf Women Singles,Hard,2026-02-27 02:31:25
1425,Pattaya 3,271,Itf Women Singles,Hard,2026-02-27 02:31:25
3110,Pau,281,Challenger Men Singles,Hard (Indoor),2026-02-27 02:31:25
3111,Pau,282,Challenger Men Doubles,Hard (Indoor),2026-02-27 02:31:25
13121,Pelham,287,Itf Women Doubles,Clay,2026-02-27 02:31:25
1969,Pelham,271,Itf Women Singles,Clay,2026-02-27 02:31:25
1468,Pelotas,270,Itf Men Singles,Clay,2026-02-27 02:31:25
1742,Pensacola,270,Itf Men Singles,Clay,2026-02-27 02:31:25
2585,Penza,281,Challenger Men Singles,Hard,2026-02-27 02:31:25
8917,Penza,282,Challenger Men Doubles,Hard,2026-02-27 02:31:25
2517,Pereira,282,Challenger Men Doubles,Clay,2026-02-27 02:31:25
1887,Pereira,270,Itf Men Singles,Clay,2026-02-27 02:31:25
1603,Pereira,271,Itf Women Singles,Clay,2026-02-27 02:31:25
2586,Pereira,281,Challenger Men Singles,Clay,2026-02-27 02:31:25
1384,Perigueux,271,Itf Women Singles,Clay,2026-02-27 02:31:25
2518,Perugia,281,Challenger Men Singles,Clay,2026-02-27 02:31:25
2519,Perugia,282,Challenger Men Doubles,Clay,2026-02-27 02:31:25
8918,Petange,282,Challenger Men Doubles,Hard,2026-02-27 02:31:25
2587,Petange,281,Challenger Men Singles,Hard,2026-02-27 02:31:25
13614,Phan Thiet,281,Challenger Men Singles,Hard,2026-02-27 02:31:25
13612,Phan Thiet,282,Challenger Men Doubles,Hard,2026-02-27 02:31:25
13631,Phan Thiet 2,281,Challenger Men Singles,Hard,2026-02-27 02:31:25
13632,Phan Thiet 2,282,Challenger Men Doubles,Hard,2026-02-27 02:31:25
3692,Philadelphia,265,Atp Singles,Hard (Indoor),2026-02-27 02:31:25
3749,Philadelphia,266,Wta Singles,Hard (Indoor),2026-02-27 02:31:25
9181,Philadelphia,267,Atp Doubles,Hard (Indoor),2026-02-27 02:31:25
9232,Philadelphia,268,Wta Doubles,Hard (Indoor),2026-02-27 02:31:25
1770,Phnom Penh,270,Itf Men Singles,Hard,2026-02-27 02:31:25
1779,Phnom Penh 2,270,Itf Men Singles,Hard,2026-02-27 02:31:25
1789,Phnom Penh 3,270,Itf Men Singles,Hard,2026-02-27 02:31:25
1757,Phoenix,271,Itf Women Singles,Hard,2026-02-27 02:31:25
3113,Phoenix,281,Challenger Men Singles,Hard,2026-02-27 02:31:25
3115,Phoenix,282,Challenger Men Doubles,Hard,2026-02-27 02:31:25
9022,Phuket,287,Itf Women Doubles,Hard,2026-02-27 02:31:25
8971,Phuket,264,Itf Men Doubles,Hard,2026-02-27 02:31:25
1729,Phuket,270,Itf Men Singles,Hard (Indoor),2026-02-27 02:31:25
1995,Phuket,271,Itf Women Singles,Hard (Indoor),2026-02-27 02:31:25
8804,Phuket 2,264,Itf Men Doubles,Hard,2026-02-27 02:31:25
1747,Phuket 2,270,Itf Men Singles,Hard (Indoor),2026-02-27 02:31:25
2994,Phuket 2,271,Itf Women Singles,Hard,2026-02-27 02:31:25
9023,Phuket 2,287,Itf Women Doubles,Hard,2026-02-27 02:31:25
1760,Phuket 3,270,Itf Men Singles,Hard (Indoor),2026-02-27 02:31:25
1500,Piestany,270,Itf Men Singles,Clay,2026-02-27 02:31:25
1519,Piestany,271,Itf Women Singles,Clay,2026-02-27 02:31:25
13119,Piestany,287,Itf Women Doubles,Clay,2026-02-27 02:31:25
9130,Piestany Ladies Open,288,Exhibition Doubles Women,Clay,2026-02-27 02:31:25
3540,Piestany Ladies Open,276,Exhibition Women,Clay,2026-02-27 02:31:25
3693,Pinehurst,265,Atp Singles,Clay,2026-02-27 02:31:25
9182,Pinehurst,267,Atp Doubles,Clay,2026-02-27 02:31:25
2322,Pingguo,271,Itf Women Singles,Hard,2026-02-27 02:31:25
2588,Pingguo,281,Challenger Men Singles,Hard,2026-02-27 02:31:25
8709,Pingguo,287,Itf Women Doubles,Hard,2026-02-27 02:31:25
1564,Piombino,270,Itf Men Singles,Hard,2026-02-27 02:31:25
8499,Piracicaba,281,Challenger Men Singles,Clay,2026-02-27 02:31:25
8498,Piracicaba,282,Challenger Men Doubles,Clay,2026-02-27 02:31:25
8853,Pirot,287,Itf Women Doubles,Clay,2026-02-27 02:31:25
1523,Pirot,271,Itf Women Singles,Clay,2026-02-27 02:31:25
2071,Pitesti,270,Itf Men Singles,Clay,2026-02-27 02:31:25
1414,Pittsburgh,270,Itf Men Singles,Clay,2026-02-27 02:31:25
1628,Plaisir,270,Itf Men Singles,Hard (Indoor),2026-02-27 02:31:25
13165,Plantation,264,Itf Men Doubles,Clay,2026-02-27 02:31:25
1814,Plantation,270,Itf Men Singles,Clay,2026-02-27 02:31:25
2479,Plantation,271,Itf Women Singles,Clay,2026-02-27 02:31:25
13198,Plantation,287,Itf Women Doubles,Clay,2026-02-27 02:31:25
2200,Plantation 2,270,Itf Men Singles,Clay,2026-02-27 02:31:25
2265,Plantation 3,270,Itf Men Singles,Clay,2026-02-27 02:31:25
3192,Playford,271,Itf Women Singles,Hard,2026-02-27 02:31:25
2804,Playford,281,Challenger Men Singles,Hard,2026-02-27 02:31:25
8106,Playford,282,Challenger Men Doubles,Hard,2026-02-27 02:31:25
9076,Playford 2,282,Challenger Men Doubles,Hard,2026-02-27 02:31:25
3191,Playford 2,281,Challenger Men Singles,Hard,2026-02-27 02:31:25
2018,Plovdiv,270,Itf Men Singles,Clay,2026-02-27 02:31:25
2995,Podgorica,271,Itf Women Singles,Clay,2026-02-27 02:31:25
9024,Podgorica,287,Itf Women Doubles,Clay,2026-02-27 02:31:25
3694,Poertschach,265,Atp Singles,Clay,2026-02-27 02:31:25
9183,Poertschach,267,Atp Doubles,Clay,2026-02-27 02:31:25
1548,Poertschach,270,Itf Men Singles,Clay,2026-02-27 02:31:25
1559,Poertschach,271,Itf Women Singles,Clay,2026-02-27 02:31:25
1914,Poitiers,270,Itf Men Singles,Hard (Indoor),2026-02-27 02:31:25
1709,Poitiers,271,Itf Women Singles,Hard (Indoor),2026-02-27 02:31:25
3507,Poland Tour,276,Exhibition Women,Clay,2026-02-27 02:31:25
3508,Poland Tour,283,Exhibition Men,Clay,2026-02-27 02:31:25
2996,Pomezia,271,Itf Women Singles,Clay,2026-02-27 02:31:25
2827,Ponte Vedra,266,Wta Singles,Clay,2026-02-27 02:31:25
9233,Ponte Vedra,268,Wta Doubles,Clay,2026-02-27 02:31:25
2174,Pontedera,270,Itf Men Singles,Clay,2026-02-27 02:31:25
2506,Poprad,281,Challenger Men Singles,Clay,2026-02-27 02:31:25
8797,Poprad,282,Challenger Men Doubles,Clay,2026-02-27 02:31:25
1624,Port Pirie,270,Itf Men Singles,Hard,2026-02-27 02:31:25
1626,Port Pirie,271,Itf Women Singles,Hard,2026-02-27 02:31:25
1820,Port St. Lucie,271,Itf Women Singles,Clay,2026-02-27 02:31:25
2997,Portimao,271,Itf Women Singles,Hard,2026-02-27 02:31:25
8805,Portimao,287,Itf Women Doubles,Hard,2026-02-27 02:31:25
2076,Portland,271,Itf Women Singles,Hard,2026-02-27 02:31:25
13105,Porto,264,Itf Men Doubles,Clay,2026-02-27 02:31:25
3750,Porto,266,Wta Singles,Clay,2026-02-27 02:31:25
9234,Porto,268,Wta Doubles,Clay,2026-02-27 02:31:25
1640,Porto,270,Itf Men Singles,Clay,2026-02-27 02:31:25
12731,Porto,272,Challenger Women Singles,Hard,2026-02-27 02:31:25
12732,Porto,275,Challenger Women Doubles,Hard,2026-02-27 02:31:25
4256,Porto,281,Challenger Men Singles,Hard,2026-02-27 02:31:25
4259,Porto,282,Challenger Men Doubles,Hard,2026-02-27 02:31:25
11571,Porto 2,282,Challenger Men Doubles,Clay,2026-02-27 02:31:25
11570,Porto 2,281,Challenger Men Singles,Clay,2026-02-27 02:31:25
1790,Porto Alegre,270,Itf Men Singles,Clay,2026-02-27 02:31:25
2589,Porto Alegre,281,Challenger Men Singles,Clay,2026-02-27 02:31:25
8825,Porto Alegre,282,Challenger Men Doubles,Clay,2026-02-27 02:31:25
8727,Portoroz,282,Challenger Men Doubles,Hard,2026-02-27 02:31:25
2828,Portoroz,266,Wta Singles,Hard,2026-02-27 02:31:25
3092,Portoroz,268,Wta Doubles,Hard,2026-02-27 02:31:25
2385,Portoroz,281,Challenger Men Singles,Hard,2026-02-27 02:31:25
1352,Posadas,270,Itf Men Singles,Clay,2026-02-27 02:31:25
1792,Potchefstroom,270,Itf Men Singles,Hard,2026-02-27 02:31:25
1793,Potchefstroom,271,Itf Women Singles,Hard,2026-02-27 02:31:25
3450,Potchefstroom,281,Challenger Men Singles,Hard,2026-02-27 02:31:25
3449,Potchefstroom,282,Challenger Men Doubles,Hard,2026-02-27 02:31:25
9273,Potchefstroom 2,282,Challenger Men Doubles,Hard,2026-02-27 02:31:25
1797,Potchefstroom 2,270,Itf Men Singles,Hard,2026-02-27 02:31:25
1798,Potchefstroom 2,271,Itf Women Singles,Hard,2026-02-27 02:31:25
4177,Potchefstroom 2,281,Challenger Men Singles,Hard,2026-02-27 02:31:25
2453,Poznan,281,Challenger Men Singles,Clay,2026-02-27 02:31:25
2454,Poznan,282,Challenger Men Doubles,Clay,2026-02-27 02:31:25
2893,Pozoblanco,282,Challenger Men Doubles,Hard,2026-02-27 02:31:25
2085,Pozoblanco,270,Itf Men Singles,Hard,2026-02-27 02:31:25
2590,Pozoblanco,281,Challenger Men Singles,Hard,2026-02-27 02:31:25
1283,Pozzuoli,270,Itf Men Singles,Clay,2026-02-27 02:31:25
1639,Pozzuoli 2,270,Itf Men Singles,Hard,2026-02-27 02:31:25
3695,Prague,265,Atp Singles,Clay,2026-02-27 02:31:25
9184,Prague,267,Atp Doubles,Clay,2026-02-27 02:31:25
1453,Prague,270,Itf Men Singles,Clay,2026-02-27 02:31:25
1291,Prague,271,Itf Women Singles,Clay,2026-02-27 02:31:25
3566,Prague,272,Challenger Women Singles,Clay,2026-02-27 02:31:25
9136,Prague,275,Challenger Women Doubles,Clay,2026-02-27 02:31:25
2472,Prague,281,Challenger Men Singles,Clay,2026-02-27 02:31:25
2678,Prague,282,Challenger Men Doubles,Clay,2026-02-27 02:31:25
2502,Prague 2,282,Challenger Men Doubles,Clay,2026-02-27 02:31:25
2407,Prague 2,281,Challenger Men Singles,Clay,2026-02-27 02:31:25
1646,Prague 3,271,Itf Women Singles,Clay,2026-02-27 02:31:25
4504,Prague 3,281,Challenger Men Singles,Clay,2026-02-27 02:31:25
4506,Prague 3,282,Challenger Men Doubles,Clay,2026-02-27 02:31:25
9025,Prague-Neride,287,Itf Women Doubles,Clay,2026-02-27 02:31:25
2998,Prague-Neride,271,Itf Women Singles,Clay,2026-02-27 02:31:25
1321,Prerov,271,Itf Women Singles,Clay,2026-02-27 02:31:25
1830,Preston,270,Itf Men Singles,Hard (Indoor),2026-02-27 02:31:25
1831,Preston,271,Itf Women Singles,Hard (Indoor),2026-02-27 02:31:25
3512,Privatbanka Open,276,Exhibition Women,Clay,2026-02-27 02:31:25
3509,Privatbanka Open,283,Exhibition Men,Clay,2026-02-27 02:31:25
9127,Privatbanka Open,284,Exhibition Doubles Men,Clay,2026-02-27 02:31:25
9128,Privatbanka Open,288,Exhibition Doubles Women,Clay,2026-02-27 02:31:25
2065,Prokuplje,271,Itf Women Singles,Clay,2026-02-27 02:31:25
3817,Prostejov,266,Wta Singles,Hard (Indoor),2026-02-27 02:31:25
13083,Prostejov,268,Wta Doubles,Hard (Indoor),2026-02-27 02:31:25
1438,Prostejov,270,Itf Men Singles,Clay,2026-02-27 02:31:25
2591,Prostejov,281,Challenger Men Singles,Clay,2026-02-27 02:31:25
2439,Prostejov,282,Challenger Men Doubles,Clay,2026-02-27 02:31:25
3534,Prostejov Open,283,Exhibition Men,Clay,2026-02-27 02:31:25
3529,Prostejov Open,276,Exhibition Women,Clay,2026-02-27 02:31:25
1303,Puebla,270,Itf Men Singles,Hard,2026-02-27 02:31:25
2999,Puebla,271,Itf Women Singles,Hard,2026-02-27 02:31:25
2654,Puebla,281,Challenger Men Singles,Hard (Indoor),2026-02-27 02:31:25
13032,Puebla,282,Challenger Men Doubles,Hard (Indoor),2026-02-27 02:31:25
9026,Puebla,287,Itf Women Doubles,Hard,2026-02-27 02:31:25
2015,Puebla 3,270,Itf Men Singles,Hard,2026-02-27 02:31:25
2113,Puerto de la Cruz (Tenerife),270,Itf Men Singles,Hard,2026-02-27 02:31:25
2115,Puerto de la Cruz (Tenerife) 2,270,Itf Men Singles,Hard,2026-02-27 02:31:25
2116,Puerto de la Cruz (Tenerife) 3,270,Itf Men Singles,Hard,2026-02-27 02:31:25
2745,Puerto del Carmen (Lanzarote),270,Itf Men Singles,Hard,2026-02-27 02:31:25
2744,Puerto del Carmen (Lanzarote) 2,270,Itf Men Singles,Hard,2026-02-27 02:31:25
10660,Puerto Vallarta,272,Challenger Women Singles,Hard,2026-02-27 02:31:25
10676,Puerto Vallarta,275,Challenger Women Doubles,Hard,2026-02-27 02:31:25
3041,Puerto Vallarta,281,Challenger Men Singles,Hard,2026-02-27 02:31:25
3044,Puerto Vallarta,282,Challenger Men Doubles,Hard,2026-02-27 02:31:25
9053,Pullach,282,Challenger Men Doubles,Clay,2026-02-27 02:31:25
3062,Pullach,281,Challenger Men Singles,Clay,2026-02-27 02:31:25
2802,Pune,265,Atp Singles,Hard,2026-02-27 02:31:25
2803,Pune,267,Atp Doubles,Hard,2026-02-27 02:31:25
1730,Pune,270,Itf Men Singles,Hard,2026-02-27 02:31:25
3000,Pune,271,Itf Women Singles,Hard,2026-02-27 02:31:25
1746,Pune,272,Challenger Women Singles,Hard,2026-02-27 02:31:25
8676,Pune,275,Challenger Women Doubles,Hard,2026-02-27 02:31:25
2419,Pune,281,Challenger Men Singles,Hard,2026-02-27 02:31:25
8617,Pune,282,Challenger Men Doubles,Hard,2026-02-27 02:31:25
8895,Punta Del Este,282,Challenger Men Doubles,Clay,2026-02-27 02:31:25
2809,Punta Del Este,281,Challenger Men Singles,Clay,2026-02-27 02:31:25
2025,Putian,270,Itf Men Singles,Hard,2026-02-27 02:31:25
2416,Qingdao,281,Challenger Men Singles,Clay,2026-02-27 02:31:25
8748,Qingdao,282,Challenger Men Doubles,Clay,2026-02-27 02:31:25
8883,Quanzhou,282,Challenger Men Doubles,Clay,2026-02-27 02:31:25
13199,Quanzhou,287,Itf Women Doubles,Hard,2026-02-27 02:31:25
1816,Quanzhou,271,Itf Women Singles,Hard,2026-02-27 02:31:25
2719,Quanzhou,281,Challenger Men Singles,Hard,2026-02-27 02:31:25
1597,Quebec City,266,Wta Singles,Hard (Indoor),2026-02-27 02:31:25
8674,Quebec City,268,Wta Doubles,Hard (Indoor),2026-02-27 02:31:25
13362,Queretaro,272,Challenger Women Singles,Clay,2026-02-27 02:31:25
13392,Queretaro,275,Challenger Women Doubles,Clay,2026-02-27 02:31:25
8822,Quillota,264,Itf Men Doubles,Clay,2026-02-27 02:31:25
2673,Quillota,270,Itf Men Singles,Clay,2026-02-27 02:31:25
2423,Quimper,281,Challenger Men Singles,Hard (Indoor),2026-02-27 02:31:25
2657,Quimper,282,Challenger Men Doubles,Hard (Indoor),2026-02-27 02:31:25
3899,Quimper 2,282,Challenger Men Doubles,Hard (Indoor),2026-02-27 02:31:25
3898,Quimper 2,281,Challenger Men Singles,Hard (Indoor),2026-02-27 02:31:25
2034,Quintana Roo,270,Itf Men Singles,Hard,2026-02-27 02:31:25
2030,Quintana Roo,271,Itf Women Singles,Hard,2026-02-27 02:31:25
2040,Quintana Roo 2,270,Itf Men Singles,Hard,2026-02-27 02:31:25
2047,Quintana Roo 3,270,Itf Men Singles,Hard,2026-02-27 02:31:25
2046,Quintana Roo 3,271,Itf Women Singles,Hard,2026-02-27 02:31:25
2199,Quito,265,Atp Singles,Clay,2026-02-27 02:31:25
8698,Quito,267,Atp Doubles,Clay,2026-02-27 02:31:25
3001,Quito,271,Itf Women Singles,Clay,2026-02-27 02:31:25
13547,Quito,272,Challenger Women Singles,Clay,2026-02-27 02:31:25
13556,Quito,275,Challenger Women Doubles,Clay,2026-02-27 02:31:25
2592,Quito,281,Challenger Men Singles,Clay,2026-02-27 02:31:25
2777,Quito,282,Challenger Men Doubles,Clay,2026-02-27 02:31:25
8898,Qujing,282,Challenger Men Doubles,Hard,2026-02-27 02:31:25
2815,Qujing,281,Challenger Men Singles,Hard,2026-02-27 02:31:25
1300,Raanana,271,Itf Women Singles,Hard,2026-02-27 02:31:25
2501,Raanana,281,Challenger Men Singles,Hard,2026-02-27 02:31:25
8774,Raanana,282,Challenger Men Doubles,Hard,2026-02-27 02:31:25
8856,Rabat,287,Itf Women Doubles,Clay,2026-02-27 02:31:25
2277,Rabat,266,Wta Singles,Clay,2026-02-27 02:31:25
5582,Rabat,268,Wta Doubles,Clay,2026-02-27 02:31:25
1317,Rabat,270,Itf Men Singles,Clay,2026-02-27 02:31:25
3002,Rabat,271,Itf Women Singles,Clay,2026-02-27 02:31:25
2593,Rabat,281,Challenger Men Singles,Clay,2026-02-27 02:31:25
1278,Raleigh,271,Itf Women Singles,Clay,2026-02-27 02:31:25
1284,Ramat Hasharon,270,Itf Men Singles,Hard,2026-02-27 02:31:25
2005,Ramat Hasharon,271,Itf Women Singles,Hard,2026-02-27 02:31:25
2864,Ramat Hasharon,281,Challenger Men Singles,Hard,2026-02-27 02:31:25
3003,Rancagua,271,Itf Women Singles,Clay,2026-02-27 02:31:25
9027,Rancagua,287,Itf Women Doubles,Clay,2026-02-27 02:31:25
13120,Rancho Mirage,287,Itf Women Doubles,Hard,2026-02-27 02:31:25
1852,Rancho Mirage,271,Itf Women Singles,Hard,2026-02-27 02:31:25
1863,Rancho Santa Fe,271,Itf Women Singles,Hard,2026-02-27 02:31:25
1544,Ratingen,271,Itf Women Singles,Clay,2026-02-27 02:31:25
13200,Ratingen,287,Itf Women Doubles,Clay,2026-02-27 02:31:25
9028,Rebecq,287,Itf Women Doubles,Clay,2026-02-27 02:31:25
3004,Rebecq,271,Itf Women Singles,Clay,2026-02-27 02:31:25
2459,Recanati,281,Challenger Men Singles,Hard,2026-02-27 02:31:25
8763,Recanati,282,Challenger Men Doubles,Hard,2026-02-27 02:31:25
2865,Recife,281,Challenger Men Singles,Hard,2026-02-27 02:31:25
2866,Recife 2,281,Challenger Men Singles,Hard,2026-02-27 02:31:25
3005,Redding,271,Itf Women Singles,Hard,2026-02-27 02:31:25
13201,Redding,287,Itf Women Doubles,Hard,2026-02-27 02:31:25
2316,Reggio Emilia,270,Itf Men Singles,Clay,2026-02-27 02:31:25
2867,Reggio Emilia,281,Challenger Men Singles,Clay,2026-02-27 02:31:25
3488,Region of Valencia,283,Exhibition Men,Clay,2026-02-27 02:31:25
13281,Rende,272,Challenger Women Singles,Clay,2026-02-27 02:31:25
13284,Rende,275,Challenger Women Doubles,Clay,2026-02-27 02:31:25
2706,Rennes,281,Challenger Men Singles,Hard (Indoor),2026-02-27 02:31:25
2475,Rennes,282,Challenger Men Doubles,Hard (Indoor),2026-02-27 02:31:25
1389,Resistencia,270,Itf Men Singles,Clay,2026-02-27 02:31:25
3006,Rethymno,271,Itf Women Singles,Hard,2026-02-27 02:31:25
9029,Rethymno,287,Itf Women Doubles,Hard,2026-02-27 02:31:25
13037,Reunion Island,282,Challenger Men Doubles,Hard,2026-02-27 02:31:25
2640,Reunion Island,281,Challenger Men Singles,Hard,2026-02-27 02:31:25
8767,Reus,264,Itf Men Doubles,Clay,2026-02-27 02:31:25
1896,Reus,270,Itf Men Singles,Clay,2026-02-27 02:31:25
9506,Reus,272,Challenger Women Singles,Clay,2026-02-27 02:31:25
9526,Reus,275,Challenger Women Doubles,Clay,2026-02-27 02:31:25
2868,Rhodes,281,Challenger Men Singles,Hard,2026-02-27 02:31:25
2785,Riba - Roja de Turia,270,Itf Men Singles,Clay,2026-02-27 02:31:25
1942,Ribeirao Preto,271,Itf Women Singles,Clay,2026-02-27 02:31:25
9030,Ribeirao Preto,287,Itf Women Doubles,Clay,2026-02-27 02:31:25
9031,Ribeirao Preto 2,287,Itf Women Doubles,Hard,2026-02-27 02:31:25
3007,Ribeirao Preto 2,271,Itf Women Singles,Hard,2026-02-27 02:31:25
2869,Rijeka,281,Challenger Men Singles,Clay,2026-02-27 02:31:25
2870,Rimini,281,Challenger Men Singles,Clay,2026-02-27 02:31:25
2594,Rimouski,281,Challenger Men Singles,Hard,2026-02-27 02:31:25
8846,Rimouski,282,Challenger Men Doubles,Hard (Indoor),2026-02-27 02:31:25
1791,Rio Cuarto,270,Itf Men Singles,Clay,2026-02-27 02:31:25
2124,Rio de Janeiro,266,Wta Singles,Clay,2026-02-27 02:31:25
8689,Rio de Janeiro,268,Wta Doubles,Clay,2026-02-27 02:31:25
13340,Rio de Janeiro,272,Challenger Women Singles,Clay,2026-02-27 02:31:25
13343,Rio de Janeiro,275,Challenger Women Doubles,Clay,2026-02-27 02:31:25
2595,Rio de Janeiro,281,Challenger Men Singles,Clay,2026-02-27 02:31:25
2798,Rio de Janeiro,282,Challenger Men Doubles,Clay,2026-02-27 02:31:25
3795,Rio de Janeiro 2,265,Atp Singles,Hard,2026-02-27 02:31:25
13061,Rio de Janeiro 2,267,Atp Doubles,Hard,2026-02-27 02:31:25
2596,Rio Quente,281,Challenger Men Singles,Hard,2026-02-27 02:31:25
8819,Rio Quente,282,Challenger Men Doubles,Hard,2026-02-27 02:31:25
13202,Riviera De Sao Lourenco,287,Itf Women Doubles,Hard,2026-02-27 02:31:25
3008,Riviera De Sao Lourenco,271,Itf Women Singles,Hard,2026-02-27 02:31:25
4918,Roanne,281,Challenger Men Singles,Hard (Indoor),2026-02-27 02:31:25
4921,Roanne,282,Challenger Men Doubles,Hard (Indoor),2026-02-27 02:31:25
1440,Rochester,270,Itf Men Singles,Clay,2026-02-27 02:31:25
1703,Rock Hill,271,Itf Women Singles,Hard,2026-02-27 02:31:25
13203,Rock Hill,287,Itf Women Doubles,Hard,2026-02-27 02:31:25
1590,Rockhampton,271,Itf Women Singles,Hard,2026-02-27 02:31:25
1708,Rodez,270,Itf Men Singles,Hard (Indoor),2026-02-27 02:31:25
13166,Rome,264,Itf Men Doubles,Clay,2026-02-27 02:31:25
2011,Rome,265,Atp Singles,Clay,2026-02-27 02:31:25
2010,Rome,266,Wta Singles,Clay,2026-02-27 02:31:25
1270,Rome,267,Atp Doubles,Clay,2026-02-27 02:31:25
1271,Rome,268,Wta Doubles,Clay,2026-02-27 02:31:25
2940,Rome,270,Itf Men Singles,Clay,2026-02-27 02:31:25
1385,Rome,271,Itf Women Singles,Clay,2026-02-27 02:31:25
12729,Rome,272,Challenger Women Singles,Clay,2026-02-27 02:31:25
12760,Rome,275,Challenger Women Doubles,Clay,2026-02-27 02:31:25
2485,Rome,281,Challenger Men Singles,Clay,2026-02-27 02:31:25
2661,Rome,282,Challenger Men Doubles,Clay,2026-02-27 02:31:25
2372,Rome 2,282,Challenger Men Doubles,Clay,2026-02-27 02:31:25
2354,Rome 2,281,Challenger Men Singles,Clay,2026-02-27 02:31:25
2871,Rome 3,281,Challenger Men Singles,Clay,2026-02-27 02:31:25
7487,Rome US,281,Challenger Men Singles,Hard (Indoor),2026-02-27 02:31:25
8589,Rome US,282,Challenger Men Doubles,Hard (Indoor),2026-02-27 02:31:25
12221,Rosario,281,Challenger Men Singles,Clay,2026-02-27 02:31:25
12220,Rosario,282,Challenger Men Doubles,Clay,2026-02-27 02:31:25
1552,Rosario,270,Itf Men Singles,Clay,2026-02-27 02:31:25
3009,Rosario,271,Itf Women Singles,Clay,2026-02-27 02:31:25
1774,Rosario 2,270,Itf Men Singles,Clay,2026-02-27 02:31:25
1287,Rosario 2,271,Itf Women Singles,Clay,2026-02-27 02:31:25
5311,Roseto Degli Abruzzi,281,Challenger Men Singles,Clay,2026-02-27 02:31:25
5312,Roseto Degli Abruzzi,282,Challenger Men Doubles,Clay,2026-02-27 02:31:25
5339,Roseto Degli Abruzzi 2,282,Challenger Men Doubles,Clay,2026-02-27 02:31:25
5337,Roseto Degli Abruzzi 2,281,Challenger Men Singles,Clay,2026-02-27 02:31:25
1855,Rotterdam,265,Atp Singles,Hard (Indoor),2026-02-27 02:31:25
1578,Rotterdam,270,Itf Men Singles,Clay,2026-02-27 02:31:25
3010,Rotterdam,271,Itf Women Singles,Clay,2026-02-27 02:31:25
13130,Rotterdam,287,Itf Women Doubles,Clay,2026-02-27 02:31:25
1580,Rotterdam 2,271,Itf Women Singles,Clay,2026-02-27 02:31:25
10885,Rouen,266,Wta Singles,Clay (Indoor),2026-02-27 02:31:25
10889,Rouen,268,Wta Doubles,Clay (Indoor),2026-02-27 02:31:25
8073,Rouen,272,Challenger Women Singles,Hard (Indoor),2026-02-27 02:31:25
8075,Rouen,275,Challenger Women Doubles,Hard (Indoor),2026-02-27 02:31:25
2127,Rovereto,270,Itf Men Singles,Hard (Indoor),2026-02-27 02:31:25
1408,Rovereto,271,Itf Women Singles,Clay,2026-02-27 02:31:25
13359,Rovereto,272,Challenger Women Singles,Hard (Indoor),2026-02-27 02:31:25
13363,Rovereto,275,Challenger Women Doubles,Hard (Indoor),2026-02-27 02:31:25
8590,Rovereto,281,Challenger Men Singles,Hard (Indoor),2026-02-27 02:31:25
8588,Rovereto,282,Challenger Men Doubles,Hard (Indoor),2026-02-27 02:31:25
8972,Rovinj,264,Itf Men Doubles,Clay,2026-02-27 02:31:25
1936,Rovinj,270,Itf Men Singles,Clay,2026-02-27 02:31:25
12632,Royan,281,Challenger Men Singles,Clay,2026-02-27 02:31:25
12631,Royan,282,Challenger Men Doubles,Clay,2026-02-27 02:31:25
13167,Roznov pod Radhostem,264,Itf Men Doubles,Hard,2026-02-27 02:31:25
2941,Roznov pod Radhostem,270,Itf Men Singles,Hard (Indoor),2026-02-27 02:31:25
2167,Saarlouis,270,Itf Men Singles,Clay,2026-02-27 02:31:25
8973,Sabadell,264,Itf Men Doubles,Clay,2026-02-27 02:31:25
1655,Sabadell,270,Itf Men Singles,Clay,2026-02-27 02:31:25
1337,Sacramento,270,Itf Men Singles,Hard,2026-02-27 02:31:25
1322,Sacramento,271,Itf Women Singles,Hard,2026-02-27 02:31:25
2597,Sacramento,281,Challenger Men Singles,Hard,2026-02-27 02:31:25
8814,Sacramento,282,Challenger Men Doubles,Hard,2026-02-27 02:31:25
1714,Saguenay,271,Itf Women Singles,Hard (Indoor),2026-02-27 02:31:25
2471,Saint Brieuc,281,Challenger Men Singles,Hard (Indoor),2026-02-27 02:31:25
2512,Saint Brieuc,282,Challenger Men Doubles,Hard (Indoor),2026-02-27 02:31:25
1623,Saint Malo,271,Itf Women Singles,Clay,2026-02-27 02:31:25
4026,Saint Malo,272,Challenger Women Singles,Clay,2026-02-27 02:31:25
4027,Saint Malo,275,Challenger Women Doubles,Clay,2026-02-27 02:31:25
1812,Saint Martin (Guadeloupe),271,Itf Women Singles,Hard,2026-02-27 02:31:25
1678,Saint-Dizier,270,Itf Men Singles,Hard,2026-02-27 02:31:25
2151,Saint-Gaudens,271,Itf Women Singles,Clay,2026-02-27 02:31:25
1455,Saint-Gervais,270,Itf Men Singles,Clay,2026-02-27 02:31:25
2329,Saint-Raphael,270,Itf Men Singles,Hard (Indoor),2026-02-27 02:31:25
3826,Sainte Clotilde,281,Challenger Men Singles,Hard,2026-02-27 02:31:25
2598,Salinas,281,Challenger Men Singles,Clay,2026-02-27 02:31:25
2691,Salinas,282,Challenger Men Doubles,Clay,2026-02-27 02:31:25
4017,Salinas 2,282,Challenger Men Doubles,Hard,2026-02-27 02:31:25
4016,Salinas 2,281,Challenger Men Singles,Hard,2026-02-27 02:31:25
1606,Salisbury,271,Itf Women Singles,Hard,2026-02-27 02:31:25
2872,Salvador,281,Challenger Men Singles,Hard,2026-02-27 02:31:25
5514,Salvador De Bahia,281,Challenger Men Singles,Clay,2026-02-27 02:31:25
5512,Salvador De Bahia,282,Challenger Men Doubles,Clay,2026-02-27 02:31:25
4283,Salzburg,282,Challenger Men Doubles,Clay,2026-02-27 02:31:25
2873,Salzburg,281,Challenger Men Singles,Hard,2026-02-27 02:31:25
2432,Samarkand,281,Challenger Men Singles,Clay,2026-02-27 02:31:25
8752,Samarkand,282,Challenger Men Doubles,Clay,2026-02-27 02:31:25
13282,Samsun,272,Challenger Women Singles,Hard,2026-02-27 02:31:25
13283,Samsun,275,Challenger Women Doubles,Hard,2026-02-27 02:31:25
2269,San Antonio,272,Challenger Women Singles,Hard,2026-02-27 02:31:25
13030,San Antonio,275,Challenger Women Doubles,Hard,2026-02-27 02:31:25
2462,San Benedetto,281,Challenger Men Singles,Clay,2026-02-27 02:31:25
7495,San Benedetto,282,Challenger Men Doubles,Clay,2026-02-27 02:31:25
2272,San Carlo Canavese,270,Itf Men Singles,Hard (Indoor),2026-02-27 02:31:25
4672,San Diego,265,Atp Singles,Hard,2026-02-27 02:31:25
2829,San Diego,266,Wta Singles,Hard,2026-02-27 02:31:25
4673,San Diego,267,Atp Doubles,Hard,2026-02-27 02:31:25
8027,San Diego,268,Wta Doubles,Hard,2026-02-27 02:31:25
12259,San Diego,281,Challenger Men Singles,Hard,2026-02-27 02:31:25
12258,San Diego,282,Challenger Men Doubles,Hard,2026-02-27 02:31:25
8869,San Francisco,282,Challenger Men Doubles,Hard (Indoor),2026-02-27 02:31:25
2707,San Francisco,281,Challenger Men Singles,Hard (Indoor),2026-02-27 02:31:25
2551,San Jose,265,Atp Singles,Hard,2026-02-27 02:31:25
3060,San Jose,266,Wta Singles,Hard,2026-02-27 02:31:25
8664,San Jose,267,Atp Doubles,Hard,2026-02-27 02:31:25
3061,San Jose,268,Wta Doubles,Hard,2026-02-27 02:31:25
2874,San Jose,281,Challenger Men Singles,Hard,2026-02-27 02:31:25
3751,San Juan,266,Wta Singles,Hard,2026-02-27 02:31:25
9235,San Juan,268,Wta Doubles,Hard,2026-02-27 02:31:25
2599,San Juan,281,Challenger Men Singles,Clay,2026-02-27 02:31:25
8919,San Juan,282,Challenger Men Doubles,Clay,2026-02-27 02:31:25
2436,San Luis Potosi,282,Challenger Men Doubles,Clay,2026-02-27 02:31:25
1554,San Luis Potosi,271,Itf Women Singles,Hard,2026-02-27 02:31:25
9395,San Luis Potosi,272,Challenger Women Singles,Clay,2026-02-27 02:31:25
9396,San Luis Potosi,275,Challenger Women Doubles,Clay,2026-02-27 02:31:25
2600,San Luis Potosi,281,Challenger Men Singles,Clay,2026-02-27 02:31:25
3696,San Marino,265,Atp Singles,Clay,2026-02-27 02:31:25
3752,San Marino,266,Wta Singles,Clay,2026-02-27 02:31:25
9185,San Marino,267,Atp Doubles,Clay,2026-02-27 02:31:25
9236,San Marino,268,Wta Doubles,Clay,2026-02-27 02:31:25
2601,San Marino,281,Challenger Men Singles,Clay,2026-02-27 02:31:25
2677,San Marino,282,Challenger Men Doubles,Clay,2026-02-27 02:31:25
10886,San Miguel de Tucuman,282,Challenger Men Doubles,Clay,2026-02-27 02:31:25
10890,San Miguel de Tucuman,281,Challenger Men Singles,Clay,2026-02-27 02:31:25
2515,San Remo,271,Itf Women Singles,Clay,2026-02-27 02:31:25
2875,San Remo,281,Challenger Men Singles,Clay,2026-02-27 02:31:25
13204,San Remo,287,Itf Women Doubles,Clay,2026-02-27 02:31:25
2310,San Sebastian,270,Itf Men Singles,Clay,2026-02-27 02:31:25
12990,San Sebastian,272,Challenger Women Singles,Clay,2026-02-27 02:31:25
13023,San Sebastian,275,Challenger Women Doubles,Clay,2026-02-27 02:31:25
2876,San Sebastian,281,Challenger Men Singles,Clay,2026-02-27 02:31:25
1984,San Severo,271,Itf Women Singles,Clay,2026-02-27 02:31:25
8761,Sanremo,264,Itf Men Doubles,Clay,2026-02-27 02:31:25
3796,Sanremo,265,Atp Singles,Clay,2026-02-27 02:31:25
13062,Sanremo,267,Atp Doubles,Clay,2026-02-27 02:31:25
2942,Sanremo,270,Itf Men Singles,Clay,2026-02-27 02:31:25
5405,Sanremo,281,Challenger Men Singles,Clay,2026-02-27 02:31:25
5404,Sanremo,282,Challenger Men Doubles,Clay,2026-02-27 02:31:25
2097,Sant Cugat,270,Itf Men Singles,Clay,2026-02-27 02:31:25
1671,Sant Cugat,271,Itf Women Singles,Clay,2026-02-27 02:31:25
3065,Santa Cristina val Gardena,270,Itf Men Singles,Clay,2026-02-27 02:31:25
11939,Santa Cruz,272,Challenger Women Singles,Clay,2026-02-27 02:31:25
11984,Santa Cruz,275,Challenger Women Doubles,Clay,2026-02-27 02:31:25
5201,Santa Cruz,281,Challenger Men Singles,Clay,2026-02-27 02:31:25
5202,Santa Cruz,282,Challenger Men Doubles,Clay,2026-02-27 02:31:25
5366,Santa Cruz 2,282,Challenger Men Doubles,Clay,2026-02-27 02:31:25
5365,Santa Cruz 2,281,Challenger Men Singles,Clay,2026-02-27 02:31:25
1495,Santa Cruz De La Sierra,271,Itf Women Singles,Clay,2026-02-27 02:31:25
9818,Santa Fe,281,Challenger Men Singles,Clay,2026-02-27 02:31:25
9816,Santa Fe,282,Challenger Men Doubles,Clay,2026-02-27 02:31:25
10294,Santa Fe 2,282,Challenger Men Doubles,Clay,2026-02-27 02:31:25
10296,Santa Fe 2,281,Challenger Men Singles,Clay,2026-02-27 02:31:25
1329,Santa Margarida de Montbui,270,Itf Men Singles,Hard,2026-02-27 02:31:25
2133,Santa Margherita Di Pula,270,Itf Men Singles,Clay,2026-02-27 02:31:25
2150,Santa Margherita Di Pula 10,270,Itf Men Singles,Clay,2026-02-27 02:31:25
2177,Santa Margherita Di Pula 11,270,Itf Men Singles,Clay,2026-02-27 02:31:25
2179,Santa Margherita Di Pula 12,270,Itf Men Singles,Clay,2026-02-27 02:31:25
2180,Santa Margherita Di Pula 13,270,Itf Men Singles,Clay,2026-02-27 02:31:25
2181,Santa Margherita Di Pula 14,270,Itf Men Singles,Clay,2026-02-27 02:31:25
2182,Santa Margherita Di Pula 15,270,Itf Men Singles,Clay,2026-02-27 02:31:25
2184,Santa Margherita Di Pula 16,270,Itf Men Singles,Clay,2026-02-27 02:31:25
2190,Santa Margherita Di Pula 17,270,Itf Men Singles,Clay,2026-02-27 02:31:25
2193,Santa Margherita Di Pula 18,270,Itf Men Singles,Clay,2026-02-27 02:31:25
2194,Santa Margherita Di Pula 19,270,Itf Men Singles,Clay,2026-02-27 02:31:25
2134,Santa Margherita Di Pula 2,270,Itf Men Singles,Clay,2026-02-27 02:31:25
2088,Santa Margherita Di Pula 3,270,Itf Men Singles,Clay,2026-02-27 02:31:25
2091,Santa Margherita Di Pula 4,270,Itf Men Singles,Clay,2026-02-27 02:31:25
2094,Santa Margherita Di Pula 5,270,Itf Men Singles,Clay,2026-02-27 02:31:25
2137,Santa Margherita Di Pula 6,270,Itf Men Singles,Clay,2026-02-27 02:31:25
2138,Santa Margherita Di Pula 7,270,Itf Men Singles,Clay,2026-02-27 02:31:25
2142,Santa Margherita Di Pula 8,270,Itf Men Singles,Clay,2026-02-27 02:31:25
2147,Santa Margherita Di Pula 9,270,Itf Men Singles,Clay,2026-02-27 02:31:25
1712,Santa Maria,270,Itf Men Singles,Clay,2026-02-27 02:31:25
2014,Santa Tecla,270,Itf Men Singles,Clay,2026-02-27 02:31:25
1566,Santander,270,Itf Men Singles,Clay,2026-02-27 02:31:25
8821,Santiago,264,Itf Men Doubles,Clay,2026-02-27 02:31:25
1972,Santiago,270,Itf Men Singles,Clay,2026-02-27 02:31:25
1782,Santiago,271,Itf Women Singles,Clay,2026-02-27 02:31:25
2521,Santiago,281,Challenger Men Singles,Clay,2026-02-27 02:31:25
2522,Santiago,282,Challenger Men Doubles,Clay,2026-02-27 02:31:25
13205,Santiago,287,Itf Women Doubles,Clay,2026-02-27 02:31:25
2371,Santiago 2,282,Challenger Men Doubles,Clay,2026-02-27 02:31:25
8820,Santiago 2,264,Itf Men Doubles,Clay,2026-02-27 02:31:25
1990,Santiago 2,270,Itf Men Singles,Clay,2026-02-27 02:31:25
2367,Santiago 2,281,Challenger Men Singles,Clay,2026-02-27 02:31:25
1997,Santiago 3,270,Itf Men Singles,Clay,2026-02-27 02:31:25
4742,Santiago 3,281,Challenger Men Singles,Clay,2026-02-27 02:31:25
4744,Santiago 3,282,Challenger Men Doubles,Clay,2026-02-27 02:31:25
1801,Santiago 6,270,Itf Men Singles,Clay,2026-02-27 02:31:25
1569,Santiago del Estero,270,Itf Men Singles,Clay,2026-02-27 02:31:25
2650,Santo Domingo,281,Challenger Men Singles,Clay,2026-02-27 02:31:25
7650,Santo Domingo,282,Challenger Men Doubles,Clay,2026-02-27 02:31:25
8731,Santos,282,Challenger Men Doubles,Clay,2026-02-27 02:31:25
1331,Santos,271,Itf Women Singles,Clay,2026-02-27 02:31:25
2355,Santos,281,Challenger Men Singles,Clay,2026-02-27 02:31:25
13094,Santos Open,281,Challenger Men Singles,Clay,2026-02-27 02:31:25
13092,Santos Open,282,Challenger Men Doubles,Clay,2026-02-27 02:31:25
13100,Sanya,287,Itf Women Doubles,Hard,2026-02-27 02:31:25
2089,Sanya,271,Itf Women Singles,Hard,2026-02-27 02:31:25
1469,Sao Jose Do Rio Preto,271,Itf Women Singles,Clay,2026-02-27 02:31:25
2625,Sao Jose Do Rio Preto,281,Challenger Men Singles,Clay,2026-02-27 02:31:25
13034,Sao Jose Do Rio Preto,282,Challenger Men Doubles,Clay,2026-02-27 02:31:25
1540,Sao Jose do Rio Prieto,270,Itf Men Singles,Clay,2026-02-27 02:31:25
1659,Sao Jose dos Campos,270,Itf Men Singles,Clay,2026-02-27 02:31:25
1604,Sao Jose Dos Campos,271,Itf Women Singles,Clay,2026-02-27 02:31:25
2602,Sao Leopoldo,281,Challenger Men Singles,Clay,2026-02-27 02:31:25
8256,Sao Leopoldo,282,Challenger Men Doubles,Clay,2026-02-27 02:31:25
2434,Sao Paulo,282,Challenger Men Doubles,Clay,2026-02-27 02:31:25
8839,Sao Paulo,287,Itf Women Doubles,Clay,2026-02-27 02:31:25
1854,Sao Paulo,265,Atp Singles,Clay (Indoor),2026-02-27 02:31:25
12991,Sao Paulo,266,Wta Singles,Hard,2026-02-27 02:31:25
8680,Sao Paulo,267,Atp Doubles,Clay (Indoor),2026-02-27 02:31:25
13001,Sao Paulo,268,Wta Doubles,Hard,2026-02-27 02:31:25
1551,Sao Paulo,270,Itf Men Singles,Clay,2026-02-27 02:31:25
1988,Sao Paulo,271,Itf Women Singles,Clay,2026-02-27 02:31:25
2603,Sao Paulo,281,Challenger Men Singles,Hard,2026-02-27 02:31:25
3697,Sao Paulo 2,265,Atp Singles,Hard,2026-02-27 02:31:25
3753,Sao Paulo 2,266,Wta Singles,Clay,2026-02-27 02:31:25
9186,Sao Paulo 2,267,Atp Doubles,Clay,2026-02-27 02:31:25
9237,Sao Paulo 2,268,Wta Doubles,Clay,2026-02-27 02:31:25
1751,Sao Paulo 2,270,Itf Men Singles,Clay,2026-02-27 02:31:25
1496,Sao Paulo 2,271,Itf Women Singles,Clay,2026-02-27 02:31:25
2393,Sao Paulo 2,281,Challenger Men Singles,Clay,2026-02-27 02:31:25
8813,Sao Paulo 2,282,Challenger Men Doubles,Clay,2026-02-27 02:31:25
8755,Sao Paulo 3,282,Challenger Men Doubles,Clay,2026-02-27 02:31:25
1672,Sao Paulo 3,271,Itf Women Singles,Clay,2026-02-27 02:31:25
2626,Sao Paulo 3,281,Challenger Men Singles,Clay,2026-02-27 02:31:25
2627,Sao Paulo 4,281,Challenger Men Singles,Clay,2026-02-27 02:31:25
8920,Sao Paulo 4,282,Challenger Men Doubles,Clay,2026-02-27 02:31:25
12050,Sao Paulo 5,282,Challenger Men Doubles,Hard,2026-02-27 02:31:25
12048,Sao Paulo 5,281,Challenger Men Singles,Hard,2026-02-27 02:31:25
3818,Sapporo,266,Wta Singles,Hard,2026-02-27 02:31:25
13084,Sapporo,268,Wta Doubles,Hard,2026-02-27 02:31:25
1392,Sapporo,270,Itf Men Singles,Clay,2026-02-27 02:31:25
3011,Sarajevo,271,Itf Women Singles,Clay,2026-02-27 02:31:25
2604,Sarajevo,281,Challenger Men Singles,Hard,2026-02-27 02:31:25
13035,Sarajevo,282,Challenger Men Doubles,Hard (Indoor),2026-02-27 02:31:25
8811,Sarajevo,287,Itf Women Doubles,Clay,2026-02-27 02:31:25
2877,Saransk,281,Challenger Men Singles,Clay,2026-02-27 02:31:25
3754,Sarasota,266,Wta Singles,Clay,2026-02-27 02:31:25
9238,Sarasota,268,Wta Doubles,Clay,2026-02-27 02:31:25
2480,Sarasota,281,Challenger Men Singles,Clay,2026-02-27 02:31:25
2676,Sarasota,282,Challenger Men Doubles,Clay,2026-02-27 02:31:25
3636,Sardinia,265,Atp Singles,Clay,2026-02-27 02:31:25
3638,Sardinia,267,Atp Doubles,Clay,2026-02-27 02:31:25
1644,Sarreguemines,270,Itf Men Singles,Hard (Indoor),2026-02-27 02:31:25
1426,Sassuolo,270,Itf Men Singles,Clay,2026-02-27 02:31:25
11173,Sassuolo,281,Challenger Men Singles,Clay,2026-02-27 02:31:25
11172,Sassuolo,282,Challenger Men Doubles,Clay,2026-02-27 02:31:25
2682,Savannah,282,Challenger Men Doubles,Clay,2026-02-27 02:31:25
2605,Savannah,281,Challenger Men Singles,Clay,2026-02-27 02:31:25
1499,Savitaipale,271,Itf Women Singles,Clay,2026-02-27 02:31:25
3698,Schenectady,265,Atp Singles,Hard,2026-02-27 02:31:25
3755,Schenectady,266,Wta Singles,Hard,2026-02-27 02:31:25
9187,Schenectady,267,Atp Doubles,Hard,2026-02-27 02:31:25
9239,Schenectady,268,Wta Doubles,Hard,2026-02-27 02:31:25
2405,Scheveningen,281,Challenger Men Singles,Clay,2026-02-27 02:31:25
8745,Scheveningen,282,Challenger Men Doubles,Clay,2026-02-27 02:31:25
13168,Schwieberdingen,264,Itf Men Doubles,Hard (Indoor),2026-02-27 02:31:25
1811,Schwieberdingen,270,Itf Men Singles,Hard (Indoor),2026-02-27 02:31:25
3175,Scottsdale,265,Atp Singles,Hard,2026-02-27 02:31:25
3756,Scottsdale,266,Wta Singles,Hard,2026-02-27 02:31:25
9188,Scottsdale,267,Atp Doubles,Hard,2026-02-27 02:31:25
3772,Scottsdale,268,Wta Doubles,Hard,2026-02-27 02:31:25
2252,Scottsdale,271,Itf Women Singles,Hard,2026-02-27 02:31:25
3757,Scottsdale 2,266,Wta Singles,Hard,2026-02-27 02:31:25
9240,Scottsdale 2,268,Wta Doubles,Hard,2026-02-27 02:31:25
2063,Seefeld,270,Itf Men Singles,Clay,2026-02-27 02:31:25
2427,Segovia,281,Challenger Men Singles,Hard,2026-02-27 02:31:25
2428,Segovia,282,Challenger Men Doubles,Hard,2026-02-27 02:31:25
8021,Seoul,282,Challenger Men Doubles,Hard,2026-02-27 02:31:25
3699,Seoul,265,Atp Singles,Hard,2026-02-27 02:31:25
1222,Seoul,266,Wta Singles,Hard,2026-02-27 02:31:25
7905,Seoul,267,Atp Doubles,Hard,2026-02-27 02:31:25
7860,Seoul,268,Wta Doubles,hard,2026-02-27 02:31:25
1998,Seoul,270,Itf Men Singles,Hard,2026-02-27 02:31:25
2141,Seoul,271,Itf Women Singles,Hard,2026-02-27 02:31:25
5134,Seoul,272,Challenger Women Singles,Hard,2026-02-27 02:31:25
5139,Seoul,275,Challenger Women Doubles,Hard (Indoor),2026-02-27 02:31:25
2516,Seoul,281,Challenger Men Singles,Hard,2026-02-27 02:31:25
2008,Seoul 2,270,Itf Men Singles,Hard,2026-02-27 02:31:25
1642,Sevilla,270,Itf Men Singles,Clay,2026-02-27 02:31:25
1693,Sevilla,271,Itf Women Singles,Clay,2026-02-27 02:31:25
9032,Sevilla,287,Itf Women Doubles,Clay,2026-02-27 02:31:25
2375,Seville,282,Challenger Men Doubles,Clay,2026-02-27 02:31:25
2396,Seville,281,Challenger Men Singles,Clay,2026-02-27 02:31:25
1667,Shanghai,265,Atp Singles,Hard,2026-02-27 02:31:25
3758,Shanghai,266,Wta Singles,Hard,2026-02-27 02:31:25
8656,Shanghai,267,Atp Doubles,Hard,2026-02-27 02:31:25
9241,Shanghai,268,Wta Doubles,Hard,2026-02-27 02:31:25
2356,Shanghai,281,Challenger Men Singles,Hard,2026-02-27 02:31:25
8728,Shanghai,282,Challenger Men Doubles,Hard,2026-02-27 02:31:25
3700,Shanghai 2,265,Atp Singles,Hard,2026-02-27 02:31:25
9189,Shanghai 2,267,Atp Doubles,Hard,2026-02-27 02:31:25
1818,Sharm El Sheikh,271,Itf Women Singles,Hard,2026-02-27 02:31:25
1933,Sharm El Sheikh 10,271,Itf Women Singles,Hard,2026-02-27 02:31:25
1827,Sharm El Sheikh 2,271,Itf Women Singles,Hard,2026-02-27 02:31:25
2066,Sharm El Sheikh 29,271,Itf Women Singles,Hard,2026-02-27 02:31:25
1838,Sharm El Sheikh 3,271,Itf Women Singles,Hard,2026-02-27 02:31:25
1850,Sharm El Sheikh 4,271,Itf Women Singles,Hard,2026-02-27 02:31:25
2117,Sharm El Sheikh 45,271,Itf Women Singles,Clay,2026-02-27 02:31:25
2687,Sharm El Sheikh 5,271,Itf Women Singles,Hard,2026-02-27 02:31:25
1881,Sharm El Sheikh 6,271,Itf Women Singles,Hard,2026-02-27 02:31:25
1645,Sharm El Sheikh 8,271,Itf Women Singles,Hard,2026-02-27 02:31:25
1909,Sharm El Sheikh 9,271,Itf Women Singles,Hard,2026-02-27 02:31:25
8808,Sheffield,264,Itf Men Doubles,Hard,2026-02-27 02:31:25
1839,Sheffield,270,Itf Men Singles,Hard (Indoor),2026-02-27 02:31:25
2087,Sheffield 2,270,Itf Men Singles,Hard,2026-02-27 02:31:25
1368,Shenyang,270,Itf Men Singles,Hard,2026-02-27 02:31:25
1393,Shenyang 2,270,Itf Men Singles,Hard,2026-02-27 02:31:25
8974,Shenzhen,264,Itf Men Doubles,Hard,2026-02-27 02:31:25
2237,Shenzhen,265,Atp Singles,Hard,2026-02-27 02:31:25
1806,Shenzhen,266,Wta Singles,Hard,2026-02-27 02:31:25
8695,Shenzhen,267,Atp Doubles,Hard,2026-02-27 02:31:25
8677,Shenzhen,268,Wta Doubles,Hard,2026-02-27 02:31:25
2943,Shenzhen,270,Itf Men Singles,Hard,2026-02-27 02:31:25
2274,Shenzhen,271,Itf Women Singles,Hard,2026-02-27 02:31:25
2458,Shenzhen,281,Challenger Men Singles,Hard,2026-02-27 02:31:25
8765,Shenzhen,282,Challenger Men Doubles,Hard,2026-02-27 02:31:25
8889,Shenzhen 2,282,Challenger Men Doubles,Hard,2026-02-27 02:31:25
13169,Shenzhen 2,264,Itf Men Doubles,Hard,2026-02-27 02:31:25
2944,Shenzhen 2,270,Itf Men Singles,Hard,2026-02-27 02:31:25
2534,Shenzhen 2,271,Itf Women Singles,Hard,2026-02-27 02:31:25
2789,Shenzhen 2,281,Challenger Men Singles,Hard,2026-02-27 02:31:25
10292,Shenzhen 3,281,Challenger Men Singles,Hard,2026-02-27 02:31:25
10293,Shenzhen 3,282,Challenger Men Doubles,Hard,2026-02-27 02:31:25
13338,Shenzhen 4,281,Challenger Men Singles,Hard,2026-02-27 02:31:25
13335,Shenzhen 4,282,Challenger Men Doubles,Hard,2026-02-27 02:31:25
13104,Sherbrooke,264,Itf Men Doubles,Hard,2026-02-27 02:31:25
1920,Sherbrooke,270,Itf Men Singles,Hard (Indoor),2026-02-27 02:31:25
1908,Shrewsbury,270,Itf Men Singles,Hard (Indoor),2026-02-27 02:31:25
3108,Shrewsbury,271,Itf Women Singles,Hard (Indoor),2026-02-27 02:31:25
8795,Shymkent,264,Itf Men Doubles,Hard,2026-02-27 02:31:25
2662,Shymkent,270,Itf Men Singles,Hard,2026-02-27 02:31:25
1996,Shymkent,271,Itf Women Singles,Clay,2026-02-27 02:31:25
2753,Shymkent,281,Challenger Men Singles,Clay,2026-02-27 02:31:25
5502,Shymkent,282,Challenger Men Doubles,Clay,2026-02-27 02:31:25
5585,Shymkent 2,282,Challenger Men Doubles,Clay,2026-02-27 02:31:25
2006,Shymkent 2,271,Itf Women Singles,Clay,2026-02-27 02:31:25
3133,Shymkent 2,281,Challenger Men Singles,Clay,2026-02-27 02:31:25
2058,Shymkent 5,271,Itf Women Singles,Clay,2026-02-27 02:31:25
1974,Sibenik,271,Itf Women Singles,Clay,2026-02-27 02:31:25
2357,Sibiu,281,Challenger Men Singles,Clay,2026-02-27 02:31:25
2373,Sibiu,282,Challenger Men Doubles,Clay,2026-02-27 02:31:25
1611,Siena,270,Itf Men Singles,Clay,2026-02-27 02:31:25
3701,Singapore,265,Atp Singles,Hard (Indoor),2026-02-27 02:31:25
1226,Singapore,266,Wta Singles,Hard,2026-02-27 02:31:25
3768,Singapore,267,Atp Doubles,Hard (Indoor),2026-02-27 02:31:25
9242,Singapore,268,Wta Doubles,Hard,2026-02-27 02:31:25
3032,Singapore,276,Exhibition Women,Hard (Indoor),2026-02-27 02:31:25
2606,Singapore,281,Challenger Men Singles,Hard,2026-02-27 02:31:25
11893,Sioux Falls,281,Challenger Men Singles,Hard (Indoor),2026-02-27 02:31:25
11892,Sioux Falls,282,Challenger Men Doubles,Hard (Indoor),2026-02-27 02:31:25
11852,Six Kings Slam,283,Exhibition Men,Hard (Indoor),2026-02-27 02:31:25
9599,Skopje,282,Challenger Men Doubles,Clay,2026-02-27 02:31:25
9598,Skopje,281,Challenger Men Singles,Clay,2026-02-27 02:31:25
1302,Sobota,270,Itf Men Singles,Clay,2026-02-27 02:31:25
2172,Sobota-Rokietnica,271,Itf Women Singles,Clay,2026-02-27 02:31:25
2261,Sofia,265,Atp Singles,Hard (Indoor),2026-02-27 02:31:25
1744,Sofia,266,Wta Singles,Hard (Indoor),2026-02-27 02:31:25
2262,Sofia,267,Atp Doubles,Hard (Indoor),2026-02-27 02:31:25
2031,Sofia,270,Itf Men Singles,Clay,2026-02-27 02:31:25
1608,Sofia,271,Itf Women Singles,Clay,2026-02-27 02:31:25
2878,Sofia,281,Challenger Men Singles,Clay,2026-02-27 02:31:25
12862,Sofia,282,Challenger Men Doubles,Clay,2026-02-27 02:31:25
12899,Sofia 2,281,Challenger Men Singles,Clay,2026-02-27 02:31:25
12910,Sofia 2,282,Challenger Men Doubles,Clay,2026-02-27 02:31:25
9033,Solapur,287,Itf Women Doubles,Hard,2026-02-27 02:31:25
3012,Solapur,271,Itf Women Singles,Hard,2026-02-27 02:31:25
8975,Solin,264,Itf Men Doubles,Clay,2026-02-27 02:31:25
1675,Solin,270,Itf Men Singles,Clay,2026-02-27 02:31:25
13480,Soma Bay,281,Challenger Men Singles,Hard,2026-02-27 02:31:25
13481,Soma Bay,282,Challenger Men Doubles,Hard,2026-02-27 02:31:25
13616,Soma Bay 2,281,Challenger Men Singles,Hard,2026-02-27 02:31:25
13613,Soma Bay 2,282,Challenger Men Doubles,Hard,2026-02-27 02:31:25
2122,Sondrio,270,Itf Men Singles,Hard (Indoor),2026-02-27 02:31:25
2721,Sophia Antipolis,281,Challenger Men Singles,Clay,2026-02-27 02:31:25
8871,Sophia Antipolis,282,Challenger Men Doubles,Clay,2026-02-27 02:31:25
9052,Sopot,282,Challenger Men Doubles,Clay,2026-02-27 02:31:25
3169,Sopot,265,Atp Singles,Clay,2026-02-27 02:31:25
3759,Sopot,266,Wta Singles,Clay,2026-02-27 02:31:25
9190,Sopot,267,Atp Doubles,Clay,2026-02-27 02:31:25
9243,Sopot,268,Wta Doubles,Clay,2026-02-27 02:31:25
2879,Sopot,281,Challenger Men Singles,Clay,2026-02-27 02:31:25
2767,Southsea,271,Itf Women Singles,Grass,2026-02-27 02:31:25
3702,Split,265,Atp Singles,Hard (Indoor),2026-02-27 02:31:25
9191,Split,267,Atp Doubles,Hard (Indoor),2026-02-27 02:31:25
3621,Split,281,Challenger Men Singles,Clay,2026-02-27 02:31:25
3622,Split,282,Challenger Men Doubles,Clay,2026-02-27 02:31:25
9293,Split 2,282,Challenger Men Doubles,Clay,2026-02-27 02:31:25
4178,Split 2,281,Challenger Men Singles,Clay,2026-02-27 02:31:25
1617,St. Petersburg,265,Atp Singles,Hard (Indoor),2026-02-27 02:31:25
2263,St. Petersburg,266,Wta Singles,Hard (Indoor),2026-02-27 02:31:25
1618,St. Petersburg,267,Atp Doubles,Hard (Indoor),2026-02-27 02:31:25
2264,St. Petersburg,268,Wta Doubles,Hard (Indoor),2026-02-27 02:31:25
2318,St. Petersburg,271,Itf Women Singles,Hard (Indoor),2026-02-27 02:31:25
3930,St. Petersburg,281,Challenger Men Singles,Hard (Indoor),2026-02-27 02:31:25
3927,St. Petersburg,282,Challenger Men Doubles,Hard (Indoor),2026-02-27 02:31:25
13206,St. Petersburg,287,Itf Women Doubles,Clay,2026-02-27 02:31:25
9278,St. Petersburg 2,282,Challenger Men Doubles,Hard (Indoor),2026-02-27 02:31:25
1563,St. Petersburg 2,271,Itf Women Singles,Clay,2026-02-27 02:31:25
4179,St. Petersburg 2,281,Challenger Men Singles,Hard (Indoor),2026-02-27 02:31:25
1803,St. Petersburg 3,271,Itf Women Singles,Hard (Indoor),2026-02-27 02:31:25
1562,St. Poelten,270,Itf Men Singles,Clay,2026-02-27 02:31:25
2376,St. Remy,281,Challenger Men Singles,Hard,2026-02-27 02:31:25
8722,St. Remy,282,Challenger Men Doubles,Hard,2026-02-27 02:31:25
4542,St. Tropez,282,Challenger Men Doubles,Hard,2026-02-27 02:31:25
4541,St. Tropez,281,Challenger Men Singles,Hard,2026-02-27 02:31:25
1202,Stanford,266,Wta Singles,hard,2026-02-27 02:31:25
8645,Stanford,268,Wta Doubles,hard,2026-02-27 02:31:25
9979,Stanford,272,Challenger Women Singles,Hard,2026-02-27 02:31:25
9983,Stanford,275,Challenger Women Doubles,Hard,2026-02-27 02:31:25
9980,Stanford,281,Challenger Men Singles,Hard,2026-02-27 02:31:25
9981,Stanford,282,Challenger Men Doubles,Hard,2026-02-27 02:31:25
3139,Stare Splavy,271,Itf Women Singles,Clay,2026-02-27 02:31:25
1681,Stockholm,265,Atp Singles,Hard (Indoor),2026-02-27 02:31:25
3760,Stockholm,266,Wta Singles,Hard,2026-02-27 02:31:25
1686,Stockholm,267,Atp Doubles,Hard (Indoor),2026-02-27 02:31:25
9244,Stockholm,268,Wta Doubles,Hard,2026-02-27 02:31:25
1718,Stockholm,271,Itf Women Singles,Hard (Indoor),2026-02-27 02:31:25
1740,Stockholm 2,271,Itf Women Singles,Hard (Indoor),2026-02-27 02:31:25
2226,Stockton,271,Itf Women Singles,Hard,2026-02-27 02:31:25
2358,Stockton,281,Challenger Men Singles,Hard,2026-02-27 02:31:25
8720,Stockton,282,Challenger Men Doubles,Hard,2026-02-27 02:31:25
2021,Strasbourg,266,Wta Singles,Clay,2026-02-27 02:31:25
1296,Strasbourg,268,Wta Doubles,Clay,2026-02-27 02:31:25
2068,Stuttgart,265,Atp Singles,Clay,2026-02-27 02:31:25
1977,Stuttgart,266,Wta Singles,Clay (Indoor),2026-02-27 02:31:25
2214,Stuttgart,267,Atp Doubles,Grass,2026-02-27 02:31:25
1981,Stuttgart,268,Wta Doubles,Clay (Indoor),2026-02-27 02:31:25
3703,Stuttgart 1,265,Atp Singles,Hard,2026-02-27 02:31:25
9192,Stuttgart 1,267,Atp Doubles,Hard,2026-02-27 02:31:25
8976,Stuttgart-Stammheim,264,Itf Men Doubles,Hard,2026-02-27 02:31:25
1823,Stuttgart-Stammheim,270,Itf Men Singles,Hard (Indoor),2026-02-27 02:31:25
2327,Stuttgart-Stammheim,271,Itf Women Singles,Hard (Indoor),2026-02-27 02:31:25
2061,Stuttgart-Vaihingen,271,Itf Women Singles,Clay,2026-02-27 02:31:25
13113,Sucre,264,Itf Men Doubles,Clay,2026-02-27 02:31:25
2668,Sucre,270,Itf Men Singles,Clay,2026-02-27 02:31:25
12866,Sumter,281,Challenger Men Singles,Hard,2026-02-27 02:31:25
12890,Sumter,282,Challenger Men Doubles,Hard,2026-02-27 02:31:25
2100,Sunderland 2,270,Itf Men Singles,Hard (Indoor),2026-02-27 02:31:25
13170,Sunrise,264,Itf Men Doubles,Clay,2026-02-27 02:31:25
1821,Sunrise,270,Itf Men Singles,Clay,2026-02-27 02:31:25
2880,Sunrise,281,Challenger Men Singles,Hard,2026-02-27 02:31:25
2123,Sunrise 2,270,Itf Men Singles,Clay,2026-02-27 02:31:25
2132,Sunrise 3,270,Itf Men Singles,Clay,2026-02-27 02:31:25
2219,Surbiton,271,Itf Women Singles,Grass,2026-02-27 02:31:25
2513,Surbiton,281,Challenger Men Singles,Grass,2026-02-27 02:31:25
7148,Surbiton,282,Challenger Men Doubles,Grass,2026-02-27 02:31:25
9035,Surprise,287,Itf Women Doubles,Hard,2026-02-27 02:31:25
1880,Surprise,271,Itf Women Singles,Hard,2026-02-27 02:31:25
1910,Sutton,271,Itf Women Singles,Hard,2026-02-27 02:31:25
8798,Sutton,287,Itf Women Doubles,Hard,2026-02-27 02:31:25
8744,Suzhou,282,Challenger Men Doubles,Hard,2026-02-27 02:31:25
2243,Suzhou,271,Itf Women Singles,Hard,2026-02-27 02:31:25
2079,Suzhou,272,Challenger Women Singles,Hard,2026-02-27 02:31:25
8687,Suzhou,275,Challenger Women Doubles,Hard,2026-02-27 02:31:25
2422,Suzhou,281,Challenger Men Singles,Hard,2026-02-27 02:31:25
1810,Sydney,265,Atp Singles,Hard,2026-02-27 02:31:25
1809,Sydney,266,Wta Singles,Hard,2026-02-27 02:31:25
1232,Sydney,267,Atp Doubles,Hard,2026-02-27 02:31:25
1233,Sydney,268,Wta Doubles,Hard,2026-02-27 02:31:25
1889,Sydney,271,Itf Women Singles,Hard,2026-02-27 02:31:25
2628,Sydney,281,Challenger Men Singles,Hard,2026-02-27 02:31:25
8162,Sydney,282,Challenger Men Doubles,Hard,2026-02-27 02:31:25
3704,Sydney 2,265,Atp Singles,Hard (Indoor),2026-02-27 02:31:25
9193,Sydney 2,267,Atp Doubles,Hard (Indoor),2026-02-27 02:31:25
1901,Sydney 2,271,Itf Women Singles,Hard,2026-02-27 02:31:25
2359,Szczecin,281,Challenger Men Singles,Clay,2026-02-27 02:31:25
2374,Szczecin,282,Challenger Men Doubles,Clay,2026-02-27 02:31:25
2291,Szeged,271,Itf Women Singles,Clay,2026-02-27 02:31:25
3182,Szekesfehervar,271,Itf Women Singles,Clay (Indoor),2026-02-27 02:31:25
9336,Szekesfehervar,281,Challenger Men Singles,Clay (Indoor),2026-02-27 02:31:25
9343,Szekesfehervar,282,Challenger Men Doubles,Clay (Indoor),2026-02-27 02:31:25
3188,Szekesfehervar 2,271,Itf Women Singles,Clay (Indoor),2026-02-27 02:31:25
3797,Taipei,265,Atp Singles,Hard (Indoor),2026-02-27 02:31:25
2807,Taipei,266,Wta Singles,Hard (Indoor),2026-02-27 02:31:25
13063,Taipei,267,Atp Doubles,Hard (Indoor),2026-02-27 02:31:25
8893,Taipei,268,Wta Doubles,Hard (Indoor),2026-02-27 02:31:25
2107,Taipei,271,Itf Women Singles,Hard,2026-02-27 02:31:25
1728,Taipei,272,Challenger Women Singles,Hard (Indoor),2026-02-27 02:31:25
8675,Taipei,275,Challenger Women Doubles,Hard (Indoor),2026-02-27 02:31:25
2429,Taipei,281,Challenger Men Singles,Hard (Indoor),2026-02-27 02:31:25
8838,Taipei,282,Challenger Men Doubles,Hard (Indoor),2026-02-27 02:31:25
13207,Taipei,287,Itf Women Doubles,Hard,2026-02-27 02:31:25
11890,Taipei 2,282,Challenger Men Doubles,Hard,2026-02-27 02:31:25
3761,Taipei 2,266,Wta Singles,Hard,2026-02-27 02:31:25
9245,Taipei 2,268,Wta Doubles,Hard,2026-02-27 02:31:25
11891,Taipei 2,281,Challenger Men Singles,Hard,2026-02-27 02:31:25
13171,Talca,264,Itf Men Doubles,Hard,2026-02-27 02:31:25
2945,Talca,270,Itf Men Singles,Hard,2026-02-27 02:31:25
2255,Tallahassee,270,Itf Men Singles,Hard (Indoor),2026-02-27 02:31:25
2446,Tallahassee,281,Challenger Men Singles,Clay,2026-02-27 02:31:25
2447,Tallahassee,282,Challenger Men Doubles,Clay,2026-02-27 02:31:25
9036,Tallinn,287,Itf Women Doubles,Hard,2026-02-27 02:31:25
7904,Tallinn,266,Wta Singles,Hard,2026-02-27 02:31:25
7909,Tallinn,268,Wta Doubles,Hard,2026-02-27 02:31:25
3013,Tallinn,271,Itf Women Singles,Hard,2026-02-27 02:31:25
3819,Tampa,266,Wta Singles,Clay,2026-02-27 02:31:25
13085,Tampa,268,Wta Doubles,Clay,2026-02-27 02:31:25
1293,Tampa,270,Itf Men Singles,Clay,2026-02-27 02:31:25
1481,Tampere,271,Itf Women Singles,Clay,2026-02-27 02:31:25
2408,Tampere,281,Challenger Men Singles,Clay,2026-02-27 02:31:25
2409,Tampere,282,Challenger Men Doubles,Clay,2026-02-27 02:31:25
2186,Tampico,271,Itf Women Singles,Hard,2026-02-27 02:31:25
8107,Tampico,272,Challenger Women Singles,Hard,2026-02-27 02:31:25
8110,Tampico,275,Challenger Women Doubles,Hard,2026-02-27 02:31:25
2629,Tanger,281,Challenger Men Singles,Clay,2026-02-27 02:31:25
13038,Tanger,282,Challenger Men Doubles,Clay,2026-02-27 02:31:25
2026,Tarakan,271,Itf Women Singles,Hard (Indoor),2026-02-27 02:31:25
3762,Taranto,266,Wta Singles,Clay,2026-02-27 02:31:25
9246,Taranto,268,Wta Doubles,Clay,2026-02-27 02:31:25
12993,Targu Mures,281,Challenger Men Singles,Clay,2026-02-27 02:31:25
12996,Targu Mures,282,Challenger Men Doubles,Clay,2026-02-27 02:31:25
13227,Targu Mures 2,281,Challenger Men Singles,Clay,2026-02-27 02:31:25
13233,Targu Mures 2,282,Challenger Men Doubles,Clay,2026-02-27 02:31:25
2266,Tarragona,270,Itf Men Singles,Clay,2026-02-27 02:31:25
2881,Tarragona,281,Challenger Men Singles,Clay,2026-02-27 02:31:25
3705,Tashkent,265,Atp Singles,Hard,2026-02-27 02:31:25
1596,Tashkent,266,Wta Singles,Hard,2026-02-27 02:31:25
9140,Tashkent,267,Atp Doubles,Hard,2026-02-27 02:31:25
8649,Tashkent,268,Wta Doubles,hard,2026-02-27 02:31:25
2336,Tashkent,281,Challenger Men Singles,Hard,2026-02-27 02:31:25
8717,Tashkent,282,Challenger Men Doubles,Hard,2026-02-27 02:31:25
1545,Tatranska Lomnica / Poprad,270,Itf Men Singles,Clay,2026-02-27 02:31:25
1935,Taverne,270,Itf Men Singles,Hard (Indoor),2026-02-27 02:31:25
3014,Tbilisi,271,Itf Women Singles,Clay,2026-02-27 02:31:25
12496,Tbilisi,281,Challenger Men Singles,Hard,2026-02-27 02:31:25
12497,Tbilisi,282,Challenger Men Doubles,Hard,2026-02-27 02:31:25
13172,Tehuacan,264,Itf Men Doubles,Hard,2026-02-27 02:31:25
1860,Tehuacan,270,Itf Men Singles,Hard,2026-02-27 02:31:25
1348,Tekirdag,270,Itf Men Singles,Hard,2026-02-27 02:31:25
3706,Tel Aviv,265,Atp Singles,Hard,2026-02-27 02:31:25
7906,Tel Aviv,267,Atp Doubles,Hard,2026-02-27 02:31:25
3205,Telde,270,Itf Men Singles,Clay,2026-02-27 02:31:25
1427,Telfs,270,Itf Men Singles,Clay,2026-02-27 02:31:25
2708,Tempe,281,Challenger Men Singles,Hard,2026-02-27 02:31:25
8870,Tempe,282,Challenger Men Doubles,Hard,2026-02-27 02:31:25
2779,Templeton,271,Itf Women Singles,Hard,2026-02-27 02:31:25
13114,Temuco,264,Itf Men Doubles,Hard,2026-02-27 02:31:25
2946,Temuco,270,Itf Men Singles,Hard,2026-02-27 02:31:25
1776,Temuco,271,Itf Women Singles,Clay,2026-02-27 02:31:25
8312,Temuco,281,Challenger Men Singles,Hard,2026-02-27 02:31:25
8324,Temuco,282,Challenger Men Doubles,Hard,2026-02-27 02:31:25
4868,Tenerife,282,Challenger Men Doubles,Hard,2026-02-27 02:31:25
4778,Tenerife,266,Wta Singles,Hard,2026-02-27 02:31:25
4781,Tenerife,268,Wta Doubles,Hard,2026-02-27 02:31:25
2882,Tenerife,281,Challenger Men Singles,Hard,2026-02-27 02:31:25
8542,Tenerife 2,281,Challenger Men Singles,Hard,2026-02-27 02:31:25
8538,Tenerife 2,282,Challenger Men Doubles,Hard,2026-02-27 02:31:25
8553,Tenerife 3,282,Challenger Men Doubles,Hard,2026-02-27 02:31:25
8554,Tenerife 3,281,Challenger Men Singles,Hard,2026-02-27 02:31:25
3031,Tennis Classics,283,Exhibition Men,Hard (Indoor),2026-02-27 02:31:25
1275,Teplice,270,Itf Men Singles,Clay,2026-02-27 02:31:25
3015,Tessenderlo,271,Itf Women Singles,Clay,2026-02-27 02:31:25
3513,Thiem's Seven,283,Exhibition Men,Clay,2026-02-27 02:31:25
12286,Thionville,281,Challenger Men Singles,Hard (Indoor),2026-02-27 02:31:25
12289,Thionville,282,Challenger Men Doubles,Hard (Indoor),2026-02-27 02:31:25
8921,Tianjin,282,Challenger Men Doubles,Hard,2026-02-27 02:31:25
2242,Tianjin,266,Wta Singles,Hard,2026-02-27 02:31:25
8697,Tianjin,268,Wta Doubles,Hard,2026-02-27 02:31:25
2280,Tianjin,271,Itf Women Singles,Hard,2026-02-27 02:31:25
2641,Tianjin,281,Challenger Men Singles,Hard,2026-02-27 02:31:25
2360,Tiburon,281,Challenger Men Singles,Hard,2026-02-27 02:31:25
7964,Tiburon,282,Challenger Men Doubles,Hard,2026-02-27 02:31:25
2813,Tie Break Tens,283,Exhibition Men,Hard,2026-02-27 02:31:25
9333,Tie Break Tens,289,Exhibition Mixed Doubles,Hard,2026-02-27 02:31:25
2747,Tie Break Tens,276,Exhibition Women,Clay,2026-02-27 02:31:25
7345,Tigre,281,Challenger Men Singles,Clay,2026-02-27 02:31:25
8471,Tigre,282,Challenger Men Doubles,Clay,2026-02-27 02:31:25
8483,Tigre 2,282,Challenger Men Doubles,Clay,2026-02-27 02:31:25
7344,Tigre 2,281,Challenger Men Singles,Clay,2026-02-27 02:31:25
1836,Tijuana,270,Itf Men Singles,Hard,2026-02-27 02:31:25
2027,Timisoara,271,Itf Women Singles,Clay,2026-02-27 02:31:25
2607,Timisoara,281,Challenger Men Singles,Clay,2026-02-27 02:31:25
8877,Timisoara,282,Challenger Men Doubles,Clay,2026-02-27 02:31:25
2105,Tipton,270,Itf Men Singles,Hard (Indoor),2026-02-27 02:31:25
3129,Tlemcen,271,Itf Women Singles,Clay,2026-02-27 02:31:25
8844,Tlemcen,287,Itf Women Doubles,Clay,2026-02-27 02:31:25
2671,Todi,282,Challenger Men Doubles,Clay,2026-02-27 02:31:25
1549,Todi,271,Itf Women Singles,Clay,2026-02-27 02:31:25
2608,Todi,281,Challenger Men Singles,Clay,2026-02-27 02:31:25
1223,Tokyo,265,Atp Singles,Hard,2026-02-27 02:31:25
3076,Tokyo,266,Wta Singles,Hard (Indoor),2026-02-27 02:31:25
7962,Tokyo,267,Atp Doubles,Hard,2026-02-27 02:31:25
7861,Tokyo,268,Wta Doubles,Hard (Indoor),2026-02-27 02:31:25
1356,Tokyo,271,Itf Women Singles,Hard,2026-02-27 02:31:25
3707,Tokyo 2,265,Atp Singles,Hard (Indoor),2026-02-27 02:31:25
2234,Tokyo 2,266,Wta Singles,Hard,2026-02-27 02:31:25
9194,Tokyo 2,267,Atp Doubles,Hard (Indoor),2026-02-27 02:31:25
8703,Tokyo 2,268,Wta Doubles,Hard,2026-02-27 02:31:25
3127,Tokyo 3,266,Wta Singles,Hard,2026-02-27 02:31:25
9065,Tokyo 3,268,Wta Doubles,Hard,2026-02-27 02:31:25
3763,Tokyo 4,266,Wta Singles,Hard (Indoor),2026-02-27 02:31:25
9247,Tokyo 4,268,Wta Doubles,Hard,2026-02-27 02:31:25
1369,Tokyo-Akishima,270,Itf Men Singles,Grass,2026-02-27 02:31:25
13223,Tolentino,272,Challenger Women Singles,Clay,2026-02-27 02:31:25
13225,Tolentino,275,Challenger Women Doubles,Clay,2026-02-27 02:31:25
13173,Toowoomba,264,Itf Men Doubles,Hard,2026-02-27 02:31:25
2947,Toowoomba,270,Itf Men Singles,Hard,2026-02-27 02:31:25
1436,Torino,271,Itf Women Singles,Clay,2026-02-27 02:31:25
1531,Toronto,265,Atp Singles,Hard,2026-02-27 02:31:25
2077,Toronto,266,Wta Singles,Hard,2026-02-27 02:31:25
1507,Toronto,267,Atp Doubles,Hard,2026-02-27 02:31:25
7609,Toronto,268,Wta Doubles,hard,2026-02-27 02:31:25
1583,Toronto,270,Itf Men Singles,Clay,2026-02-27 02:31:25
2108,Toronto,271,Itf Women Singles,Hard (Indoor),2026-02-27 02:31:25
3798,Toronto 2,265,Atp Singles,Hard (Indoor),2026-02-27 02:31:25
13064,Toronto 2,267,Atp Doubles,Hard (Indoor),2026-02-27 02:31:25
1601,Toronto 2,270,Itf Men Singles,Hard,2026-02-27 02:31:25
1954,Torrent,271,Itf Women Singles,Clay,2026-02-27 02:31:25
9037,Torrent,287,Itf Women Doubles,Clay,2026-02-27 02:31:25
3132,Torun,271,Itf Women Singles,Clay,2026-02-27 02:31:25
1390,Toulon,270,Itf Men Singles,Clay,2026-02-27 02:31:25
3708,Toulouse,265,Atp Singles,Hard (Indoor),2026-02-27 02:31:25
9195,Toulouse,267,Atp Doubles,Hard (Indoor),2026-02-27 02:31:25
7747,Toulouse,281,Challenger Men Singles,Clay,2026-02-27 02:31:25
7745,Toulouse,282,Challenger Men Doubles,Clay,2026-02-27 02:31:25
8784,Toyota,282,Challenger Men Doubles,Hard (Indoor),2026-02-27 02:31:25
13208,Toyota,287,Itf Women Doubles,Hard,2026-02-27 02:31:25
2118,Toyota,271,Itf Women Singles,Hard (Indoor),2026-02-27 02:31:25
2530,Toyota,281,Challenger Men Singles,Hard (Indoor),2026-02-27 02:31:25
1316,Trabzon,271,Itf Women Singles,Hard,2026-02-27 02:31:25
2090,Trabzon 2,271,Itf Women Singles,Hard,2026-02-27 02:31:25
2883,Trani,281,Challenger Men Singles,Clay,2026-02-27 02:31:25
1716,Traralgon,270,Itf Men Singles,Hard,2026-02-27 02:31:25
1719,Traralgon,271,Itf Women Singles,Hard,2026-02-27 02:31:25
2491,Traralgon,281,Challenger Men Singles,Hard,2026-02-27 02:31:25
2431,Traralgon,282,Challenger Men Doubles,Hard,2026-02-27 02:31:25
13031,Traralgon 2,282,Challenger Men Doubles,Hard,2026-02-27 02:31:25
2520,Traralgon 2,281,Challenger Men Singles,Hard,2026-02-27 02:31:25
8834,Trento,264,Itf Men Doubles,Hard,2026-02-27 02:31:25
1940,Trento,270,Itf Men Singles,Hard (Indoor),2026-02-27 02:31:25
8977,Trichy,264,Itf Men Doubles,Clay,2026-02-27 02:31:25
1912,Trichy,270,Itf Men Singles,Clay,2026-02-27 02:31:25
1435,Trier,270,Itf Men Singles,Clay,2026-02-27 02:31:25
13174,Trieste,264,Itf Men Doubles,Clay,2026-02-27 02:31:25
1584,Trieste,270,Itf Men Singles,Clay,2026-02-27 02:31:25
1595,Trieste,271,Itf Women Singles,Clay,2026-02-27 02:31:25
3557,Trieste,281,Challenger Men Singles,Clay,2026-02-27 02:31:25
3556,Trieste,282,Challenger Men Doubles,Clay,2026-02-27 02:31:25
9038,Trimbach,287,Itf Women Doubles,Clay,2026-02-27 02:31:25
3016,Trimbach,271,Itf Women Singles,Clay,2026-02-27 02:31:25
2149,Trnava,271,Itf Women Singles,Clay,2026-02-27 02:31:25
2379,Trnava,281,Challenger Men Singles,Clay,2026-02-27 02:31:25
8723,Trnava,282,Challenger Men Doubles,Clay,2026-02-27 02:31:25
5618,Troisdorf,282,Challenger Men Doubles,Clay,2026-02-27 02:31:25
3122,Troisdorf,270,Itf Men Singles,Clay,2026-02-27 02:31:25
5619,Troisdorf,281,Challenger Men Singles,Clay,2026-02-27 02:31:25
1680,Troy,271,Itf Women Singles,Hard,2026-02-27 02:31:25
13209,Troy,287,Itf Women Doubles,Hard,2026-02-27 02:31:25
7336,Troyes,282,Challenger Men Doubles,Clay,2026-02-27 02:31:25
7334,Troyes,281,Challenger Men Singles,Clay,2026-02-27 02:31:25
1366,Trujillo,270,Itf Men Singles,Clay,2026-02-27 02:31:25
3017,Trujillo,271,Itf Women Singles,Clay,2026-02-27 02:31:25
13210,Trujillo,287,Itf Women Doubles,Clay,2026-02-27 02:31:25
1956,Tsukuba,270,Itf Men Singles,Hard,2026-02-27 02:31:25
1573,Tsukuba,271,Itf Women Singles,Hard,2026-02-27 02:31:25
3100,Tucson,270,Itf Men Singles,Hard,2026-02-27 02:31:25
3109,Tucson 2,270,Itf Men Singles,Hard,2026-02-27 02:31:25
13426,Tucuman,272,Challenger Women Singles,Clay,2026-02-27 02:31:25
13449,Tucuman,275,Challenger Women Doubles,Clay,2026-02-27 02:31:25
4579,Tulln,281,Challenger Men Singles,Clay,2026-02-27 02:31:25
4602,Tulln,282,Challenger Men Doubles,Clay,2026-02-27 02:31:25
8922,Tulsa,282,Challenger Men Doubles,Hard,2026-02-27 02:31:25
2164,Tulsa,270,Itf Men Singles,Hard,2026-02-27 02:31:25
2884,Tulsa,281,Challenger Men Singles,Hard,2026-02-27 02:31:25
2169,Tulsa 2,270,Itf Men Singles,Hard,2026-02-27 02:31:25
1986,Tunis,271,Itf Women Singles,Clay,2026-02-27 02:31:25
2609,Tunis,281,Challenger Men Singles,Clay,2026-02-27 02:31:25
5583,Tunis,282,Challenger Men Doubles,Clay,2026-02-27 02:31:25
9039,Tunis,287,Itf Women Doubles,Clay,2026-02-27 02:31:25
8778,Turin,282,Challenger Men Doubles,Clay,2026-02-27 02:31:25
2651,Turin,281,Challenger Men Singles,Clay,2026-02-27 02:31:25
5295,Turin 2,281,Challenger Men Singles,Hard (Indoor),2026-02-27 02:31:25
5294,Turin 2,282,Challenger Men Doubles,Hard (Indoor),2026-02-27 02:31:25
3504,Turneu Amical,276,Exhibition Women,Clay,2026-02-27 02:31:25
2790,Tyler,271,Itf Women Singles,Hard,2026-02-27 02:31:25
9660,Tyler,281,Challenger Men Singles,Hard,2026-02-27 02:31:25
9667,Tyler,282,Challenger Men Doubles,Hard,2026-02-27 02:31:25
8780,Tyumen,282,Challenger Men Doubles,Hard (Indoor),2026-02-27 02:31:25
9040,Tyumen,287,Itf Women Doubles,Hard,2026-02-27 02:31:25
1931,Tyumen,270,Itf Men Singles,Hard (Indoor),2026-02-27 02:31:25
3018,Tyumen,271,Itf Women Singles,Hard,2026-02-27 02:31:25
2610,Tyumen,281,Challenger Men Singles,Hard (Indoor),2026-02-27 02:31:25
1557,Ueberlingen,270,Itf Men Singles,Clay,2026-02-27 02:31:25
3517,UK Pro Series,276,Exhibition Women,Hard (Indoor),2026-02-27 02:31:25
3514,UK Pro Series,283,Exhibition Men,Hard (Indoor),2026-02-27 02:31:25
3535,UK Pro Series 2,283,Exhibition Men,Hard (Indoor),2026-02-27 02:31:25
3536,UK Pro Series 2,276,Exhibition Women,Hard (Indoor),2026-02-27 02:31:25
1201,Umag,265,Atp Singles,clay,2026-02-27 02:31:25
1203,Umag,267,Atp Doubles,clay,2026-02-27 02:31:25
1906,Umag,270,Itf Men Singles,Clay,2026-02-27 02:31:25
8467,United Cup,269,Mixed Doubles,Hard,2026-02-27 02:31:25
8454,United Cup Teams,274,Teams Mix,Hard,2026-02-27 02:31:25
1217,US Open,265,Atp Singles,Hard,2026-02-27 02:31:25
1218,US Open,266,Wta Singles,Hard,2026-02-27 02:31:25
1219,US Open,267,Atp Doubles,Hard,2026-02-27 02:31:25
1220,US Open,268,Wta Doubles,Hard,2026-02-27 02:31:25
1221,US Open,269,Mixed Doubles,Hard,2026-02-27 02:31:25
2311,US Open,277,Boys Singles,Hard,2026-02-27 02:31:25
2312,US Open,278,Girls Singles,Hard,2026-02-27 02:31:25
2314,US Open,279,Boys Doubles,Hard,2026-02-27 02:31:25
2315,US Open,280,Girls Doubles,Hard,2026-02-27 02:31:25
3511,UTS Championship,283,Exhibition Men,Hard,2026-02-27 02:31:25
3547,UTS Championship 2,283,Exhibition Men,Hard,2026-02-27 02:31:25
3543,UTS Championship 2 Women,276,Exhibition Women,Hard,2026-02-27 02:31:25
1917,Vaduz,270,Itf Men Singles,Hard (Indoor),2026-02-27 02:31:25
3019,Vale Do Lobo,271,Itf Women Singles,Hard,2026-02-27 02:31:25
8806,Vale Do Lobo,287,Itf Women Doubles,Hard,2026-02-27 02:31:25
8323,Valencia,282,Challenger Men Doubles,Clay,2026-02-27 02:31:25
1224,Valencia,265,Atp Singles,Hard,2026-02-27 02:31:25
8658,Valencia,267,Atp Doubles,Hard,2026-02-27 02:31:25
3077,Valencia,271,Itf Women Singles,Clay,2026-02-27 02:31:25
7194,Valencia,272,Challenger Women Singles,Clay,2026-02-27 02:31:25
7238,Valencia,275,Challenger Women Doubles,Clay,2026-02-27 02:31:25
8311,Valencia,281,Challenger Men Singles,Clay,2026-02-27 02:31:25
2492,Vall D'uxo,270,Itf Men Singles,Clay,2026-02-27 02:31:25
1289,Valldoreix,270,Itf Men Singles,Clay,2026-02-27 02:31:25
1771,Vallduxo,271,Itf Women Singles,Clay,2026-02-27 02:31:25
3820,Vancouver,266,Wta Singles,Hard,2026-02-27 02:31:25
13086,Vancouver,268,Wta Doubles,Hard,2026-02-27 02:31:25
1506,Vancouver,271,Itf Women Singles,Hard,2026-02-27 02:31:25
7649,Vancouver,272,Challenger Women Singles,Hard,2026-02-27 02:31:25
7654,Vancouver,275,Challenger Women Doubles,Hard,2026-02-27 02:31:25
2611,Vancouver,281,Challenger Men Singles,Hard,2026-02-27 02:31:25
7651,Vancouver,282,Challenger Men Doubles,Hard,2026-02-27 02:31:25
2028,Varna,270,Itf Men Singles,Clay,2026-02-27 02:31:25
1641,Varna,271,Itf Women Singles,Clay,2026-02-27 02:31:25
1308,Velenje,271,Itf Women Singles,Clay,2026-02-27 02:31:25
1778,Vendryne,271,Itf Women Singles,Hard (Indoor),2026-02-27 02:31:25
9041,Vendryne,287,Itf Women Doubles,Hard,2026-02-27 02:31:25
8837,Vercelli,282,Challenger Men Doubles,Clay,2026-02-27 02:31:25
1968,Vercelli,270,Itf Men Singles,Clay,2026-02-27 02:31:25
2642,Vercelli,281,Challenger Men Singles,Clay,2026-02-27 02:31:25
3709,Verizon Tennis Challenge,265,Atp Singles,Clay,2026-02-27 02:31:25
9196,Verizon Tennis Challenge,267,Atp Doubles,Clay,2026-02-27 02:31:25
8978,Vero Beach,264,Itf Men Doubles,Clay,2026-02-27 02:31:25
2000,Vero Beach,270,Itf Men Singles,Clay,2026-02-27 02:31:25
4463,Verona,281,Challenger Men Singles,Clay,2026-02-27 02:31:25
4502,Verona,282,Challenger Men Doubles,Clay,2026-02-27 02:31:25
1417,Versmold,271,Itf Women Singles,Clay,2026-02-27 02:31:25
8766,Vic,264,Itf Men Doubles,Clay,2026-02-27 02:31:25
3020,Vic,271,Itf Women Singles,Clay,2026-02-27 02:31:25
12431,Vic,272,Challenger Women Singles,Clay,2026-02-27 02:31:25
12441,Vic,275,Challenger Women Doubles,Clay,2026-02-27 02:31:25
8787,Vic,287,Itf Women Doubles,Clay,2026-02-27 02:31:25
5617,Vicenza,282,Challenger Men Doubles,Clay,2026-02-27 02:31:25
8863,Vicenza,264,Itf Men Doubles,Clay,2026-02-27 02:31:25
2948,Vicenza,270,Itf Men Singles,Clay,2026-02-27 02:31:25
2542,Vicenza,281,Challenger Men Singles,Clay,2026-02-27 02:31:25
2238,Victoria,271,Itf Women Singles,Hard,2026-02-27 02:31:25
1684,Vienna,265,Atp Singles,Hard (Indoor),2026-02-27 02:31:25
3764,Vienna,266,Wta Singles,Clay,2026-02-27 02:31:25
1688,Vienna,267,Atp Doubles,Hard (Indoor),2026-02-27 02:31:25
9248,Vienna,268,Wta Doubles,Clay,2026-02-27 02:31:25
1489,Vienna,271,Itf Women Singles,Clay,2026-02-27 02:31:25
8979,Vientiane,264,Itf Men Doubles,Hard,2026-02-27 02:31:25
2949,Vientiane,270,Itf Men Singles,Hard,2026-02-27 02:31:25
8879,Vierumaki,264,Itf Men Doubles,Clay,2026-02-27 02:31:25
1508,Vierumaki,270,Itf Men Singles,Clay,2026-02-27 02:31:25
2750,Vigevano,270,Itf Men Singles,Clay,2026-02-27 02:31:25
1536,Vigo,270,Itf Men Singles,Clay,2026-02-27 02:31:25
3021,Vigo,271,Itf Women Singles,Hard,2026-02-27 02:31:25
3827,Vigo,281,Challenger Men Singles,Clay,2026-02-27 02:31:25
13103,Vilafranca,264,Itf Men Doubles,Clay,2026-02-27 02:31:25
2950,Vilafranca,270,Itf Men Singles,Clay,2026-02-27 02:31:25
8824,Villa Alemana,264,Itf Men Doubles,Clay,2026-02-27 02:31:25
2674,Villa Alemana,270,Itf Men Singles,Clay,2026-02-27 02:31:25
2612,Villa Allende,281,Challenger Men Singles,Clay,2026-02-27 02:31:25
8860,Villa Allende,282,Challenger Men Doubles,Clay,2026-02-27 02:31:25
9042,Villa Del Dique,287,Itf Women Doubles,Clay,2026-02-27 02:31:25
13175,Villa Del Dique,264,Itf Men Doubles,Clay,2026-02-27 02:31:25
1985,Villa Del Dique,270,Itf Men Singles,Clay,2026-02-27 02:31:25
3022,Villa Del Dique,271,Itf Women Singles,Clay,2026-02-27 02:31:25
3023,Villa Del Dique 2,271,Itf Women Singles,Clay,2026-02-27 02:31:25
9043,Villa Del Dique 2,287,Itf Women Doubles,Clay,2026-02-27 02:31:25
7858,Villa Maria,282,Challenger Men Doubles,Clay,2026-02-27 02:31:25
3024,Villa Maria,271,Itf Women Singles,Clay,2026-02-27 02:31:25
7863,Villa Maria,281,Challenger Men Singles,Clay,2026-02-27 02:31:25
1934,Villajoyosa,270,Itf Men Singles,Hard,2026-02-27 02:31:25
1946,Villajoyosa 2,270,Itf Men Singles,Hard,2026-02-27 02:31:25
1952,Villajoyosa 3,270,Itf Men Singles,Hard,2026-02-27 02:31:25
1660,Villavicencio,270,Itf Men Singles,Clay,2026-02-27 02:31:25
3035,Villena,281,Challenger Men Singles,Clay,2026-02-27 02:31:25
3036,Villena,282,Challenger Men Doubles,Clay,2026-02-27 02:31:25
8070,Vilnius,282,Challenger Men Doubles,Hard (Indoor),2026-02-27 02:31:25
8072,Vilnius,281,Challenger Men Singles,Hard (Indoor),2026-02-27 02:31:25
8823,Vina del Mar,264,Itf Men Doubles,Clay,2026-02-27 02:31:25
1239,Vina del Mar,265,Atp Singles,Clay,2026-02-27 02:31:25
3821,Vina Del Mar,266,Wta Singles,Clay,2026-02-27 02:31:25
8662,Vina del Mar,267,Atp Doubles,Clay,2026-02-27 02:31:25
13087,Vina Del Mar,268,Wta Doubles,Clay,2026-02-27 02:31:25
1324,Vina del Mar,270,Itf Men Singles,Clay,2026-02-27 02:31:25
9342,Vina Del Mar,281,Challenger Men Singles,Clay,2026-02-27 02:31:25
9344,Vina Del Mar,282,Challenger Men Doubles,Clay,2026-02-27 02:31:25
9044,Vinaros,287,Itf Women Doubles,Clay,2026-02-27 02:31:25
3025,Vinaros,271,Itf Women Singles,Clay,2026-02-27 02:31:25
13134,Vinkovci,264,Itf Men Doubles,Clay,2026-02-27 02:31:25
2814,Vinkovci,270,Itf Men Singles,Clay,2026-02-27 02:31:25
3026,Vinkovci,271,Itf Women Singles,Clay,2026-02-27 02:31:25
13211,Vinkovci,287,Itf Women Doubles,Clay,2026-02-27 02:31:25
1556,Vinkovci 2,270,Itf Men Singles,Clay,2026-02-27 02:31:25
1467,Viserba,271,Itf Women Singles,Clay,2026-02-27 02:31:25
1387,Viterbo,270,Itf Men Singles,Clay,2026-02-27 02:31:25
8980,Vrsar,264,Itf Men Doubles,Clay,2026-02-27 02:31:25
2330,Vrsar,270,Itf Men Singles,Clay,2026-02-27 02:31:25
12203,W100 Bengaluru,271,Itf Women Singles,Hard,2026-02-27 02:31:25
12196,W100 Bengaluru,287,Itf Women Doubles,Hard,2026-02-27 02:31:25
11155,W100 Biarritz,287,Itf Women Doubles,Clay,2026-02-27 02:31:25
11154,W100 Biarritz,271,Itf Women Singles,Clay,2026-02-27 02:31:25
4060,"W100 Bonita Springs, FL",271,Itf Women Singles,Clay,2026-02-27 02:31:25
4051,"W100 Bonita Springs, FL",287,Itf Women Doubles,Clay,2026-02-27 02:31:25
1277,W100 Cagnes-Sur-Mer,271,Itf Women Singles,Clay,2026-02-27 02:31:25
3347,W100 Cairo,271,Itf Women Singles,Hard,2026-02-27 02:31:25
9102,W100 Cairo,287,Itf Women Doubles,Hard,2026-02-27 02:31:25
11748,W100 Caldas da Rainha,287,Itf Women Doubles,Hard,2026-02-27 02:31:25
11747,W100 Caldas da Rainha,271,Itf Women Singles,Hard,2026-02-27 02:31:25
11446,"W100 Cary, NC",271,Itf Women Singles,Hard,2026-02-27 02:31:25
11447,"W100 Cary, NC",287,Itf Women Doubles,Hard,2026-02-27 02:31:25
3845,"W100 Charleston, SC",287,Itf Women Doubles,Clay,2026-02-27 02:31:25
3843,"W100 Charleston, SC",271,Itf Women Singles,Clay,2026-02-27 02:31:25
7374,"W100 Charleston, SC 2",271,Itf Women Singles,Clay,2026-02-27 02:31:25
7367,"W100 Charleston, SC 2",287,Itf Women Doubles,Clay,2026-02-27 02:31:25
12426,"W100 Charlottesville, VA",287,Itf Women Doubles,Clay,2026-02-27 02:31:25
12430,"W100 Charlottesville, VA",271,Itf Women Singles,Clay,2026-02-27 02:31:25
4294,W100 Contrexeville,271,Itf Women Singles,Clay,2026-02-27 02:31:25
4307,W100 Contrexeville,287,Itf Women Doubles,Clay,2026-02-27 02:31:25
11828,W100 Cornellà de Llobregat,287,Itf Women Doubles,Hard,2026-02-27 02:31:25
11827,W100 Cornellà de Llobregat,271,Itf Women Singles,Hard,2026-02-27 02:31:25
10460,W100 Dubai,271,Itf Women Singles,Hard,2026-02-27 02:31:25
10462,W100 Dubai,287,Itf Women Doubles,Hard,2026-02-27 02:31:25
13333,"W100 Edmond, OK",287,Itf Women Doubles,Hard,2026-02-27 02:31:25
13332,"W100 Edmond, OK",271,Itf Women Singles,Hard,2026-02-27 02:31:25
12791,W100 Evansville,271,Itf Women Singles,Hard,2026-02-27 02:31:25
12792,W100 Evansville,287,Itf Women Doubles,Hard,2026-02-27 02:31:25
9911,W100 Figueira Da Foz,287,Itf Women Doubles,Hard,2026-02-27 02:31:25
9910,W100 Figueira Da Foz,271,Itf Women Singles,Hard,2026-02-27 02:31:25
13634,W100 Fujairah,271,Itf Women Singles,Hard,2026-02-27 02:31:25
13641,W100 Fujairah,287,Itf Women Doubles,Hard,2026-02-27 02:31:25
10962,W100 Gifu,287,Itf Women Doubles,Hard,2026-02-27 02:31:25
10945,W100 Gifu,271,Itf Women Singles,Hard,2026-02-27 02:31:25
11391,W100 Gran Canaria-Maspalomas,271,Itf Women Singles,Clay,2026-02-27 02:31:25
11392,W100 Gran Canaria-Maspalomas,287,Itf Women Doubles,Clay,2026-02-27 02:31:25
9890,W100 Granby,287,Itf Women Doubles,Hard,2026-02-27 02:31:25
9876,W100 Granby,271,Itf Women Singles,Hard,2026-02-27 02:31:25
7566,W100 Grodzisk Mazowiecki,271,Itf Women Singles,Hard,2026-02-27 02:31:25
7594,W100 Grodzisk Mazowiecki,287,Itf Women Doubles,Hard,2026-02-27 02:31:25
7280,W100 Ilkley,287,Itf Women Doubles,Grass,2026-02-27 02:31:25
7279,W100 Ilkley,271,Itf Women Singles,Grass,2026-02-27 02:31:25
11612,W100 Incheon,271,Itf Women Singles,Hard,2026-02-27 02:31:25
11613,W100 Incheon,287,Itf Women Doubles,Hard,2026-02-27 02:31:25
10634,W100 Irapuato,287,Itf Women Doubles,Hard,2026-02-27 02:31:25
10633,W100 Irapuato,271,Itf Women Singles,Hard,2026-02-27 02:31:25
4462,"W100 Landisville, PA",271,Itf Women Singles,Hard,2026-02-27 02:31:25
4461,"W100 Landisville, PA",287,Itf Women Doubles,Hard,2026-02-27 02:31:25
8128,W100 Les Franqueses del Valles,287,Itf Women Doubles,Hard,2026-02-27 02:31:25
8127,W100 Les Franqueses del Valles,271,Itf Women Singles,Hard,2026-02-27 02:31:25
13275,W100 Lisboa,271,Itf Women Singles,Clay,2026-02-27 02:31:25
13276,W100 Lisboa,287,Itf Women Doubles,Clay,2026-02-27 02:31:25
11883,"W100 Macon, GA",287,Itf Women Doubles,Hard,2026-02-27 02:31:25
11882,"W100 Macon, GA",271,Itf Women Singles,Hard,2026-02-27 02:31:25
9565,W100 Madrid,271,Itf Women Singles,Clay,2026-02-27 02:31:25
9587,W100 Madrid,287,Itf Women Doubles,Clay,2026-02-27 02:31:25
9974,W100 Maspalomas Gran Canaria,287,Itf Women Doubles,Clay,2026-02-27 02:31:25
9964,W100 Maspalomas Gran Canaria,271,Itf Women Singles,Clay,2026-02-27 02:31:25
3323,W100 Midland,271,Itf Women Singles,Hard (Indoor),2026-02-27 02:31:25
9098,W100 Midland,287,Itf Women Doubles,Hard (Indoor),2026-02-27 02:31:25
9105,W100 Nicholasville,287,Itf Women Doubles,Hard (Indoor),2026-02-27 02:31:25
3362,W100 Nicholasville,271,Itf Women Singles,Hard (Indoor),2026-02-27 02:31:25
9465,W100 Oeiras,271,Itf Women Singles,Clay,2026-02-27 02:31:25
9466,W100 Oeiras,287,Itf Women Doubles,Clay,2026-02-27 02:31:25
5442,"W100 Palm Harbor, FL",287,Itf Women Doubles,Clay,2026-02-27 02:31:25
5444,"W100 Palm Harbor, FL",271,Itf Women Singles,Clay,2026-02-27 02:31:25
13642,"W100 San Diego, CA",271,Itf Women Singles,Hard,2026-02-27 02:31:25
13643,"W100 San Diego, CA",287,Itf Women Doubles,Hard,2026-02-27 02:31:25
10298,W100 Shenzhen,287,Itf Women Doubles,Hard,2026-02-27 02:31:25
10297,W100 Shenzhen,271,Itf Women Singles,Hard,2026-02-27 02:31:25
8188,W100 Shrewsbury,271,Itf Women Singles,Hard,2026-02-27 02:31:25
8189,W100 Shrewsbury,287,Itf Women Doubles,Hard,2026-02-27 02:31:25
7176,W100 Surbiton,287,Itf Women Doubles,Grass,2026-02-27 02:31:25
7169,W100 Surbiton,271,Itf Women Singles,Grass,2026-02-27 02:31:25
10377,W100 Takasaki,271,Itf Women Singles,Hard,2026-02-27 02:31:25
10378,W100 Takasaki,287,Itf Women Doubles,Hard,2026-02-27 02:31:25
10398,W100 Takasaki 2,287,Itf Women Doubles,Hard,2026-02-27 02:31:25
10397,W100 Takasaki 2,271,Itf Women Singles,Hard,2026-02-27 02:31:25
10088,W100 Tokyo,271,Itf Women Singles,Hard,2026-02-27 02:31:25
10095,W100 Tokyo,287,Itf Women Doubles,Hard,2026-02-27 02:31:25
9553,W100 Trnava,287,Itf Women Doubles,Clay,2026-02-27 02:31:25
9552,W100 Trnava,271,Itf Women Singles,Clay,2026-02-27 02:31:25
11918,W100 Tyler,271,Itf Women Singles,Hard,2026-02-27 02:31:25
11919,W100 Tyler,287,Itf Women Doubles,Hard,2026-02-27 02:31:25
13382,"W100 Tyler, TX",287,Itf Women Doubles,Hard,2026-02-27 02:31:25
13381,"W100 Tyler, TX",271,Itf Women Singles,Hard,2026-02-27 02:31:25
10416,W100 Valencia,271,Itf Women Singles,Clay,2026-02-27 02:31:25
10417,W100 Valencia,287,Itf Women Doubles,Clay,2026-02-27 02:31:25
7391,W100 Versmold,287,Itf Women Doubles,Clay,2026-02-27 02:31:25
7390,W100 Versmold,271,Itf Women Singles,Clay,2026-02-27 02:31:25
9902,W100 Vitoria - Gasteiz,271,Itf Women Singles,Hard,2026-02-27 02:31:25
9885,W100 Vitoria - Gasteiz,287,Itf Women Doubles,Hard,2026-02-27 02:31:25
5523,W100 Wiesbaden,287,Itf Women Doubles,Clay,2026-02-27 02:31:25
5522,W100 Wiesbaden,271,Itf Women Singles,Clay,2026-02-27 02:31:25
13374,W100 Wrexham,271,Itf Women Singles,Hard,2026-02-27 02:31:25
13376,W100 Wrexham,287,Itf Women Doubles,Hard,2026-02-27 02:31:25
10876,W100 Zaragoza,287,Itf Women Doubles,Clay,2026-02-27 02:31:25
10875,W100 Zaragoza,271,Itf Women Singles,Clay,2026-02-27 02:31:25
3864,W100+H Dubai,271,Itf Women Singles,Hard,2026-02-27 02:31:25
3865,W100+H Dubai,287,Itf Women Doubles,Hard,2026-02-27 02:31:25
2541,W100+H Dubai 2,271,Itf Women Singles,Hard,2026-02-27 02:31:25
5543,W100+H La Bisbal D'Emporda,271,Itf Women Singles,Clay,2026-02-27 02:31:25
5544,W100+H La Bisbal D'Emporda,287,Itf Women Doubles,Clay,2026-02-27 02:31:25
4213,W100+H Nottingham,287,Itf Women Doubles,Grass,2026-02-27 02:31:25
4206,W100+H Nottingham,271,Itf Women Singles,Grass,2026-02-27 02:31:25
1351,W100+H Nottingham 2,271,Itf Women Singles,Grass,2026-02-27 02:31:25
2162,W100+H Nottingham 3,271,Itf Women Singles,Grass,2026-02-27 02:31:25
5282,W15 Ahmedabad,271,Itf Women Singles,Clay,2026-02-27 02:31:25
5283,W15 Ahmedabad,287,Itf Women Doubles,Clay,2026-02-27 02:31:25
4556,W15 Aix-en-Provence,287,Itf Women Doubles,Clay,2026-02-27 02:31:25
4554,W15 Aix-en-Provence,271,Itf Women Singles,Clay,2026-02-27 02:31:25
12313,W15 Alaminos,271,Itf Women Singles,Clay,2026-02-27 02:31:25
12315,W15 Alaminos,287,Itf Women Doubles,Clay,2026-02-27 02:31:25
12337,W15 Alaminos 2,287,Itf Women Doubles,Clay,2026-02-27 02:31:25
12335,W15 Alaminos 2,271,Itf Women Singles,Clay,2026-02-27 02:31:25
12356,W15 Alaminos 3,271,Itf Women Singles,Clay,2026-02-27 02:31:25
12357,W15 Alaminos 3,287,Itf Women Doubles,Clay,2026-02-27 02:31:25
10414,W15 Alcala de Henares,287,Itf Women Doubles,Hard,2026-02-27 02:31:25
10428,W15 Alcala de Henares,271,Itf Women Singles,Hard,2026-02-27 02:31:25
3560,W15 Alkmaar,271,Itf Women Singles,Clay,2026-02-27 02:31:25
3561,W15 Alkmaar,287,Itf Women Doubles,Clay,2026-02-27 02:31:25
4324,W15 Almada,271,Itf Women Singles,Hard,2026-02-27 02:31:25
4370,W15 Amarante,271,Itf Women Singles,Hard,2026-02-27 02:31:25
4374,W15 Amarante,287,Itf Women Doubles,Hard,2026-02-27 02:31:25
9315,W15 Amiens,287,Itf Women Doubles,Clay (Indoor),2026-02-27 02:31:25
3473,W15 Amiens,271,Itf Women Singles,Clay (Indoor),2026-02-27 02:31:25
12919,W15 Ankara,271,Itf Women Singles,Hard,2026-02-27 02:31:25
12920,W15 Ankara,287,Itf Women Doubles,Hard,2026-02-27 02:31:25
12952,W15 Ankara 2,287,Itf Women Doubles,Hard,2026-02-27 02:31:25
12951,W15 Ankara 2,271,Itf Women Singles,Hard,2026-02-27 02:31:25
7135,W15 Annenheim,271,Itf Women Singles,Clay,2026-02-27 02:31:25
7136,W15 Annenheim,287,Itf Women Doubles,Clay,2026-02-27 02:31:25
3216,W15 Antalya,287,Itf Women Doubles,Clay,2026-02-27 02:31:25
3214,W15 Antalya,271,Itf Women Singles,Clay,2026-02-27 02:31:25
4896,W15 Antalya 10,271,Itf Women Singles,Clay,2026-02-27 02:31:25
5046,W15 Antalya 10,287,Itf Women Doubles,Clay,2026-02-27 02:31:25
5047,W15 Antalya 11,287,Itf Women Doubles,Clay,2026-02-27 02:31:25
5013,W15 Antalya 11,271,Itf Women Singles,Clay,2026-02-27 02:31:25
4072,W15 Antalya 12,271,Itf Women Singles,Clay,2026-02-27 02:31:25
4078,W15 Antalya 12,287,Itf Women Doubles,Clay,2026-02-27 02:31:25
5504,W15 Antalya 13,287,Itf Women Doubles,Clay,2026-02-27 02:31:25
4147,W15 Antalya 13,271,Itf Women Singles,Clay,2026-02-27 02:31:25
5014,W15 Antalya 14,271,Itf Women Singles,Clay,2026-02-27 02:31:25
5575,W15 Antalya 14,287,Itf Women Doubles,Clay,2026-02-27 02:31:25
5595,W15 Antalya 15,287,Itf Women Doubles,Clay,2026-02-27 02:31:25
5015,W15 Antalya 15,271,Itf Women Singles,Clay,2026-02-27 02:31:25
5017,W15 Antalya 16,271,Itf Women Singles,Clay,2026-02-27 02:31:25
7120,W15 Antalya 16,287,Itf Women Doubles,Clay,2026-02-27 02:31:25
4247,W15 Antalya 17,287,Itf Women Doubles,Clay,2026-02-27 02:31:25
4245,W15 Antalya 17,271,Itf Women Singles,Clay,2026-02-27 02:31:25
5018,W15 Antalya 18,271,Itf Women Singles,Clay,2026-02-27 02:31:25
8150,W15 Antalya 18,287,Itf Women Doubles,Clay,2026-02-27 02:31:25
4055,W15 Antalya 19,287,Itf Women Doubles,Clay,2026-02-27 02:31:25
4054,W15 Antalya 19,271,Itf Women Singles,Clay,2026-02-27 02:31:25
3230,W15 Antalya 2,271,Itf Women Singles,Clay,2026-02-27 02:31:25
3232,W15 Antalya 2,287,Itf Women Doubles,Clay,2026-02-27 02:31:25
8231,W15 Antalya 20,287,Itf Women Doubles,Clay,2026-02-27 02:31:25
5019,W15 Antalya 20,271,Itf Women Singles,Clay,2026-02-27 02:31:25
5020,W15 Antalya 21,271,Itf Women Singles,Clay,2026-02-27 02:31:25
8268,W15 Antalya 21,287,Itf Women Doubles,Clay,2026-02-27 02:31:25
4167,W15 Antalya 22,287,Itf Women Doubles,Clay,2026-02-27 02:31:25
4180,W15 Antalya 22,271,Itf Women Singles,Clay,2026-02-27 02:31:25
4201,W15 Antalya 23,271,Itf Women Singles,Clay,2026-02-27 02:31:25
8400,W15 Antalya 23,287,Itf Women Doubles,Clay,2026-02-27 02:31:25
4214,W15 Antalya 24,287,Itf Women Doubles,Clay,2026-02-27 02:31:25
4207,W15 Antalya 24,271,Itf Women Singles,Clay,2026-02-27 02:31:25
5021,W15 Antalya 25,271,Itf Women Singles,Clay,2026-02-27 02:31:25
8420,W15 Antalya 25,287,Itf Women Doubles,Clay,2026-02-27 02:31:25
9276,W15 Antalya 26,287,Itf Women Doubles,Clay,2026-02-27 02:31:25
4267,W15 Antalya 26,271,Itf Women Singles,Clay,2026-02-27 02:31:25
4771,W15 Antalya 27,271,Itf Women Singles,Clay,2026-02-27 02:31:25
4768,W15 Antalya 27,287,Itf Women Doubles,Clay,2026-02-27 02:31:25
9263,W15 Antalya 28,287,Itf Women Doubles,Clay,2026-02-27 02:31:25
4804,W15 Antalya 28,271,Itf Women Singles,Clay,2026-02-27 02:31:25
4849,W15 Antalya 29,271,Itf Women Singles,Clay,2026-02-27 02:31:25
9282,W15 Antalya 29,287,Itf Women Doubles,Clay,2026-02-27 02:31:25
3257,W15 Antalya 3,287,Itf Women Doubles,Clay,2026-02-27 02:31:25
3255,W15 Antalya 3,271,Itf Women Singles,Clay,2026-02-27 02:31:25
4914,W15 Antalya 30,271,Itf Women Singles,Clay,2026-02-27 02:31:25
4886,W15 Antalya 30,287,Itf Women Doubles,Clay,2026-02-27 02:31:25
4950,W15 Antalya 31,287,Itf Women Doubles,Clay,2026-02-27 02:31:25
4949,W15 Antalya 31,271,Itf Women Singles,Clay,2026-02-27 02:31:25
4985,W15 Antalya 32,271,Itf Women Singles,Clay,2026-02-27 02:31:25
4990,W15 Antalya 32,287,Itf Women Doubles,Clay,2026-02-27 02:31:25
5005,W15 Antalya 33,287,Itf Women Doubles,Clay,2026-02-27 02:31:25
5004,W15 Antalya 33,271,Itf Women Singles,Clay,2026-02-27 02:31:25
5072,W15 Antalya 34,271,Itf Women Singles,Clay,2026-02-27 02:31:25
5083,W15 Antalya 34,287,Itf Women Doubles,Clay,2026-02-27 02:31:25
5112,W15 Antalya 35,287,Itf Women Doubles,Clay,2026-02-27 02:31:25
5109,W15 Antalya 35,271,Itf Women Singles,Clay,2026-02-27 02:31:25
5126,W15 Antalya 36,271,Itf Women Singles,Clay,2026-02-27 02:31:25
5129,W15 Antalya 36,287,Itf Women Doubles,Clay,2026-02-27 02:31:25
3295,W15 Antalya 4,287,Itf Women Doubles,Clay,2026-02-27 02:31:25
3287,W15 Antalya 4,271,Itf Women Singles,Clay,2026-02-27 02:31:25
3312,W15 Antalya 5,271,Itf Women Singles,Clay,2026-02-27 02:31:25
3315,W15 Antalya 5,287,Itf Women Doubles,Clay,2026-02-27 02:31:25
3342,W15 Antalya 6,287,Itf Women Doubles,Clay,2026-02-27 02:31:25
3338,W15 Antalya 6,271,Itf Women Singles,Clay,2026-02-27 02:31:25
3369,W15 Antalya 7,271,Itf Women Singles,Clay,2026-02-27 02:31:25
3371,W15 Antalya 7,287,Itf Women Doubles,Clay,2026-02-27 02:31:25
3396,W15 Antalya 8,287,Itf Women Doubles,Clay,2026-02-27 02:31:25
3397,W15 Antalya 8,271,Itf Women Singles,Clay,2026-02-27 02:31:25
3462,W15 Antalya 9,271,Itf Women Singles,Clay,2026-02-27 02:31:25
3464,W15 Antalya 9,287,Itf Women Doubles,Clay,2026-02-27 02:31:25
12841,W15 Astana,287,Itf Women Doubles,Hard,2026-02-27 02:31:25
12853,W15 Astana,271,Itf Women Singles,Hard,2026-02-27 02:31:25
12886,W15 Astana 2,271,Itf Women Singles,Hard,2026-02-27 02:31:25
12887,W15 Astana 2,287,Itf Women Doubles,Hard,2026-02-27 02:31:25
12003,W15 Asuncion,287,Itf Women Doubles,Clay,2026-02-27 02:31:25
12002,W15 Asuncion,271,Itf Women Singles,Clay,2026-02-27 02:31:25
9859,W15 Bacau,271,Itf Women Singles,Clay,2026-02-27 02:31:25
9860,W15 Bacau,287,Itf Women Doubles,Clay,2026-02-27 02:31:25
4535,W15 Bad Waltersdorf,287,Itf Women Doubles,Clay,2026-02-27 02:31:25
4524,W15 Bad Waltersdorf,271,Itf Women Singles,Clay,2026-02-27 02:31:25
7719,W15 Bad Waltersdorf 2,271,Itf Women Singles,Clay,2026-02-27 02:31:25
7730,W15 Bad Waltersdorf 2,287,Itf Women Doubles,Clay,2026-02-27 02:31:25
10037,W15 Baku,287,Itf Women Doubles,Hard,2026-02-27 02:31:25
10036,W15 Baku,271,Itf Women Singles,Hard,2026-02-27 02:31:25
10055,W15 Baku 2,271,Itf Women Singles,Hard,2026-02-27 02:31:25
10056,W15 Baku 2,287,Itf Women Doubles,Hard,2026-02-27 02:31:25
4142,W15 Banja Luka,287,Itf Women Doubles,Clay,2026-02-27 02:31:25
4136,W15 Banja Luka,271,Itf Women Singles,Clay,2026-02-27 02:31:25
7986,W15 Baza,271,Itf Women Singles,Hard,2026-02-27 02:31:25
7989,W15 Baza,287,Itf Women Doubles,Hard,2026-02-27 02:31:25
5067,W15 Bengaluru,287,Itf Women Doubles,Hard,2026-02-27 02:31:25
5066,W15 Bengaluru,271,Itf Women Singles,Hard,2026-02-27 02:31:25
11585,W15 Bielsko Biala,271,Itf Women Singles,Clay,2026-02-27 02:31:25
11589,W15 Bielsko Biala,287,Itf Women Doubles,Clay,2026-02-27 02:31:25
11284,W15 Bissy-Chambery,287,Itf Women Doubles,Hard,2026-02-27 02:31:25
11283,W15 Bissy-Chambery,271,Itf Women Singles,Hard,2026-02-27 02:31:25
11056,W15 Bol,271,Itf Women Singles,Clay,2026-02-27 02:31:25
11057,W15 Bol,287,Itf Women Doubles,Clay,2026-02-27 02:31:25
11084,W15 Bol 2,287,Itf Women Doubles,Clay,2026-02-27 02:31:25
11082,W15 Bol 2,271,Itf Women Singles,Clay,2026-02-27 02:31:25
11869,W15 Bol 3,271,Itf Women Singles,Clay,2026-02-27 02:31:25
11870,W15 Bol 3,287,Itf Women Doubles,Clay,2026-02-27 02:31:25
11910,W15 Bol 4,287,Itf Women Doubles,Clay,2026-02-27 02:31:25
11909,W15 Bol 4,271,Itf Women Singles,Clay,2026-02-27 02:31:25
12643,W15 Bolszewo,271,Itf Women Singles,Clay,2026-02-27 02:31:25
12644,W15 Bolszewo,287,Itf Women Doubles,Clay,2026-02-27 02:31:25
7759,W15 Brasov,287,Itf Women Doubles,Clay,2026-02-27 02:31:25
7758,W15 Brasov,271,Itf Women Singles,Clay,2026-02-27 02:31:25
10063,W15 Brasov 2,271,Itf Women Singles,Clay,2026-02-27 02:31:25
10064,W15 Brasov 2,287,Itf Women Doubles,Clay,2026-02-27 02:31:25
3962,W15 Bratislava 2,287,Itf Women Doubles,Hard,2026-02-27 02:31:25
3961,W15 Bratislava 2,271,Itf Women Singles,Hard,2026-02-27 02:31:25
4452,W15 Bratislava 3,271,Itf Women Singles,Clay,2026-02-27 02:31:25
4453,W15 Bratislava 3,287,Itf Women Doubles,Clay,2026-02-27 02:31:25
11351,W15 Brezice,287,Itf Women Doubles,Clay,2026-02-27 02:31:25
11350,W15 Brezice,271,Itf Women Singles,Clay,2026-02-27 02:31:25
10732,W15 Brossard,271,Itf Women Singles,Hard,2026-02-27 02:31:25
10733,W15 Brossard,287,Itf Women Doubles,Hard,2026-02-27 02:31:25
8100,W15 Bucaramanga,287,Itf Women Doubles,Clay,2026-02-27 02:31:25
8099,W15 Bucaramanga,271,Itf Women Singles,Clay,2026-02-27 02:31:25
7303,W15 Bucharest,271,Itf Women Singles,Clay,2026-02-27 02:31:25
7311,W15 Bucharest,287,Itf Women Doubles,Clay,2026-02-27 02:31:25
11044,W15 Bucharest 2,287,Itf Women Doubles,Clay,2026-02-27 02:31:25
11042,W15 Bucharest 2,271,Itf Women Singles,Clay,2026-02-27 02:31:25
11184,W15 Bucharest 3,271,Itf Women Singles,Clay,2026-02-27 02:31:25
11187,W15 Bucharest 3,287,Itf Women Doubles,Clay,2026-02-27 02:31:25
11416,W15 Bucharest 4,287,Itf Women Doubles,Clay,2026-02-27 02:31:25
11415,W15 Bucharest 4,271,Itf Women Singles,Clay,2026-02-27 02:31:25
8369,W15 Buenos Aires,271,Itf Women Singles,Clay,2026-02-27 02:31:25
8370,W15 Buenos Aires,287,Itf Women Doubles,Clay,2026-02-27 02:31:25
10393,W15 Buenos Aires 2,287,Itf Women Doubles,Clay,2026-02-27 02:31:25
10390,W15 Buenos Aires 2,271,Itf Women Singles,Clay,2026-02-27 02:31:25
10086,W15 Buzau,271,Itf Women Singles,Clay,2026-02-27 02:31:25
10087,W15 Buzau,287,Itf Women Doubles,Clay,2026-02-27 02:31:25
7683,W15 Bydgoszcz,287,Itf Women Doubles,Clay,2026-02-27 02:31:25
7690,W15 Bydgoszcz,271,Itf Women Singles,Clay,2026-02-27 02:31:25
3236,W15 Cairo,271,Itf Women Singles,Clay,2026-02-27 02:31:25
3238,W15 Cairo,287,Itf Women Doubles,Clay,2026-02-27 02:31:25
7660,W15 Cairo 10,287,Itf Women Doubles,Clay,2026-02-27 02:31:25
4405,W15 Cairo 10,271,Itf Women Singles,Clay,2026-02-27 02:31:25
4746,W15 Cairo 11,271,Itf Women Singles,Clay,2026-02-27 02:31:25
7713,W15 Cairo 11,287,Itf Women Doubles,Clay,2026-02-27 02:31:25
4552,W15 Cairo 12,287,Itf Women Doubles,Clay,2026-02-27 02:31:25
4544,W15 Cairo 12,271,Itf Women Singles,Clay,2026-02-27 02:31:25
4598,W15 Cairo 13,271,Itf Women Singles,Clay,2026-02-27 02:31:25
9259,W15 Cairo 13,287,Itf Women Doubles,Clay,2026-02-27 02:31:25
9261,W15 Cairo 14,287,Itf Women Doubles,Clay,2026-02-27 02:31:25
4633,W15 Cairo 14,271,Itf Women Singles,Clay,2026-02-27 02:31:25
4670,W15 Cairo 15,271,Itf Women Singles,Clay,2026-02-27 02:31:25
9284,W15 Cairo 15,287,Itf Women Doubles,Clay,2026-02-27 02:31:25
4690,W15 Cairo 16,287,Itf Women Doubles,Clay,2026-02-27 02:31:25
4897,W15 Cairo 16,271,Itf Women Singles,Clay,2026-02-27 02:31:25
5060,W15 Cairo 17,271,Itf Women Singles,Clay,2026-02-27 02:31:25
5045,W15 Cairo 17,287,Itf Women Doubles,Clay,2026-02-27 02:31:25
9295,W15 Cairo 18,287,Itf Women Doubles,Clay,2026-02-27 02:31:25
5085,W15 Cairo 18,271,Itf Women Singles,Clay,2026-02-27 02:31:25
5107,W15 Cairo 19,271,Itf Women Singles,Clay,2026-02-27 02:31:25
9297,W15 Cairo 19,287,Itf Women Doubles,Clay,2026-02-27 02:31:25
3265,W15 Cairo 2,287,Itf Women Doubles,Clay,2026-02-27 02:31:25
3261,W15 Cairo 2,271,Itf Women Singles,Clay,2026-02-27 02:31:25
3289,W15 Cairo 3,271,Itf Women Singles,Clay,2026-02-27 02:31:25
3296,W15 Cairo 3,287,Itf Women Doubles,Clay,2026-02-27 02:31:25
3437,W15 Cairo 4,287,Itf Women Doubles,Hard,2026-02-27 02:31:25
3435,W15 Cairo 4,271,Itf Women Singles,Hard,2026-02-27 02:31:25
5094,W15 Cairo 5,271,Itf Women Singles,Clay,2026-02-27 02:31:25
5095,W15 Cairo 5,287,Itf Women Doubles,Clay,2026-02-27 02:31:25
5505,W15 Cairo 6,287,Itf Women Doubles,Clay,2026-02-27 02:31:25
5093,W15 Cairo 6,271,Itf Women Singles,Clay,2026-02-27 02:31:25
5092,W15 Cairo 7,271,Itf Women Singles,Clay,2026-02-27 02:31:25
5581,W15 Cairo 7,287,Itf Women Doubles,Clay,2026-02-27 02:31:25
5594,W15 Cairo 8,287,Itf Women Doubles,Clay,2026-02-27 02:31:25
4443,W15 Cairo 8,271,Itf Women Singles,Clay,2026-02-27 02:31:25
4373,W15 Cairo 9,271,Itf Women Singles,Clay,2026-02-27 02:31:25
7612,W15 Cairo 9,287,Itf Women Doubles,Clay,2026-02-27 02:31:25
7461,W15 Caloundra,287,Itf Women Doubles,Hard,2026-02-27 02:31:25
7457,W15 Caloundra,271,Itf Women Singles,Hard,2026-02-27 02:31:25
7513,W15 Caloundra 2,271,Itf Women Singles,Hard,2026-02-27 02:31:25
7515,W15 Caloundra 2,287,Itf Women Doubles,Hard,2026-02-27 02:31:25
12786,W15 Campina,287,Itf Women Doubles,Clay,2026-02-27 02:31:25
12785,W15 Campina,271,Itf Women Singles,Clay,2026-02-27 02:31:25
10789,W15 Campinas,271,Itf Women Singles,Clay,2026-02-27 02:31:25
10792,W15 Campinas,287,Itf Women Doubles,Clay,2026-02-27 02:31:25
13272,W15 Campulung,287,Itf Women Doubles,Clay,2026-02-27 02:31:25
13271,W15 Campulung,271,Itf Women Singles,Clay,2026-02-27 02:31:25
3247,W15 Cancun,271,Itf Women Singles,Hard,2026-02-27 02:31:25
3248,W15 Cancun,287,Itf Women Doubles,Hard,2026-02-27 02:31:25
7646,W15 Cancun 10,287,Itf Women Doubles,Hard,2026-02-27 02:31:25
7645,W15 Cancun 10,271,Itf Women Singles,Hard,2026-02-27 02:31:25
7686,W15 Cancun 11,271,Itf Women Singles,Hard,2026-02-27 02:31:25
7689,W15 Cancun 11,287,Itf Women Doubles,Hard,2026-02-27 02:31:25
7715,W15 Cancun 12,287,Itf Women Doubles,Hard,2026-02-27 02:31:25
7714,W15 Cancun 12,271,Itf Women Singles,Hard,2026-02-27 02:31:25
7806,W15 Cancun 13,271,Itf Women Singles,Hard,2026-02-27 02:31:25
7807,W15 Cancun 13,287,Itf Women Doubles,Hard,2026-02-27 02:31:25
7848,W15 Cancun 14,287,Itf Women Doubles,Hard,2026-02-27 02:31:25
7842,W15 Cancun 14,271,Itf Women Singles,Hard,2026-02-27 02:31:25
7896,W15 Cancun 15,271,Itf Women Singles,Hard,2026-02-27 02:31:25
7897,W15 Cancun 15,287,Itf Women Doubles,Hard,2026-02-27 02:31:25
7954,W15 Cancun 16,287,Itf Women Doubles,Hard,2026-02-27 02:31:25
7952,W15 Cancun 16,271,Itf Women Singles,Hard,2026-02-27 02:31:25
3277,W15 Cancun 2,271,Itf Women Singles,Hard,2026-02-27 02:31:25
3278,W15 Cancun 2,287,Itf Women Doubles,Hard,2026-02-27 02:31:25
3302,W15 Cancun 3,287,Itf Women Doubles,Hard,2026-02-27 02:31:25
3301,W15 Cancun 3,271,Itf Women Singles,Hard,2026-02-27 02:31:25
3327,W15 Cancun 4,271,Itf Women Singles,Hard,2026-02-27 02:31:25
3328,W15 Cancun 4,287,Itf Women Doubles,Hard,2026-02-27 02:31:25
3358,W15 Cancun 5,287,Itf Women Doubles,Hard,2026-02-27 02:31:25
3356,W15 Cancun 5,271,Itf Women Singles,Hard,2026-02-27 02:31:25
3389,W15 Cancun 6,271,Itf Women Singles,Hard,2026-02-27 02:31:25
3390,W15 Cancun 6,287,Itf Women Doubles,Hard,2026-02-27 02:31:25
3481,W15 Cancun 7,287,Itf Women Doubles,Hard,2026-02-27 02:31:25
3480,W15 Cancun 7,271,Itf Women Singles,Hard,2026-02-27 02:31:25
5130,W15 Cancun 8,271,Itf Women Singles,Hard,2026-02-27 02:31:25
5131,W15 Cancun 8,287,Itf Women Doubles,Hard,2026-02-27 02:31:25
7489,W15 Cancun 9,287,Itf Women Doubles,Hard,2026-02-27 02:31:25
7488,W15 Cancun 9,271,Itf Women Singles,Hard,2026-02-27 02:31:25
13273,W15 Cap d'Agde,271,Itf Women Singles,Clay,2026-02-27 02:31:25
13274,W15 Cap d'Agde,287,Itf Women Doubles,Clay,2026-02-27 02:31:25
7395,W15 Casablanca,287,Itf Women Doubles,Clay,2026-02-27 02:31:25
7394,W15 Casablanca,271,Itf Women Singles,Clay,2026-02-27 02:31:25
7426,W15 Casablanca 2,271,Itf Women Singles,Clay,2026-02-27 02:31:25
7428,W15 Casablanca 2,287,Itf Women Doubles,Clay,2026-02-27 02:31:25
7804,W15 Casablanca 3,287,Itf Women Doubles,Clay,2026-02-27 02:31:25
7799,W15 Casablanca 3,271,Itf Women Singles,Clay,2026-02-27 02:31:25
7833,W15 Casablanca 4,271,Itf Women Singles,Clay,2026-02-27 02:31:25
7834,W15 Casablanca 4,287,Itf Women Doubles,Clay,2026-02-27 02:31:25
3847,W15 Castellon,287,Itf Women Doubles,Clay,2026-02-27 02:31:25
3839,W15 Castellon,271,Itf Women Singles,Clay,2026-02-27 02:31:25
12545,W15 Castellon - Vall d’Uxo,271,Itf Women Singles,Clay,2026-02-27 02:31:25
12546,W15 Castellon - Vall d’Uxo,287,Itf Women Doubles,Clay,2026-02-27 02:31:25
7184,W15 Catez Ob Savi,287,Itf Women Doubles,Clay,2026-02-27 02:31:25
7179,W15 Catez Ob Savi,271,Itf Women Singles,Clay,2026-02-27 02:31:25
13586,W15 Cayenne,271,Itf Women Singles,Hard,2026-02-27 02:31:25
13587,W15 Cayenne,287,Itf Women Doubles,Hard,2026-02-27 02:31:25
7872,W15 Ceuta,287,Itf Women Doubles,Hard,2026-02-27 02:31:25
7871,W15 Ceuta,271,Itf Women Singles,Hard,2026-02-27 02:31:25
8243,"W15 Champaign, IL",271,Itf Women Singles,Hard,2026-02-27 02:31:25
8227,"W15 Champaign, IL",287,Itf Women Doubles,Hard,2026-02-27 02:31:25
5462,W15 Chiang Rai,287,Itf Women Doubles,Hard,2026-02-27 02:31:25
5454,W15 Chiang Rai,271,Itf Women Singles,Hard,2026-02-27 02:31:25
5471,W15 Chiang Rai 2,271,Itf Women Singles,Hard,2026-02-27 02:31:25
5473,W15 Chiang Rai 2,287,Itf Women Doubles,Hard,2026-02-27 02:31:25
7257,W15 Chiang Rai 3,287,Itf Women Doubles,Hard,2026-02-27 02:31:25
7254,W15 Chiang Rai 3,271,Itf Women Singles,Hard,2026-02-27 02:31:25
7298,W15 Chiang Rai 4,271,Itf Women Singles,Hard,2026-02-27 02:31:25
7300,W15 Chiang Rai 4,287,Itf Women Doubles,Hard,2026-02-27 02:31:25
4517,W15 Chornomorsk,287,Itf Women Doubles,Clay,2026-02-27 02:31:25
4514,W15 Chornomorsk,271,Itf Women Singles,Clay,2026-02-27 02:31:25
12038,"W15 Clemson, SC",271,Itf Women Singles,Hard,2026-02-27 02:31:25
12039,"W15 Clemson, SC",287,Itf Women Doubles,Hard,2026-02-27 02:31:25
12812,W15 Cluj Napoca,287,Itf Women Doubles,Clay,2026-02-27 02:31:25
12811,W15 Cluj Napoca,271,Itf Women Singles,Clay,2026-02-27 02:31:25
7322,"W15 Colorado Springs, CO",271,Itf Women Singles,Hard,2026-02-27 02:31:25
7323,"W15 Colorado Springs, CO",287,Itf Women Doubles,Hard,2026-02-27 02:31:25
3559,W15 Cordenons,287,Itf Women Doubles,Clay,2026-02-27 02:31:25
3558,W15 Cordenons,271,Itf Women Singles,Clay,2026-02-27 02:31:25
10429,W15 Cordoba,271,Itf Women Singles,Clay,2026-02-27 02:31:25
10430,W15 Cordoba,287,Itf Women Doubles,Clay,2026-02-27 02:31:25
12068,W15 Cordoba 2,287,Itf Women Doubles,Clay,2026-02-27 02:31:25
12064,W15 Cordoba 2,271,Itf Women Singles,Clay,2026-02-27 02:31:25
13461,W15 Criciuma,271,Itf Women Singles,Clay,2026-02-27 02:31:25
13467,W15 Criciuma,287,Itf Women Doubles,Clay,2026-02-27 02:31:25
4978,W15 Cundinamarca,287,Itf Women Doubles,Clay,2026-02-27 02:31:25
4970,W15 Cundinamarca,271,Itf Women Singles,Clay (Indoor),2026-02-27 02:31:25
5075,W15 Curitiba,271,Itf Women Singles,Clay,2026-02-27 02:31:25
5076,W15 Curitiba,287,Itf Women Doubles,Clay,2026-02-27 02:31:25
12534,W15 Daegu,287,Itf Women Doubles,Hard,2026-02-27 02:31:25
12533,W15 Daegu,271,Itf Women Singles,Hard,2026-02-27 02:31:25
12975,W15 Denia,271,Itf Women Singles,Clay,2026-02-27 02:31:25
12976,W15 Denia,287,Itf Women Doubles,Clay,2026-02-27 02:31:25
4636,W15 Dijon,287,Itf Women Doubles,Clay,2026-02-27 02:31:25
4617,W15 Dijon,271,Itf Women Singles,Clay,2026-02-27 02:31:25
11630,W15 Dinard,271,Itf Women Singles,Clay,2026-02-27 02:31:25
11631,W15 Dinard,287,Itf Women Doubles,Clay,2026-02-27 02:31:25
4364,W15 Don Benito,287,Itf Women Doubles,Grass,2026-02-27 02:31:25
4377,W15 Don Benito,271,Itf Women Singles,Grass,2026-02-27 02:31:25
11430,W15 Dublin,271,Itf Women Singles,Hard,2026-02-27 02:31:25
11431,W15 Dublin,287,Itf Women Doubles,Hard,2026-02-27 02:31:25
7681,W15 Duffel,287,Itf Women Doubles,Clay,2026-02-27 02:31:25
7680,W15 Duffel,271,Itf Women Singles,Clay,2026-02-27 02:31:25
7670,W15 Eindhoven,271,Itf Women Singles,Clay,2026-02-27 02:31:25
7671,W15 Eindhoven,287,Itf Women Doubles,Clay,2026-02-27 02:31:25
7943,"W15 Eldorado, Misiones",287,Itf Women Doubles,Clay,2026-02-27 02:31:25
7942,"W15 Eldorado, Misiones",271,Itf Women Singles,Clay,2026-02-27 02:31:25
8005,"W15 Eldorado, Misiones 2",271,Itf Women Singles,Clay,2026-02-27 02:31:25
8006,"W15 Eldorado, Misiones 2",287,Itf Women Doubles,Clay,2026-02-27 02:31:25
4490,W15 Erwitte,287,Itf Women Doubles,Clay,2026-02-27 02:31:25
4487,W15 Erwitte,271,Itf Women Singles,Clay,2026-02-27 02:31:25
10526,W15 Esch/Alzette,271,Itf Women Singles,Hard,2026-02-27 02:31:25
10527,W15 Esch/Alzette,287,Itf Women Doubles,Hard,2026-02-27 02:31:25
13357,W15 Essen,287,Itf Women Doubles,Hard,2026-02-27 02:31:25
13342,W15 Essen,271,Itf Women Singles,Hard,2026-02-27 02:31:25
11054,W15 Estepona,271,Itf Women Singles,Hard,2026-02-27 02:31:25
11055,W15 Estepona,287,Itf Women Doubles,Hard,2026-02-27 02:31:25
10105,W15 Fiano Romano,287,Itf Women Doubles,Clay,2026-02-27 02:31:25
10103,W15 Fiano Romano,271,Itf Women Singles,Clay,2026-02-27 02:31:25
11107,W15 Focsani,271,Itf Women Singles,Clay,2026-02-27 02:31:25
11108,W15 Focsani,287,Itf Women Doubles,Clay,2026-02-27 02:31:25
8491,W15 Fort-de-France,287,Itf Women Doubles,Hard,2026-02-27 02:31:25
3249,W15 Fort-de-France,271,Itf Women Singles,Hard,2026-02-27 02:31:25
7404,"W15 Fountain Valley, CA",271,Itf Women Singles,Hard,2026-02-27 02:31:25
7401,"W15 Fountain Valley, CA",287,Itf Women Doubles,Hard,2026-02-27 02:31:25
4424,W15 Frederiksberg,287,Itf Women Doubles,Clay,2026-02-27 02:31:25
4422,W15 Frederiksberg,271,Itf Women Singles,Clay,2026-02-27 02:31:25
9482,W15 Fukui,271,Itf Women Singles,Hard,2026-02-27 02:31:25
9483,W15 Fukui,287,Itf Women Doubles,Hard,2026-02-27 02:31:25
3644,W15 Funchal,287,Itf Women Doubles,Hard,2026-02-27 02:31:25
3639,W15 Funchal,271,Itf Women Singles,Hard,2026-02-27 02:31:25
11075,W15 Galati,271,Itf Women Singles,Clay,2026-02-27 02:31:25
11078,W15 Galati,287,Itf Women Doubles,Clay,2026-02-27 02:31:25
11246,W15 Galati 2,287,Itf Women Doubles,Clay,2026-02-27 02:31:25
11245,W15 Galati 2,271,Itf Women Singles,Clay,2026-02-27 02:31:25
9762,W15 Gdansk,271,Itf Women Singles,Clay,2026-02-27 02:31:25
9765,W15 Gdansk,287,Itf Women Doubles,Clay,2026-02-27 02:31:25
12695,W15 Getxo,287,Itf Women Doubles,Clay,2026-02-27 02:31:25
12694,W15 Getxo,271,Itf Women Singles,Clay,2026-02-27 02:31:25
5132,W15 Giza,271,Itf Women Singles,Hard,2026-02-27 02:31:25
5116,W15 Giza,287,Itf Women Doubles,Hard,2026-02-27 02:31:25
5141,W15 Giza 2,287,Itf Women Doubles,Hard,2026-02-27 02:31:25
5144,W15 Giza 2,271,Itf Women Singles,Hard,2026-02-27 02:31:25
5153,W15 Giza 3,271,Itf Women Singles,Hard,2026-02-27 02:31:25
9298,W15 Giza 3,287,Itf Women Doubles,Hard,2026-02-27 02:31:25
3958,W15 Gonesse,287,Itf Women Doubles,Clay (Indoor),2026-02-27 02:31:25
3957,W15 Gonesse,271,Itf Women Singles,Clay (Indoor),2026-02-27 02:31:25
11279,W15 Grodzisk Mazowiecki,271,Itf Women Singles,Hard,2026-02-27 02:31:25
11280,W15 Grodzisk Mazowiecki,287,Itf Women Doubles,Hard,2026-02-27 02:31:25
5031,W15 Guatemala,287,Itf Women Doubles,Hard,2026-02-27 02:31:25
5029,W15 Guatemala,271,Itf Women Singles,Hard,2026-02-27 02:31:25
7888,W15 Guayaquil,271,Itf Women Singles,Clay,2026-02-27 02:31:25
7891,W15 Guayaquil,287,Itf Women Doubles,Clay,2026-02-27 02:31:25
7940,W15 Guayaquil 2,287,Itf Women Doubles,Clay,2026-02-27 02:31:25
7939,W15 Guayaquil 2,271,Itf Women Singles,Clay,2026-02-27 02:31:25
5264,W15 Gurugram,271,Itf Women Singles,Hard,2026-02-27 02:31:25
5265,W15 Gurugram,287,Itf Women Doubles,Hard,2026-02-27 02:31:25
13264,W15 Gurugram 2,287,Itf Women Doubles,Hard,2026-02-27 02:31:25
13263,W15 Gurugram 2,271,Itf Women Singles,Hard,2026-02-27 02:31:25
8457,W15 Gwalior,271,Itf Women Singles,Hard,2026-02-27 02:31:25
8458,W15 Gwalior,287,Itf Women Doubles,Hard,2026-02-27 02:31:25
9253,W15 Haabneeme,287,Itf Women Doubles,Hard (Indoor),2026-02-27 02:31:25
3851,W15 Haabneeme,271,Itf Women Singles,Hard (Indoor),2026-02-27 02:31:25
12298,W15 Hagetmau,271,Itf Women Singles,Hard,2026-02-27 02:31:25
12297,W15 Hagetmau,287,Itf Women Doubles,Hard,2026-02-27 02:31:25
12844,W15 Hameenlinna,287,Itf Women Doubles,Clay,2026-02-27 02:31:25
12843,W15 Hameenlinna,271,Itf Women Singles,Clay,2026-02-27 02:31:25
3334,W15 Hamilton,271,Itf Women Singles,Hard,2026-02-27 02:31:25
9100,W15 Hamilton,287,Itf Women Doubles,Hard,2026-02-27 02:31:25
7773,W15 Haren,287,Itf Women Doubles,Clay,2026-02-27 02:31:25
7771,W15 Haren,271,Itf Women Singles,Clay,2026-02-27 02:31:25
4928,W15 Helsingborg,271,Itf Women Singles,Hard,2026-02-27 02:31:25
4936,W15 Helsingborg,287,Itf Women Doubles,Hard,2026-02-27 02:31:25
3343,W15 Heraklion,287,Itf Women Doubles,Clay,2026-02-27 02:31:25
3350,W15 Heraklion,271,Itf Women Singles,Clay,2026-02-27 02:31:25
5022,W15 Heraklion 10,271,Itf Women Singles,Clay,2026-02-27 02:31:25
9290,W15 Heraklion 10,287,Itf Women Doubles,Clay,2026-02-27 02:31:25
5592,W15 Heraklion 2,287,Itf Women Doubles,Clay,2026-02-27 02:31:25
3378,W15 Heraklion 2,271,Itf Women Singles,Clay,2026-02-27 02:31:25
3399,W15 Heraklion 3,271,Itf Women Singles,Hard,2026-02-27 02:31:25
7117,W15 Heraklion 3,287,Itf Women Doubles,Clay,2026-02-27 02:31:25
7164,W15 Heraklion 4,287,Itf Women Doubles,Clay,2026-02-27 02:31:25
3427,W15 Heraklion 4,271,Itf Women Singles,Clay,2026-02-27 02:31:25
3466,W15 Heraklion 5,271,Itf Women Singles,Clay,2026-02-27 02:31:25
3476,W15 Heraklion 5,287,Itf Women Doubles,Clay,2026-02-27 02:31:25
4937,W15 Heraklion 6,287,Itf Women Doubles,Clay,2026-02-27 02:31:25
4202,W15 Heraklion 6,271,Itf Women Singles,Clay,2026-02-27 02:31:25
4093,W15 Heraklion 7,271,Itf Women Singles,Clay,2026-02-27 02:31:25
4094,W15 Heraklion 7,287,Itf Women Doubles,Clay,2026-02-27 02:31:25
4113,W15 Heraklion 8,287,Itf Women Doubles,Clay,2026-02-27 02:31:25
4111,W15 Heraklion 8,271,Itf Women Singles,Clay,2026-02-27 02:31:25
4137,W15 Heraklion 9,271,Itf Women Singles,Clay,2026-02-27 02:31:25
4168,W15 Heraklion 9,287,Itf Women Doubles,Clay,2026-02-27 02:31:25
11192,W15 Hillcrest,287,Itf Women Doubles,Hard,2026-02-27 02:31:25
11190,W15 Hillcrest,271,Itf Women Singles,Hard,2026-02-27 02:31:25
11221,W15 Hillcrest 2,271,Itf Women Singles,Hard,2026-02-27 02:31:25
11222,W15 Hillcrest 2,287,Itf Women Doubles,Hard,2026-02-27 02:31:25
13380,"W15 Hilton Head Island, SC",287,Itf Women Doubles,Clay,2026-02-27 02:31:25
13379,"W15 Hilton Head Island, SC",271,Itf Women Singles,Clay,2026-02-27 02:31:25
4738,"W15 Hilton Head, SC",271,Itf Women Singles,Clay,2026-02-27 02:31:25
4739,"W15 Hilton Head, SC",287,Itf Women Doubles,Clay,2026-02-27 02:31:25
9374,W15 Hinode,287,Itf Women Doubles,Hard,2026-02-27 02:31:25
9373,W15 Hinode,271,Itf Women Singles,Hard,2026-02-27 02:31:25
11210,W15 Hong Kong,271,Itf Women Singles,Hard,2026-02-27 02:31:25
11211,W15 Hong Kong,287,Itf Women Doubles,Hard,2026-02-27 02:31:25
12678,W15 Hong Kong 2,287,Itf Women Doubles,Hard,2026-02-27 02:31:25
12696,W15 Hong Kong 2,271,Itf Women Singles,Hard,2026-02-27 02:31:25
10274,W15 Hua Hin,271,Itf Women Singles,Hard,2026-02-27 02:31:25
10275,W15 Hua Hin,287,Itf Women Doubles,Hard,2026-02-27 02:31:25
10300,W15 Hua Hin 2,287,Itf Women Doubles,Hard,2026-02-27 02:31:25
10299,W15 Hua Hin 2,271,Itf Women Singles,Hard,2026-02-27 02:31:25
11886,W15 Huamantla,271,Itf Women Singles,Hard,2026-02-27 02:31:25
11887,W15 Huamantla,287,Itf Women Doubles,Hard,2026-02-27 02:31:25
11928,W15 Huamantla 2,287,Itf Women Doubles,Hard,2026-02-27 02:31:25
11927,W15 Huamantla 2,271,Itf Women Singles,Hard,2026-02-27 02:31:25
12757,W15 Huamantla 3,271,Itf Women Singles,Hard,2026-02-27 02:31:25
12759,W15 Huamantla 3,287,Itf Women Doubles,Hard,2026-02-27 02:31:25
12824,W15 Huamantla 4,287,Itf Women Doubles,Hard,2026-02-27 02:31:25
12823,W15 Huamantla 4,271,Itf Women Singles,Hard,2026-02-27 02:31:25
9624,"W15 Huntsville, AL",271,Itf Women Singles,Clay,2026-02-27 02:31:25
9625,"W15 Huntsville, AL",287,Itf Women Doubles,Clay,2026-02-27 02:31:25
12981,W15 Hurghada,287,Itf Women Doubles,Hard,2026-02-27 02:31:25
12984,W15 Hurghada,271,Itf Women Singles,Hard,2026-02-27 02:31:25
13025,W15 Hurghada 2,271,Itf Women Singles,Hard,2026-02-27 02:31:25
13019,W15 Hurghada 2,287,Itf Women Doubles,Hard,2026-02-27 02:31:25
13244,W15 Hurghada 3,287,Itf Women Doubles,Hard,2026-02-27 02:31:25
13248,W15 Hurghada 3,271,Itf Women Singles,Hard,2026-02-27 02:31:25
4591,W15 Ibague,271,Itf Women Singles,Clay,2026-02-27 02:31:25
4592,W15 Ibague,287,Itf Women Doubles,Clay,2026-02-27 02:31:25
8585,W15 Ipoh,287,Itf Women Doubles,Hard,2026-02-27 02:31:25
8584,W15 Ipoh,271,Itf Women Singles,Hard,2026-02-27 02:31:25
10685,W15 Ipoh Perak,271,Itf Women Singles,Hard,2026-02-27 02:31:25
10687,W15 Ipoh Perak,287,Itf Women Doubles,Hard,2026-02-27 02:31:25
9801,"W15 Irvine, CA",287,Itf Women Doubles,Hard,2026-02-27 02:31:25
9813,"W15 Irvine, CA",271,Itf Women Singles,Hard,2026-02-27 02:31:25
10313,"W15 Jackson, TN",271,Itf Women Singles,Hard,2026-02-27 02:31:25
10314,"W15 Jackson, TN",287,Itf Women Doubles,Hard,2026-02-27 02:31:25
9346,W15 Jakarta,287,Itf Women Doubles,Hard,2026-02-27 02:31:25
9345,W15 Jakarta,271,Itf Women Singles,Hard,2026-02-27 02:31:25
4040,W15 Jerusalem,271,Itf Women Singles,Hard,2026-02-27 02:31:25
4042,W15 Jerusalem,287,Itf Women Doubles,Hard,2026-02-27 02:31:25
5237,W15 Jhajjar,287,Itf Women Doubles,Clay,2026-02-27 02:31:25
5236,W15 Jhajjar,271,Itf Women Singles,Clay,2026-02-27 02:31:25
8578,W15 Jhajjar 2,271,Itf Women Singles,Clay,2026-02-27 02:31:25
8579,W15 Jhajjar 2,287,Itf Women Doubles,Clay,2026-02-27 02:31:25
12128,W15 Joinville,287,Itf Women Doubles,Clay,2026-02-27 02:31:25
12127,W15 Joinville,271,Itf Women Singles,Clay,2026-02-27 02:31:25
12462,W15 Kalmar,271,Itf Women Singles,Clay,2026-02-27 02:31:25
12463,W15 Kalmar,287,Itf Women Doubles,Clay,2026-02-27 02:31:25
12954,W15 Kaltenkirchen,287,Itf Women Doubles,Clay,2026-02-27 02:31:25
12953,W15 Kaltenkirchen,271,Itf Women Singles,Clay,2026-02-27 02:31:25
11215,W15 Kamen,271,Itf Women Singles,Clay,2026-02-27 02:31:25
11216,W15 Kamen,287,Itf Women Doubles,Clay,2026-02-27 02:31:25
10724,W15 Karaganda,287,Itf Women Doubles,Hard,2026-02-27 02:31:25
10725,W15 Karaganda,271,Itf Women Singles,Hard,2026-02-27 02:31:25
10743,W15 Karaganda 2,271,Itf Women Singles,Hard,2026-02-27 02:31:25
10745,W15 Karaganda 2,287,Itf Women Doubles,Hard,2026-02-27 02:31:25
9677,W15 Kashiwa,287,Itf Women Doubles,Hard,2026-02-27 02:31:25
9676,W15 Kashiwa,271,Itf Women Singles,Hard,2026-02-27 02:31:25
9712,W15 Kawaguchi,271,Itf Women Singles,Hard,2026-02-27 02:31:25
9744,W15 Kawaguchi,287,Itf Women Doubles,Hard,2026-02-27 02:31:25
11963,W15 Kayseri,287,Itf Women Doubles,Hard,2026-02-27 02:31:25
11962,W15 Kayseri,271,Itf Women Singles,Hard,2026-02-27 02:31:25
13265,W15 Kayseri 10,271,Itf Women Singles,Hard,2026-02-27 02:31:25
13266,W15 Kayseri 10,287,Itf Women Doubles,Hard,2026-02-27 02:31:25
13303,W15 Kayseri 11,287,Itf Women Doubles,Hard,2026-02-27 02:31:25
13302,W15 Kayseri 11,271,Itf Women Singles,Hard,2026-02-27 02:31:25
12568,W15 Kayseri 2,271,Itf Women Singles,Hard,2026-02-27 02:31:25
12566,W15 Kayseri 2,287,Itf Women Doubles,Hard,2026-02-27 02:31:25
12585,W15 Kayseri 3,287,Itf Women Doubles,Hard,2026-02-27 02:31:25
12584,W15 Kayseri 3,271,Itf Women Singles,Hard,2026-02-27 02:31:25
12647,W15 Kayseri 4,271,Itf Women Singles,Hard,2026-02-27 02:31:25
12640,W15 Kayseri 4,287,Itf Women Doubles,Hard,2026-02-27 02:31:25
12663,W15 Kayseri 5,287,Itf Women Doubles,Hard,2026-02-27 02:31:25
12661,W15 Kayseri 5,271,Itf Women Singles,Hard,2026-02-27 02:31:25
12679,W15 Kayseri 6,271,Itf Women Singles,Hard,2026-02-27 02:31:25
12680,W15 Kayseri 6,287,Itf Women Doubles,Hard,2026-02-27 02:31:25
12974,W15 Kayseri 7,287,Itf Women Doubles,Hard,2026-02-27 02:31:25
12973,W15 Kayseri 7,271,Itf Women Singles,Hard,2026-02-27 02:31:25
13012,W15 Kayseri 8,271,Itf Women Singles,Hard,2026-02-27 02:31:25
13014,W15 Kayseri 8,287,Itf Women Doubles,Hard,2026-02-27 02:31:25
13243,W15 Kayseri 9,287,Itf Women Doubles,Hard,2026-02-27 02:31:25
13242,W15 Kayseri 9,271,Itf Women Singles,Hard,2026-02-27 02:31:25
3457,W15 Kazan,271,Itf Women Singles,Hard (Indoor),2026-02-27 02:31:25
3460,W15 Kazan,287,Itf Women Doubles,Hard (Indoor),2026-02-27 02:31:25
5012,W15 Kazan 2,287,Itf Women Doubles,Hard,2026-02-27 02:31:25
5010,W15 Kazan 2,271,Itf Women Singles,Hard,2026-02-27 02:31:25
4384,W15 Knokke,271,Itf Women Singles,Clay,2026-02-27 02:31:25
4393,W15 Knokke,287,Itf Women Doubles,Clay,2026-02-27 02:31:25
9692,W15 Kocevje,287,Itf Women Doubles,Clay,2026-02-27 02:31:25
9705,W15 Kocevje,271,Itf Women Singles,Clay,2026-02-27 02:31:25
12492,W15 Kotka,271,Itf Women Singles,Clay,2026-02-27 02:31:25
12488,W15 Kotka,287,Itf Women Doubles,Clay,2026-02-27 02:31:25
7522,W15 Kottingbrunn,287,Itf Women Doubles,Clay,2026-02-27 02:31:25
7517,W15 Kottingbrunn,271,Itf Women Singles,Clay,2026-02-27 02:31:25
7576,W15 Kottingbrunn 2,271,Itf Women Singles,Clay,2026-02-27 02:31:25
7577,W15 Kottingbrunn 2,287,Itf Women Doubles,Clay,2026-02-27 02:31:25
11548,W15 Krakow,287,Itf Women Doubles,Clay,2026-02-27 02:31:25
11547,W15 Krakow,271,Itf Women Singles,Clay,2026-02-27 02:31:25
9727,W15 Kranjska Gora,271,Itf Women Singles,Clay,2026-02-27 02:31:25
9745,W15 Kranjska Gora,287,Itf Women Doubles,Clay,2026-02-27 02:31:25
7125,W15 Krsko,287,Itf Women Doubles,Clay,2026-02-27 02:31:25
7124,W15 Krsko,271,Itf Women Singles,Clay,2026-02-27 02:31:25
8593,W15 Kuala Lumpur,271,Itf Women Singles,Hard,2026-02-27 02:31:25
8596,W15 Kuala Lumpur,287,Itf Women Doubles,Hard,2026-02-27 02:31:25
8628,W15 Kuching,287,Itf Women Doubles,Hard,2026-02-27 02:31:25
8626,W15 Kuching,271,Itf Women Singles,Hard,2026-02-27 02:31:25
9460,W15 Kursumlijska Banja,271,Itf Women Singles,Clay,2026-02-27 02:31:25
9475,W15 Kursumlijska Banja,287,Itf Women Doubles,Clay,2026-02-27 02:31:25
10136,W15 Kursumlijska Banja 10,287,Itf Women Doubles,Clay,2026-02-27 02:31:25
10135,W15 Kursumlijska Banja 10,271,Itf Women Singles,Clay,2026-02-27 02:31:25
10165,W15 Kursumlijska Banja 11,271,Itf Women Singles,Clay,2026-02-27 02:31:25
10169,W15 Kursumlijska Banja 11,287,Itf Women Doubles,Clay,2026-02-27 02:31:25
11097,W15 Kursumlijska Banja 12,287,Itf Women Doubles,Clay,2026-02-27 02:31:25
11225,W15 Kursumlijska Banja 12,271,Itf Women Singles,Clay,2026-02-27 02:31:25
11356,W15 Kursumlijska Banja 13,271,Itf Women Singles,Clay,2026-02-27 02:31:25
11358,W15 Kursumlijska Banja 13,287,Itf Women Doubles,Clay,2026-02-27 02:31:25
11384,W15 Kursumlijska Banja 14,287,Itf Women Doubles,Clay,2026-02-27 02:31:25
11383,W15 Kursumlijska Banja 14,271,Itf Women Singles,Clay,2026-02-27 02:31:25
11427,W15 Kursumlijska Banja 15,271,Itf Women Singles,Clay,2026-02-27 02:31:25
11428,W15 Kursumlijska Banja 15,287,Itf Women Doubles,Clay,2026-02-27 02:31:25
11596,W15 Kursumlijska Banja 16,287,Itf Women Doubles,Clay,2026-02-27 02:31:25
11592,W15 Kursumlijska Banja 16,271,Itf Women Singles,Clay,2026-02-27 02:31:25
11626,W15 Kursumlijska Banja 17,271,Itf Women Singles,Clay,2026-02-27 02:31:25
11627,W15 Kursumlijska Banja 17,287,Itf Women Doubles,Clay,2026-02-27 02:31:25
11672,W15 Kursumlijska Banja 18,287,Itf Women Doubles,Clay,2026-02-27 02:31:25
11671,W15 Kursumlijska Banja 18,271,Itf Women Singles,Clay,2026-02-27 02:31:25
11754,W15 Kursumlijska Banja 19,271,Itf Women Singles,Clay,2026-02-27 02:31:25
9494,W15 Kursumlijska Banja 2,271,Itf Women Singles,Clay,2026-02-27 02:31:25
9495,W15 Kursumlijska Banja 2,287,Itf Women Doubles,Clay,2026-02-27 02:31:25
9528,W15 Kursumlijska Banja 3,287,Itf Women Doubles,Clay,2026-02-27 02:31:25
9527,W15 Kursumlijska Banja 3,271,Itf Women Singles,Clay,2026-02-27 02:31:25
9556,W15 Kursumlijska Banja 4,271,Itf Women Singles,Clay,2026-02-27 02:31:25
9557,W15 Kursumlijska Banja 4,287,Itf Women Doubles,Clay,2026-02-27 02:31:25
9617,W15 Kursumlijska Banja 5,287,Itf Women Doubles,Clay,2026-02-27 02:31:25
9615,W15 Kursumlijska Banja 5,271,Itf Women Singles,Clay,2026-02-27 02:31:25
9650,W15 Kursumlijska Banja 6,271,Itf Women Singles,Clay,2026-02-27 02:31:25
9651,W15 Kursumlijska Banja 6,287,Itf Women Doubles,Clay,2026-02-27 02:31:25
9730,W15 Kursumlijska Banja 7,287,Itf Women Doubles,Clay,2026-02-27 02:31:25
9728,W15 Kursumlijska Banja 7,271,Itf Women Singles,Clay,2026-02-27 02:31:25
10067,W15 Kursumlijska Banja 8,271,Itf Women Singles,Clay,2026-02-27 02:31:25
10070,W15 Kursumlijska Banja 8,287,Itf Women Doubles,Clay,2026-02-27 02:31:25
10119,W15 Kursumlijska Banja 9,287,Itf Women Doubles,Clay,2026-02-27 02:31:25
10109,W15 Kursumlijska Banja 9,271,Itf Women Singles,Clay,2026-02-27 02:31:25
4253,W15 L'aquila,271,Itf Women Singles,Clay,2026-02-27 02:31:25
4237,W15 L'aquila,287,Itf Women Doubles,Clay,2026-02-27 02:31:25
7443,"W15 Lakewood, CA",287,Itf Women Doubles,Hard,2026-02-27 02:31:25
7441,"W15 Lakewood, CA",271,Itf Women Singles,Hard,2026-02-27 02:31:25
9873,"W15 Lakewood, CA 2",271,Itf Women Singles,Hard,2026-02-27 02:31:25
9869,"W15 Lakewood, CA 2",287,Itf Women Doubles,Hard,2026-02-27 02:31:25
5121,W15 Lambare,287,Itf Women Doubles,Clay,2026-02-27 02:31:25
5119,W15 Lambare,271,Itf Women Singles,Clay,2026-02-27 02:31:25
12772,W15 Las Palmas de Gran Canaria,271,Itf Women Singles,Clay,2026-02-27 02:31:25
3859,W15 Las Palmas de Gran Canaria,287,Itf Women Doubles,Clay,2026-02-27 02:31:25
3972,W15 Le Havre,287,Itf Women Doubles,Clay,2026-02-27 02:31:25
3969,W15 Le Havre,271,Itf Women Singles,Clay,2026-02-27 02:31:25
12273,W15 Leimen,271,Itf Women Singles,Hard,2026-02-27 02:31:25
12280,W15 Leimen,287,Itf Women Doubles,Hard,2026-02-27 02:31:25
7468,W15 Les Contamines-Montjoie,287,Itf Women Doubles,Hard,2026-02-27 02:31:25
7467,W15 Les Contamines-Montjoie,271,Itf Women Singles,Hard,2026-02-27 02:31:25
3272,W15 Liepaja,271,Itf Women Singles,Hard (Indoor),2026-02-27 02:31:25
9087,W15 Liepaja,287,Itf Women Doubles,Hard (Indoor),2026-02-27 02:31:25
8240,W15 Lima,287,Itf Women Doubles,Clay,2026-02-27 02:31:25
8239,W15 Lima,271,Itf Women Singles,Clay,2026-02-27 02:31:25
8297,W15 Lima 2,271,Itf Women Singles,Clay,2026-02-27 02:31:25
8298,W15 Lima 2,287,Itf Women Doubles,Clay,2026-02-27 02:31:25
13560,W15 Lima 3,287,Itf Women Doubles,Clay,2026-02-27 02:31:25
13559,W15 Lima 3,271,Itf Women Singles,Clay,2026-02-27 02:31:25
12015,"W15 Lincoln, NE",271,Itf Women Singles,Hard,2026-02-27 02:31:25
12012,"W15 Lincoln, NE",287,Itf Women Doubles,Hard,2026-02-27 02:31:25
12922,W15 Logrono,287,Itf Women Doubles,Hard,2026-02-27 02:31:25
12921,W15 Logrono,271,Itf Women Singles,Hard,2026-02-27 02:31:25
7372,"W15 Los Angeles, CA",271,Itf Women Singles,Hard,2026-02-27 02:31:25
7373,"W15 Los Angeles, CA",287,Itf Women Doubles,Hard,2026-02-27 02:31:25
9294,W15 Lousada,287,Itf Women Doubles,Hard (Indoor),2026-02-27 02:31:25
3776,W15 Lousada,271,Itf Women Singles,Hard,2026-02-27 02:31:25
5044,W15 Lousada 2,271,Itf Women Singles,Hard (Indoor),2026-02-27 02:31:25
5043,W15 Lousada 2,287,Itf Women Doubles,Hard (Indoor),2026-02-27 02:31:25
12743,W15 Luan,287,Itf Women Doubles,Hard,2026-02-27 02:31:25
12741,W15 Luan,271,Itf Women Singles,Hard,2026-02-27 02:31:25
12777,W15 Luan 2,271,Itf Women Singles,Hard,2026-02-27 02:31:25
12778,W15 Luan 2,287,Itf Women Doubles,Hard,2026-02-27 02:31:25
12802,W15 Luan 3,287,Itf Women Doubles,Hard,2026-02-27 02:31:25
12801,W15 Luan 3,271,Itf Women Singles,Hard,2026-02-27 02:31:25
12837,W15 Luan 4,271,Itf Women Singles,Hard,2026-02-27 02:31:25
12838,W15 Luan 4,287,Itf Women Doubles,Hard,2026-02-27 02:31:25
12882,W15 Luan 5,287,Itf Women Doubles,Hard,2026-02-27 02:31:25
12881,W15 Luan 5,271,Itf Women Singles,Hard,2026-02-27 02:31:25
12912,W15 Luan 6,271,Itf Women Singles,Hard,2026-02-27 02:31:25
12914,W15 Luan 6,287,Itf Women Doubles,Hard,2026-02-27 02:31:25
12942,W15 Luan 7,287,Itf Women Doubles,Hard,2026-02-27 02:31:25
12941,W15 Luan 7,271,Itf Women Singles,Hard,2026-02-27 02:31:25
12967,W15 Luan 8,271,Itf Women Singles,Hard,2026-02-27 02:31:25
12968,W15 Luan 8,287,Itf Women Doubles,Hard,2026-02-27 02:31:25
4700,"W15 Lubbock, TX",287,Itf Women Doubles,Hard,2026-02-27 02:31:25
4699,"W15 Lubbock, TX",271,Itf Women Singles,Hard,2026-02-27 02:31:25
11288,W15 Lujan,271,Itf Women Singles,Clay,2026-02-27 02:31:25
11292,W15 Lujan,287,Itf Women Doubles,Clay,2026-02-27 02:31:25
11320,W15 Lujan 2,287,Itf Women Doubles,Clay,2026-02-27 02:31:25
11316,W15 Lujan 2,271,Itf Women Singles,Clay,2026-02-27 02:31:25
11972,W15 Luque,271,Itf Women Singles,Clay,2026-02-27 02:31:25
11975,W15 Luque,287,Itf Women Doubles,Clay,2026-02-27 02:31:25
12272,W15 Maanshan,287,Itf Women Doubles,Hard,2026-02-27 02:31:25
12271,W15 Maanshan,271,Itf Women Singles,Hard,2026-02-27 02:31:25
12295,W15 Maanshan 2,271,Itf Women Singles,Hard,2026-02-27 02:31:25
12296,W15 Maanshan 2,287,Itf Women Doubles,Hard,2026-02-27 02:31:25
12483,W15 Maanshan 3,287,Itf Women Doubles,Hard,2026-02-27 02:31:25
12482,W15 Maanshan 3,271,Itf Women Singles,Hard,2026-02-27 02:31:25
12501,W15 Maanshan 4,271,Itf Women Singles,Hard,2026-02-27 02:31:25
12502,W15 Maanshan 4,287,Itf Women Doubles,Hard,2026-02-27 02:31:25
12536,W15 Maanshan 5,287,Itf Women Doubles,Hard,2026-02-27 02:31:25
12535,W15 Maanshan 5,271,Itf Women Singles,Hard,2026-02-27 02:31:25
12561,W15 Maanshan 6,271,Itf Women Singles,Hard,2026-02-27 02:31:25
12562,W15 Maanshan 6,287,Itf Women Doubles,Hard,2026-02-27 02:31:25
12667,W15 Maanshan 7,287,Itf Women Doubles,Hard,2026-02-27 02:31:25
12665,W15 Maanshan 7,271,Itf Women Singles,Hard,2026-02-27 02:31:25
12674,W15 Maanshan 8,271,Itf Women Singles,Hard,2026-02-27 02:31:25
12675,W15 Maanshan 8,287,Itf Women Doubles,Hard,2026-02-27 02:31:25
12709,W15 Maanshan 9,287,Itf Women Doubles,Hard,2026-02-27 02:31:25
12708,W15 Maanshan 9,271,Itf Women Singles,Hard,2026-02-27 02:31:25
3868,W15 Madrid,271,Itf Women Singles,Clay (Indoor),2026-02-27 02:31:25
9254,W15 Madrid,287,Itf Women Doubles,Clay (Indoor),2026-02-27 02:31:25
9296,W15 Madrid 2,287,Itf Women Doubles,Hard,2026-02-27 02:31:25
1932,W15 Madrid 2,271,Itf Women Singles,Clay (Indoor),2026-02-27 02:31:25
1363,W15 Madrid 3,271,Itf Women Singles,Clay,2026-02-27 02:31:25
11761,W15 Madrid 3,287,Itf Women Doubles,Hard,2026-02-27 02:31:25
1629,W15 Madrid 4,271,Itf Women Singles,Clay,2026-02-27 02:31:25
9610,W15 Malaga,271,Itf Women Singles,Hard,2026-02-27 02:31:25
9611,W15 Malaga,287,Itf Women Doubles,Hard,2026-02-27 02:31:25
11550,W15 Malmo,287,Itf Women Doubles,Clay,2026-02-27 02:31:25
11549,W15 Malmo,271,Itf Women Singles,Clay,2026-02-27 02:31:25
13408,W15 Malta,271,Itf Women Singles,Hard,2026-02-27 02:31:25
13409,W15 Malta,287,Itf Women Doubles,Hard,2026-02-27 02:31:25
8576,W15 Manacor,287,Itf Women Doubles,Hard,2026-02-27 02:31:25
3262,W15 Manacor,271,Itf Women Singles,Hard,2026-02-27 02:31:25
3290,W15 Manacor 2,271,Itf Women Singles,Hard,2026-02-27 02:31:25
8598,W15 Manacor 2,287,Itf Women Doubles,Hard,2026-02-27 02:31:25
9286,W15 Manacor 3,287,Itf Women Doubles,Hard,2026-02-27 02:31:25
4899,W15 Manacor 3,271,Itf Women Singles,Hard,2026-02-27 02:31:25
3879,W15 Manacor 4,271,Itf Women Singles,Hard,2026-02-27 02:31:25
3881,W15 Manacor 4,287,Itf Women Doubles,Hard,2026-02-27 02:31:25
8347,W15 Mar del Plata,287,Itf Women Doubles,Clay,2026-02-27 02:31:25
8343,W15 Mar del Plata,271,Itf Women Singles,Clay,2026-02-27 02:31:25
11123,W15 Maringa,271,Itf Women Singles,Clay,2026-02-27 02:31:25
11124,W15 Maringa,287,Itf Women Doubles,Clay,2026-02-27 02:31:25
5352,W15 Marrakech,287,Itf Women Doubles,Clay,2026-02-27 02:31:25
5350,W15 Marrakech,271,Itf Women Singles,Clay,2026-02-27 02:31:25
5388,W15 Marrakech 2,271,Itf Women Singles,Clay,2026-02-27 02:31:25
5380,W15 Marrakech 2,287,Itf Women Doubles,Clay,2026-02-27 02:31:25
3604,W15 Melilla,287,Itf Women Doubles,Clay,2026-02-27 02:31:25
3598,W15 Melilla,271,Itf Women Singles,Clay,2026-02-27 02:31:25
12539,W15 Merzig,271,Itf Women Singles,Clay,2026-02-27 02:31:25
12540,W15 Merzig,287,Itf Women Doubles,Clay,2026-02-27 02:31:25
12143,W15 Mogi das Cruzes,287,Itf Women Doubles,Clay,2026-02-27 02:31:25
12142,W15 Mogi das Cruzes,271,Itf Women Singles,Clay,2026-02-27 02:31:25
11242,W15 Mogyorod,271,Itf Women Singles,Clay,2026-02-27 02:31:25
11243,W15 Mogyorod,287,Itf Women Doubles,Clay,2026-02-27 02:31:25
3220,W15 Monastir,287,Itf Women Doubles,Hard,2026-02-27 02:31:25
3217,W15 Monastir,271,Itf Women Singles,Hard,2026-02-27 02:31:25
3474,W15 Monastir 10,271,Itf Women Singles,Hard,2026-02-27 02:31:25
3471,W15 Monastir 10,287,Itf Women Doubles,Hard,2026-02-27 02:31:25
5041,W15 Monastir 11,287,Itf Women Doubles,Hard,2026-02-27 02:31:25
4850,W15 Monastir 11,271,Itf Women Singles,Hard,2026-02-27 02:31:25
4900,W15 Monastir 12,271,Itf Women Singles,Hard,2026-02-27 02:31:25
5576,W15 Monastir 12,287,Itf Women Doubles,Hard,2026-02-27 02:31:25
4089,W15 Monastir 13,287,Itf Women Doubles,Hard,2026-02-27 02:31:25
4084,W15 Monastir 13,271,Itf Women Singles,Hard,2026-02-27 02:31:25
4128,W15 Monastir 14,271,Itf Women Singles,Hard,2026-02-27 02:31:25
7118,W15 Monastir 14,287,Itf Women Doubles,Hard,2026-02-27 02:31:25
7166,W15 Monastir 15,287,Itf Women Doubles,Hard,2026-02-27 02:31:25
4150,W15 Monastir 15,271,Itf Women Singles,Hard,2026-02-27 02:31:25
4184,W15 Monastir 16,271,Itf Women Singles,Hard,2026-02-27 02:31:25
7208,W15 Monastir 16,287,Itf Women Doubles,Hard,2026-02-27 02:31:25
4059,W15 Monastir 17,287,Itf Women Doubles,Hard,2026-02-27 02:31:25
4058,W15 Monastir 17,271,Itf Women Singles,Hard,2026-02-27 02:31:25
4241,W15 Monastir 18,271,Itf Women Singles,Hard,2026-02-27 02:31:25
4243,W15 Monastir 18,287,Itf Women Doubles,Hard,2026-02-27 02:31:25
7343,W15 Monastir 19,287,Itf Women Doubles,Hard,2026-02-27 02:31:25
4901,W15 Monastir 19,271,Itf Women Singles,Hard,2026-02-27 02:31:25
3241,W15 Monastir 2,271,Itf Women Singles,Hard,2026-02-27 02:31:25
3243,W15 Monastir 2,287,Itf Women Doubles,Hard,2026-02-27 02:31:25
7387,W15 Monastir 20,287,Itf Women Doubles,Hard,2026-02-27 02:31:25
4902,W15 Monastir 20,271,Itf Women Singles,Hard,2026-02-27 02:31:25
4903,W15 Monastir 21,271,Itf Women Singles,Hard,2026-02-27 02:31:25
7411,W15 Monastir 21,287,Itf Women Doubles,Hard,2026-02-27 02:31:25
4169,W15 Monastir 22,287,Itf Women Doubles,Hard,2026-02-27 02:31:25
4904,W15 Monastir 22,271,Itf Women Singles,Hard,2026-02-27 02:31:25
4905,W15 Monastir 23,271,Itf Women Singles,Hard,2026-02-27 02:31:25
7507,W15 Monastir 23,287,Itf Women Doubles,Hard,2026-02-27 02:31:25
4224,W15 Monastir 24,287,Itf Women Doubles,Hard,2026-02-27 02:31:25
4208,W15 Monastir 24,271,Itf Women Singles,Hard,2026-02-27 02:31:25
4906,W15 Monastir 25,271,Itf Women Singles,Hard,2026-02-27 02:31:25
7610,W15 Monastir 25,287,Itf Women Doubles,Hard,2026-02-27 02:31:25
7658,W15 Monastir 26,287,Itf Women Doubles,Hard,2026-02-27 02:31:25
4268,W15 Monastir 26,271,Itf Women Singles,Hard,2026-02-27 02:31:25
4310,W15 Monastir 27,271,Itf Women Singles,Hard,2026-02-27 02:31:25
4312,W15 Monastir 27,287,Itf Women Doubles,Hard,2026-02-27 02:31:25
7766,W15 Monastir 28,287,Itf Women Doubles,Hard,2026-02-27 02:31:25
4325,W15 Monastir 28,271,Itf Women Singles,Hard,2026-02-27 02:31:25
4355,W15 Monastir 29,271,Itf Women Singles,Hard,2026-02-27 02:31:25
7785,W15 Monastir 29,287,Itf Women Doubles,Hard,2026-02-27 02:31:25
3270,W15 Monastir 3,287,Itf Women Doubles,Hard,2026-02-27 02:31:25
3268,W15 Monastir 3,271,Itf Women Singles,Hard,2026-02-27 02:31:25
4387,W15 Monastir 30,271,Itf Women Singles,Hard,2026-02-27 02:31:25
7828,W15 Monastir 30,287,Itf Women Doubles,Hard,2026-02-27 02:31:25
4441,W15 Monastir 31,287,Itf Women Doubles,Hard,2026-02-27 02:31:25
4439,W15 Monastir 31,271,Itf Women Singles,Hard,2026-02-27 02:31:25
4447,W15 Monastir 32,271,Itf Women Singles,Hard,2026-02-27 02:31:25
4459,W15 Monastir 32,287,Itf Women Doubles,Hard,2026-02-27 02:31:25
4497,W15 Monastir 33,287,Itf Women Doubles,Hard,2026-02-27 02:31:25
4499,W15 Monastir 33,271,Itf Women Singles,Hard,2026-02-27 02:31:25
4540,W15 Monastir 34,271,Itf Women Singles,Hard,2026-02-27 02:31:25
4533,W15 Monastir 34,287,Itf Women Doubles,Hard,2026-02-27 02:31:25
4574,W15 Monastir 35,287,Itf Women Doubles,Hard,2026-02-27 02:31:25
4577,W15 Monastir 35,271,Itf Women Singles,Hard,2026-02-27 02:31:25
4601,W15 Monastir 36,271,Itf Women Singles,Hard,2026-02-27 02:31:25
8149,W15 Monastir 36,287,Itf Women Doubles,Hard,2026-02-27 02:31:25
8163,W15 Monastir 37,287,Itf Women Doubles,Hard,2026-02-27 02:31:25
4635,W15 Monastir 37,271,Itf Women Singles,Hard,2026-02-27 02:31:25
4668,W15 Monastir 38,271,Itf Women Singles,Hard,2026-02-27 02:31:25
8230,W15 Monastir 38,287,Itf Women Doubles,Hard,2026-02-27 02:31:25
4691,W15 Monastir 39,287,Itf Women Doubles,Hard,2026-02-27 02:31:25
4725,W15 Monastir 39,271,Itf Women Singles,Hard,2026-02-27 02:31:25
3298,W15 Monastir 4,271,Itf Women Singles,Hard,2026-02-27 02:31:25
3292,W15 Monastir 4,287,Itf Women Doubles,Hard,2026-02-27 02:31:25
4724,W15 Monastir 40,287,Itf Women Doubles,Hard,2026-02-27 02:31:25
4722,W15 Monastir 40,271,Itf Women Singles,Hard,2026-02-27 02:31:25
4751,W15 Monastir 41,271,Itf Women Singles,Hard,2026-02-27 02:31:25
8398,W15 Monastir 41,287,Itf Women Doubles,Hard,2026-02-27 02:31:25
4801,W15 Monastir 42,287,Itf Women Doubles,Hard,2026-02-27 02:31:25
4797,W15 Monastir 42,271,Itf Women Singles,Hard,2026-02-27 02:31:25
4829,W15 Monastir 43,271,Itf Women Singles,Hard,2026-02-27 02:31:25
4848,W15 Monastir 43,287,Itf Women Doubles,Hard,2026-02-27 02:31:25
4983,W15 Monastir 44,287,Itf Women Doubles,Hard,2026-02-27 02:31:25
4982,W15 Monastir 44,271,Itf Women Singles,Hard,2026-02-27 02:31:25
5007,W15 Monastir 45,271,Itf Women Singles,Hard,2026-02-27 02:31:25
5033,W15 Monastir 45,287,Itf Women Doubles,Hard,2026-02-27 02:31:25
5080,W15 Monastir 46,287,Itf Women Doubles,Hard,2026-02-27 02:31:25
4961,W15 Monastir 46,271,Itf Women Singles,Hard,2026-02-27 02:31:25
5099,W15 Monastir 47,271,Itf Women Singles,Hard,2026-02-27 02:31:25
5100,W15 Monastir 47,287,Itf Women Doubles,Hard,2026-02-27 02:31:25
5125,W15 Monastir 48,287,Itf Women Doubles,Hard,2026-02-27 02:31:25
5117,W15 Monastir 48,271,Itf Women Singles,Hard,2026-02-27 02:31:25
5137,W15 Monastir 49,271,Itf Women Singles,Hard,2026-02-27 02:31:25
5140,W15 Monastir 49,287,Itf Women Doubles,Hard,2026-02-27 02:31:25
3319,W15 Monastir 5,287,Itf Women Doubles,Hard,2026-02-27 02:31:25
3316,W15 Monastir 5,271,Itf Women Singles,Hard,2026-02-27 02:31:25
5150,W15 Monastir 50,271,Itf Women Singles,Hard,2026-02-27 02:31:25
5151,W15 Monastir 50,287,Itf Women Doubles,Hard,2026-02-27 02:31:25
3353,W15 Monastir 6,287,Itf Women Doubles,Hard,2026-02-27 02:31:25
3352,W15 Monastir 6,271,Itf Women Singles,Hard,2026-02-27 02:31:25
3379,W15 Monastir 7,271,Itf Women Singles,Hard,2026-02-27 02:31:25
3385,W15 Monastir 7,287,Itf Women Doubles,Hard,2026-02-27 02:31:25
3402,W15 Monastir 8,287,Itf Women Doubles,Hard,2026-02-27 02:31:25
3408,W15 Monastir 8,271,Itf Women Singles,Hard,2026-02-27 02:31:25
3432,W15 Monastir 9,271,Itf Women Singles,Hard,2026-02-27 02:31:25
3438,W15 Monastir 9,287,Itf Women Doubles,Hard,2026-02-27 02:31:25
10762,W15 Montreal,287,Itf Women Doubles,Hard,2026-02-27 02:31:25
10761,W15 Montreal,271,Itf Women Singles,Hard,2026-02-27 02:31:25
12474,W15 Monzon,271,Itf Women Singles,Hard,2026-02-27 02:31:25
12475,W15 Monzon,287,Itf Women Doubles,Hard,2026-02-27 02:31:25
4365,W15 Moscow,287,Itf Women Doubles,Clay,2026-02-27 02:31:25
4356,W15 Moscow,271,Itf Women Singles,Clay,2026-02-27 02:31:25
11834,W15 Mysuru,271,Itf Women Singles,Hard,2026-02-27 02:31:25
11835,W15 Mysuru,287,Itf Women Doubles,Hard,2026-02-27 02:31:25
5301,W15 Nagpur,287,Itf Women Doubles,Clay,2026-02-27 02:31:25
5300,W15 Nagpur,271,Itf Women Singles,Clay,2026-02-27 02:31:25
8267,W15 Nairobi,271,Itf Women Singles,Clay,2026-02-27 02:31:25
8281,W15 Nairobi,287,Itf Women Doubles,Clay,2026-02-27 02:31:25
8336,W15 Nairobi 2,287,Itf Women Doubles,Clay,2026-02-27 02:31:25
8331,W15 Nairobi 2,271,Itf Women Singles,Clay,2026-02-27 02:31:25
12742,W15 Nakhon Pathom,271,Itf Women Singles,Hard,2026-02-27 02:31:25
12744,W15 Nakhon Pathom,287,Itf Women Doubles,Hard,2026-02-27 02:31:25
12780,W15 Nakhon Pathom 2,287,Itf Women Doubles,Hard,2026-02-27 02:31:25
12779,W15 Nakhon Pathom 2,271,Itf Women Singles,Hard,2026-02-27 02:31:25
12917,W15 Nakhon Pathom 3,271,Itf Women Singles,Hard,2026-02-27 02:31:25
12918,W15 Nakhon Pathom 3,287,Itf Women Doubles,Hard,2026-02-27 02:31:25
9675,W15 Nakhon Si Thammarat,287,Itf Women Doubles,Hard,2026-02-27 02:31:25
9673,W15 Nakhon Si Thammarat,271,Itf Women Singles,Hard,2026-02-27 02:31:25
9713,W15 Nakhon Si Thammarat 2,271,Itf Women Singles,Hard,2026-02-27 02:31:25
9714,W15 Nakhon Si Thammarat 2,287,Itf Women Doubles,Hard,2026-02-27 02:31:25
9856,W15 Nakhon Si Thammarat 3,287,Itf Women Doubles,Hard,2026-02-27 02:31:25
9855,W15 Nakhon Si Thammarat 3,271,Itf Women Singles,Hard,2026-02-27 02:31:25
9878,W15 Nakhon Si Thammarat 4,271,Itf Women Singles,Hard,2026-02-27 02:31:25
9880,W15 Nakhon Si Thammarat 4,287,Itf Women Doubles,Hard,2026-02-27 02:31:25
10031,W15 Nakhon Si Thammarat 5,287,Itf Women Doubles,Hard,2026-02-27 02:31:25
10030,W15 Nakhon Si Thammarat 5,271,Itf Women Singles,Hard,2026-02-27 02:31:25
5332,"W15 Naples, FL",271,Itf Women Singles,Clay,2026-02-27 02:31:25
5334,"W15 Naples, FL",287,Itf Women Doubles,Clay,2026-02-27 02:31:25
10345,W15 Nasbypark,287,Itf Women Doubles,Hard,2026-02-27 02:31:25
10341,W15 Nasbypark,271,Itf Women Singles,Hard,2026-02-27 02:31:25
12028,W15 Neuquen,271,Itf Women Singles,Clay,2026-02-27 02:31:25
12029,W15 Neuquen,287,Itf Women Doubles,Clay,2026-02-27 02:31:25
3932,W15 New Delhi,287,Itf Women Doubles,Hard,2026-02-27 02:31:25
3931,W15 New Delhi,271,Itf Women Singles,Hard,2026-02-27 02:31:25
11741,W15 Nogent-sur-Marne,271,Itf Women Singles,Clay,2026-02-27 02:31:25
11742,W15 Nogent-sur-Marne,287,Itf Women Doubles,Clay,2026-02-27 02:31:25
12334,W15 Nonthaburi,287,Itf Women Doubles,Hard,2026-02-27 02:31:25
12333,W15 Nonthaburi,271,Itf Women Singles,Hard,2026-02-27 02:31:25
12349,W15 Nonthaburi 2,271,Itf Women Singles,Hard,2026-02-27 02:31:25
12350,W15 Nonthaburi 2,287,Itf Women Doubles,Hard,2026-02-27 02:31:25
7220,W15 Norges-la-Ville,287,Itf Women Doubles,Hard,2026-02-27 02:31:25
7216,W15 Norges-la-Ville,271,Itf Women Singles,Hard,2026-02-27 02:31:25
4772,"W15 Norman, OK",271,Itf Women Singles,Hard,2026-02-27 02:31:25
4769,"W15 Norman, OK",287,Itf Women Doubles,Hard,2026-02-27 02:31:25
7727,W15 Norrkoping,287,Itf Women Doubles,Clay,2026-02-27 02:31:25
7726,W15 Norrkoping,271,Itf Women Singles,Clay,2026-02-27 02:31:25
10984,W15 Nova Gorica,271,Itf Women Singles,Clay,2026-02-27 02:31:25
11004,W15 Nova Gorica,287,Itf Women Doubles,Clay,2026-02-27 02:31:25
8272,W15 Nules,287,Itf Women Doubles,Clay,2026-02-27 02:31:25
8271,W15 Nules,271,Itf Women Singles,Clay,2026-02-27 02:31:25
8377,W15 Oberpullendorf,271,Itf Women Singles,Hard,2026-02-27 02:31:25
8378,W15 Oberpullendorf,287,Itf Women Doubles,Hard,2026-02-27 02:31:25
8410,W15 Oberpullendorf 2,287,Itf Women Doubles,Hard,2026-02-27 02:31:25
8409,W15 Oberpullendorf 2,271,Itf Women Singles,Hard,2026-02-27 02:31:25
12442,W15 Oegstgeest,271,Itf Women Singles,Clay,2026-02-27 02:31:25
12443,W15 Oegstgeest,287,Itf Women Doubles,Clay,2026-02-27 02:31:25
3555,W15 Oeiras,287,Itf Women Doubles,Clay,2026-02-27 02:31:25
3554,W15 Oeiras,271,Itf Women Singles,Clay,2026-02-27 02:31:25
5589,W15 Oran,271,Itf Women Singles,Clay,2026-02-27 02:31:25
5609,W15 Oran,287,Itf Women Doubles,Clay,2026-02-27 02:31:25
5621,W15 Oran 2,287,Itf Women Doubles,Clay,2026-02-27 02:31:25
5620,W15 Oran 2,271,Itf Women Singles,Clay,2026-02-27 02:31:25
12490,"W15 Orlando, FL",271,Itf Women Singles,Clay,2026-02-27 02:31:25
12494,"W15 Orlando, FL",287,Itf Women Doubles,Clay,2026-02-27 02:31:25
3835,W15 Ortisei,287,Itf Women Doubles,Hard (Indoor),2026-02-27 02:31:25
3836,W15 Ortisei,271,Itf Women Singles,Hard (Indoor),2026-02-27 02:31:25
9474,W15 Osaka,271,Itf Women Singles,Hard,2026-02-27 02:31:25
9457,W15 Osaka,287,Itf Women Doubles,Hard,2026-02-27 02:31:25
10954,W15 Osijek,287,Itf Women Doubles,Clay,2026-02-27 02:31:25
10953,W15 Osijek,271,Itf Women Singles,Clay,2026-02-27 02:31:25
12174,W15 Oslo,271,Itf Women Singles,Hard,2026-02-27 02:31:25
12172,W15 Oslo,287,Itf Women Doubles,Hard,2026-02-27 02:31:25
9137,W15 Otocec,287,Itf Women Doubles,Clay,2026-02-27 02:31:25
3571,W15 Otocec,271,Itf Women Singles,Clay,2026-02-27 02:31:25
12884,W15 Otopeni,271,Itf Women Singles,Clay,2026-02-27 02:31:25
12885,W15 Otopeni,287,Itf Women Doubles,Clay,2026-02-27 02:31:25
7626,W15 Padova,287,Itf Women Doubles,Clay,2026-02-27 02:31:25
7625,W15 Padova,271,Itf Women Singles,Clay,2026-02-27 02:31:25
13676,"W15 Palm Coast, FL",271,Itf Women Singles,Clay,2026-02-27 02:31:25
13677,"W15 Palm Coast, FL",287,Itf Women Doubles,Clay,2026-02-27 02:31:25
3320,W15 Palmanova,287,Itf Women Doubles,Clay,2026-02-27 02:31:25
3317,W15 Palmanova,271,Itf Women Singles,Clay,2026-02-27 02:31:25
5382,W15 Palmanova 2,271,Itf Women Singles,Clay,2026-02-27 02:31:25
5383,W15 Palmanova 2,287,Itf Women Doubles,Clay,2026-02-27 02:31:25
3781,W15 Pazardzhik,287,Itf Women Doubles,Clay,2026-02-27 02:31:25
3777,W15 Pazardzhik,271,Itf Women Singles,Clay,2026-02-27 02:31:25
7564,W15 Pescara,271,Itf Women Singles,Clay,2026-02-27 02:31:25
7565,W15 Pescara,287,Itf Women Doubles,Clay,2026-02-27 02:31:25
13479,W15 Phan Thiet,287,Itf Women Doubles,Hard,2026-02-27 02:31:25
13478,W15 Phan Thiet,271,Itf Women Singles,Hard,2026-02-27 02:31:25
13494,W15 Phan Thiet 2,271,Itf Women Singles,Hard,2026-02-27 02:31:25
13495,W15 Phan Thiet 2,287,Itf Women Doubles,Hard,2026-02-27 02:31:25
4757,W15 Piracicaba,287,Itf Women Doubles,Clay,2026-02-27 02:31:25
4756,W15 Piracicaba,271,Itf Women Singles,Clay,2026-02-27 02:31:25
3778,W15 Platja D'Aro,271,Itf Women Singles,Clay,2026-02-27 02:31:25
3782,W15 Platja D'Aro,287,Itf Women Doubles,Clay,2026-02-27 02:31:25
9539,W15 Poertschach,287,Itf Women Doubles,Clay,2026-02-27 02:31:25
9538,W15 Poertschach,271,Itf Women Singles,Clay,2026-02-27 02:31:25
3614,W15 Porto,271,Itf Women Singles,Hard,2026-02-27 02:31:25
3618,W15 Porto,287,Itf Women Doubles,Hard,2026-02-27 02:31:25
12247,W15 Pretoria,287,Itf Women Doubles,Hard,2026-02-27 02:31:25
12257,W15 Pretoria,271,Itf Women Singles,Hard,2026-02-27 02:31:25
12282,W15 Pretoria 2,271,Itf Women Singles,Hard,2026-02-27 02:31:25
12275,W15 Pretoria 2,287,Itf Women Doubles,Hard,2026-02-27 02:31:25
4276,W15 Prokuplje,287,Itf Women Doubles,Clay,2026-02-27 02:31:25
4269,W15 Prokuplje,271,Itf Women Singles,Clay,2026-02-27 02:31:25
4311,W15 Prokuplje 2,271,Itf Women Singles,Clay,2026-02-27 02:31:25
4314,W15 Prokuplje 2,287,Itf Women Doubles,Clay,2026-02-27 02:31:25
13015,W15 Radom,287,Itf Women Doubles,Clay,2026-02-27 02:31:25
13013,W15 Radom,271,Itf Women Singles,Clay,2026-02-27 02:31:25
4029,W15 Ramat Hasharon,271,Itf Women Singles,Hard,2026-02-27 02:31:25
4031,W15 Ramat Hasharon,287,Itf Women Doubles,Hard,2026-02-27 02:31:25
7183,"W15 Rancho Santa Fe, CA",287,Itf Women Doubles,Hard,2026-02-27 02:31:25
7182,"W15 Rancho Santa Fe, CA",271,Itf Women Singles,Hard,2026-02-27 02:31:25
9619,W15 Recife,271,Itf Women Singles,Clay,2026-02-27 02:31:25
9620,W15 Recife,287,Itf Women Doubles,Clay,2026-02-27 02:31:25
7999,W15 Reims,287,Itf Women Doubles,Hard,2026-02-27 02:31:25
7995,W15 Reims,271,Itf Women Singles,Hard (Indoor),2026-02-27 02:31:25
12096,W15 Ribeirao Preto,271,Itf Women Singles,Clay,2026-02-27 02:31:25
12097,W15 Ribeirao Preto,287,Itf Women Doubles,Clay,2026-02-27 02:31:25
11095,W15 Rio Claro,287,Itf Women Doubles,Clay,2026-02-27 02:31:25
11094,W15 Rio Claro,271,Itf Women Singles,Clay,2026-02-27 02:31:25
11385,W15 Rogaska Slatina,271,Itf Women Singles,Clay,2026-02-27 02:31:25
11386,W15 Rogaska Slatina,287,Itf Women Doubles,Clay,2026-02-27 02:31:25
9798,W15 Rosario-Santa Fe,287,Itf Women Doubles,Clay,2026-02-27 02:31:25
9797,W15 Rosario-Santa Fe,271,Itf Women Singles,Clay,2026-02-27 02:31:25
10781,W15 Sabadell,271,Itf Women Singles,Clay,2026-02-27 02:31:25
10782,W15 Sabadell,287,Itf Women Doubles,Clay,2026-02-27 02:31:25
9141,W15 Saint Palais sur Mer,287,Itf Women Doubles,Clay,2026-02-27 02:31:25
3577,W15 Saint Palais sur Mer,271,Itf Women Singles,Clay,2026-02-27 02:31:25
7222,"W15 San Diego, CA",271,Itf Women Singles,Hard,2026-02-27 02:31:25
7223,"W15 San Diego, CA",287,Itf Women Doubles,Hard,2026-02-27 02:31:25
7278,"W15 San Diego, CA 2",287,Itf Women Doubles,Hard,2026-02-27 02:31:25
7276,"W15 San Diego, CA 2",271,Itf Women Singles,Hard,2026-02-27 02:31:25
11144,"W15 San Diego, CA 3",271,Itf Women Singles,Hard,2026-02-27 02:31:25
11145,"W15 San Diego, CA 3",287,Itf Women Doubles,Hard,2026-02-27 02:31:25
12722,"W15 San Diego, CA 4",287,Itf Women Doubles,Hard,2026-02-27 02:31:25
12721,"W15 San Diego, CA 4",271,Itf Women Singles,Hard,2026-02-27 02:31:25
11875,W15 Sant Vicenc de Torello,271,Itf Women Singles,Hard,2026-02-27 02:31:25
11876,W15 Sant Vicenc de Torello,287,Itf Women Doubles,Hard,2026-02-27 02:31:25
4118,W15 Santa Margarita de Montbui,287,Itf Women Doubles,Hard,2026-02-27 02:31:25
4116,W15 Santa Margarita de Montbui,271,Itf Women Singles,Hard,2026-02-27 02:31:25
13308,W15 Santa Tecla,271,Itf Women Singles,Hard,2026-02-27 02:31:25
13309,W15 Santa Tecla,287,Itf Women Doubles,Hard,2026-02-27 02:31:25
13331,W15 Santa Tecla 2,287,Itf Women Doubles,Hard,2026-02-27 02:31:25
13330,W15 Santa Tecla 2,271,Itf Women Singles,Hard,2026-02-27 02:31:25
3599,W15 Santarem,271,Itf Women Singles,Hard,2026-02-27 02:31:25
9145,W15 Santarem,287,Itf Women Doubles,Hard,2026-02-27 02:31:25
12898,W15 Santiago,287,Itf Women Doubles,Clay,2026-02-27 02:31:25
12891,W15 Santiago,271,Itf Women Singles,Clay,2026-02-27 02:31:25
12931,W15 Santiago 2,271,Itf Women Singles,Clay,2026-02-27 02:31:25
12933,W15 Santiago 2,287,Itf Women Doubles,Clay,2026-02-27 02:31:25
5078,W15 Santo Domingo,287,Itf Women Doubles,Hard,2026-02-27 02:31:25
5077,W15 Santo Domingo,271,Itf Women Singles,Hard,2026-02-27 02:31:25
5104,W15 Santo Domingo 2,271,Itf Women Singles,Hard,2026-02-27 02:31:25
5105,W15 Santo Domingo 2,287,Itf Women Doubles,Hard,2026-02-27 02:31:25
10759,W15 Sao João da Boa Vista,287,Itf Women Doubles,Clay,2026-02-27 02:31:25
10756,W15 Sao João da Boa Vista,271,Itf Women Singles,Clay,2026-02-27 02:31:25
13000,W15 Sao Luis,271,Itf Women Singles,Clay,2026-02-27 02:31:25
13016,W15 Sao Luis,287,Itf Women Doubles,Clay,2026-02-27 02:31:25
5486,W15 Sao Paulo,287,Itf Women Doubles,Clay,2026-02-27 02:31:25
5484,W15 Sao Paulo,271,Itf Women Singles,Clay,2026-02-27 02:31:25
5568,W15 Sao Paulo 2,271,Itf Women Singles,Clay,2026-02-27 02:31:25
5569,W15 Sao Paulo 2,287,Itf Women Doubles,Clay,2026-02-27 02:31:25
9904,W15 Sapporo,287,Itf Women Doubles,Hard,2026-02-27 02:31:25
9903,W15 Sapporo,271,Itf Women Singles,Hard,2026-02-27 02:31:25
9919,W15 Sapporo 2,271,Itf Women Singles,Hard,2026-02-27 02:31:25
9920,W15 Sapporo 2,287,Itf Women Doubles,Hard,2026-02-27 02:31:25
9951,W15 Sapporo 3,287,Itf Women Doubles,Hard,2026-02-27 02:31:25
9950,W15 Sapporo 3,271,Itf Women Singles,Hard,2026-02-27 02:31:25
11348,W15 Satu Mare,271,Itf Women Singles,Clay,2026-02-27 02:31:25
11349,W15 Satu Mare,287,Itf Women Doubles,Clay,2026-02-27 02:31:25
4389,W15 Savitaipale,287,Itf Women Doubles,Clay,2026-02-27 02:31:25
4403,W15 Savitaipale,271,Itf Women Singles,Clay,2026-02-27 02:31:25
3634,W15 Sharm El Sheikh,271,Itf Women Singles,Hard,2026-02-27 02:31:25
3633,W15 Sharm El Sheikh,287,Itf Women Doubles,Hard,2026-02-27 02:31:25
9435,W15 Sharm El Sheikh 10,271,Itf Women Singles,Hard,2026-02-27 02:31:25
4705,W15 Sharm El Sheikh 11,271,Itf Women Singles,Hard,2026-02-27 02:31:25
4706,W15 Sharm El Sheikh 11,287,Itf Women Doubles,Hard,2026-02-27 02:31:25
4774,W15 Sharm El Sheikh 12,287,Itf Women Doubles,Hard,2026-02-27 02:31:25
4777,W15 Sharm El Sheikh 12,271,Itf Women Singles,Hard,2026-02-27 02:31:25
4816,W15 Sharm El Sheikh 13,271,Itf Women Singles,Hard,2026-02-27 02:31:25
4786,W15 Sharm El Sheikh 13,287,Itf Women Doubles,Hard,2026-02-27 02:31:25
4860,W15 Sharm El Sheikh 14,287,Itf Women Doubles,Hard,2026-02-27 02:31:25
4907,W15 Sharm El Sheikh 14,271,Itf Women Singles,Hard,2026-02-27 02:31:25
4888,W15 Sharm El Sheikh 15,287,Itf Women Doubles,Hard,2026-02-27 02:31:25
4938,W15 Sharm El Sheikh 16,287,Itf Women Doubles,Hard,2026-02-27 02:31:25
5023,W15 Sharm El Sheikh 16,271,Itf Women Singles,Hard,2026-02-27 02:31:25
9288,W15 Sharm El Sheikh 17,287,Itf Women Doubles,Hard,2026-02-27 02:31:25
8612,W15 Sharm El Sheikh 4,271,Itf Women Singles,Hard,2026-02-27 02:31:25
9322,W15 Sharm El Sheikh 6,287,Itf Women Doubles,Hard,2026-02-27 02:31:25
5269,W15 Sharm ElSheikh,287,Itf Women Doubles,Hard,2026-02-27 02:31:25
5277,W15 Sharm ElSheikh,271,Itf Women Singles,Hard,2026-02-27 02:31:25
7874,W15 Sharm ElSheikh 10,271,Itf Women Singles,Hard,2026-02-27 02:31:25
7877,W15 Sharm ElSheikh 10,287,Itf Women Doubles,Hard,2026-02-27 02:31:25
7932,W15 Sharm ElSheikh 11,287,Itf Women Doubles,Hard,2026-02-27 02:31:25
7956,W15 Sharm ElSheikh 11,271,Itf Women Singles,Hard,2026-02-27 02:31:25
7987,W15 Sharm ElSheikh 12,271,Itf Women Singles,Hard,2026-02-27 02:31:25
7990,W15 Sharm ElSheikh 12,287,Itf Women Doubles,Hard,2026-02-27 02:31:25
8056,W15 Sharm ElSheikh 13,287,Itf Women Doubles,Hard,2026-02-27 02:31:25
8057,W15 Sharm ElSheikh 13,271,Itf Women Singles,Hard,2026-02-27 02:31:25
8103,W15 Sharm ElSheikh 14,271,Itf Women Singles,Hard,2026-02-27 02:31:25
8085,W15 Sharm ElSheikh 14,287,Itf Women Doubles,Hard,2026-02-27 02:31:25
8124,W15 Sharm ElSheikh 15,287,Itf Women Doubles,Hard,2026-02-27 02:31:25
4947,W15 Sharm ElSheikh 15,271,Itf Women Singles,Hard,2026-02-27 02:31:25
8195,W15 Sharm ElSheikh 16,271,Itf Women Singles,Hard,2026-02-27 02:31:25
8196,W15 Sharm ElSheikh 16,287,Itf Women Doubles,Hard,2026-02-27 02:31:25
8337,W15 Sharm ElSheikh 17,287,Itf Women Doubles,Hard,2026-02-27 02:31:25
4993,W15 Sharm ElSheikh 17,271,Itf Women Singles,Hard,2026-02-27 02:31:25
8402,W15 Sharm ElSheikh 18,271,Itf Women Singles,Hard,2026-02-27 02:31:25
8384,W15 Sharm ElSheikh 18,287,Itf Women Doubles,Hard,2026-02-27 02:31:25
8411,W15 Sharm ElSheikh 19,287,Itf Women Doubles,Hard,2026-02-27 02:31:25
8416,W15 Sharm ElSheikh 19,271,Itf Women Singles,Hard,2026-02-27 02:31:25
5293,W15 Sharm ElSheikh 2,271,Itf Women Singles,Hard,2026-02-27 02:31:25
5284,W15 Sharm ElSheikh 2,287,Itf Women Doubles,Hard,2026-02-27 02:31:25
8424,W15 Sharm ElSheikh 20,287,Itf Women Doubles,Hard,2026-02-27 02:31:25
8431,W15 Sharm ElSheikh 20,271,Itf Women Singles,Hard,2026-02-27 02:31:25
8448,W15 Sharm ElSheikh 21,271,Itf Women Singles,Hard,2026-02-27 02:31:25
1200,W15 Sharm ElSheikh 21,287,Itf Women Doubles,,2026-02-27 02:31:25
8449,W15 Sharm ElSheikh 21,287,Itf Women Doubles,Hard,2026-02-27 02:31:25
5304,W15 Sharm ElSheikh 3,287,Itf Women Doubles,Hard,2026-02-27 02:31:25
5309,W15 Sharm ElSheikh 3,271,Itf Women Singles,Hard,2026-02-27 02:31:25
5336,W15 Sharm ElSheikh 4,271,Itf Women Singles,Hard,2026-02-27 02:31:25
5327,W15 Sharm ElSheikh 4,287,Itf Women Doubles,Hard,2026-02-27 02:31:25
5344,W15 Sharm ElSheikh 5,287,Itf Women Doubles,Hard,2026-02-27 02:31:25
5363,W15 Sharm ElSheikh 5,271,Itf Women Singles,Hard,2026-02-27 02:31:25
5385,W15 Sharm ElSheikh 6,271,Itf Women Singles,Hard,2026-02-27 02:31:25
5370,W15 Sharm ElSheikh 6,287,Itf Women Doubles,Hard,2026-02-27 02:31:25
5397,W15 Sharm ElSheikh 7,287,Itf Women Doubles,Hard,2026-02-27 02:31:25
5401,W15 Sharm ElSheikh 7,271,Itf Women Singles,Hard,2026-02-27 02:31:25
5411,W15 Sharm ElSheikh 8,271,Itf Women Singles,Hard,2026-02-27 02:31:25
5412,W15 Sharm ElSheikh 8,287,Itf Women Doubles,Hard,2026-02-27 02:31:25
7846,W15 Sharm ElSheikh 9,287,Itf Women Doubles,Hard,2026-02-27 02:31:25
7843,W15 Sharm ElSheikh 9,271,Itf Women Singles,Hard,2026-02-27 02:31:25
10091,W15 Shenzhen,271,Itf Women Singles,Hard,2026-02-27 02:31:25
10096,W15 Shenzhen,287,Itf Women Doubles,Hard,2026-02-27 02:31:25
9285,W15 Shymkent,287,Itf Women Doubles,Hard (Indoor),2026-02-27 02:31:25
3903,W15 Shymkent,271,Itf Women Singles,Hard (Indoor),2026-02-27 02:31:25
5024,W15 Shymkent 2,271,Itf Women Singles,Hard (Indoor),2026-02-27 02:31:25
5042,W15 Shymkent 2,287,Itf Women Doubles,Hard (Indoor),2026-02-27 02:31:25
13219,W15 Shymkent 3,287,Itf Women Doubles,Clay,2026-02-27 02:31:25
13212,W15 Shymkent 3,271,Itf Women Singles,Clay,2026-02-27 02:31:25
5025,W15 Shymkent 4,271,Itf Women Singles,Clay,2026-02-27 02:31:25
3908,W15 Shymkent 4,287,Itf Women Doubles,Hard,2026-02-27 02:31:25
4144,W15 Shymkent 5,287,Itf Women Doubles,Clay,2026-02-27 02:31:25
4140,W15 Shymkent 5,271,Itf Women Singles,Clay,2026-02-27 02:31:25
4105,W15 Shymkent 6,271,Itf Women Singles,Clay,2026-02-27 02:31:25
4107,W15 Shymkent 6,287,Itf Women Doubles,Clay,2026-02-27 02:31:25
4090,W15 Sibenik,287,Itf Women Doubles,Clay,2026-02-27 02:31:25
4098,W15 Sibenik,271,Itf Women Singles,Clay,2026-02-27 02:31:25
4119,W15 Sibenik 2,271,Itf Women Singles,Clay,2026-02-27 02:31:25
4122,W15 Sibenik 2,287,Itf Women Doubles,Clay,2026-02-27 02:31:25
9423,W15 Singapore,287,Itf Women Doubles,Hard,2026-02-27 02:31:25
9421,W15 Singapore,271,Itf Women Singles,Hard,2026-02-27 02:31:25
12877,W15 Singapore 2,271,Itf Women Singles,Hard,2026-02-27 02:31:25
12878,W15 Singapore 2,287,Itf Women Doubles,Hard,2026-02-27 02:31:25
11421,W15 Slovenske Konjice,287,Itf Women Doubles,Clay,2026-02-27 02:31:25
11420,W15 Slovenske Konjice,271,Itf Women Singles,Clay,2026-02-27 02:31:25
5096,W15 Solapur,271,Itf Women Singles,Hard,2026-02-27 02:31:25
5097,W15 Solapur,287,Itf Women Doubles,Hard,2026-02-27 02:31:25
4894,W15 Solarino,287,Itf Women Doubles,Hard,2026-02-27 02:31:25
4892,W15 Solarino,271,Itf Women Singles,Hard,2026-02-27 02:31:25
4968,W15 Solarino 2,271,Itf Women Singles,Hard,2026-02-27 02:31:25
8229,W15 Solarino 2,287,Itf Women Doubles,Hard,2026-02-27 02:31:25
4939,W15 Solarino 3,287,Itf Women Doubles,Grass,2026-02-27 02:31:25
4929,W15 Solarino 3,271,Itf Women Singles,Grass,2026-02-27 02:31:25
4608,W15 Sozopol,271,Itf Women Singles,Hard,2026-02-27 02:31:25
4610,W15 Sozopol,287,Itf Women Doubles,Hard,2026-02-27 02:31:25
4712,W15 Sozopol 2,287,Itf Women Doubles,Hard,2026-02-27 02:31:25
4710,W15 Sozopol 2,271,Itf Women Singles,Hard,2026-02-27 02:31:25
4752,W15 Sozopol 3,271,Itf Women Singles,Hard,2026-02-27 02:31:25
9289,W15 Sozopol 3,287,Itf Women Doubles,Hard,2026-02-27 02:31:25
12125,W15 Stellenbosch,287,Itf Women Doubles,Hard,2026-02-27 02:31:25
12124,W15 Stellenbosch,271,Itf Women Singles,Hard,2026-02-27 02:31:25
12140,W15 Stellenbosch 2,271,Itf Women Singles,Hard,2026-02-27 02:31:25
12141,W15 Stellenbosch 2,287,Itf Women Doubles,Hard,2026-02-27 02:31:25
9088,W15 Stuttgart-Stammheim,287,Itf Women Doubles,Hard (Indoor),2026-02-27 02:31:25
3273,W15 Stuttgart-Stammheim,271,Itf Women Singles,Hard (Indoor),2026-02-27 02:31:25
13410,"W15 Sumter, SC",271,Itf Women Singles,Clay,2026-02-27 02:31:25
13411,"W15 Sumter, SC",287,Itf Women Doubles,Clay,2026-02-27 02:31:25
2326,W15 Sunderland,271,Itf Women Singles,Hard (Indoor),2026-02-27 02:31:25
13428,W15 Szabolcsveresmart,271,Itf Women Singles,Hard,2026-02-27 02:31:25
13429,W15 Szabolcsveresmart,287,Itf Women Doubles,Hard,2026-02-27 02:31:25
11967,W15 Taby,287,Itf Women Doubles,Hard,2026-02-27 02:31:25
11966,W15 Taby,271,Itf Women Singles,Hard,2026-02-27 02:31:25
12567,W15 Tashkent,271,Itf Women Singles,Hard,2026-02-27 02:31:25
12563,W15 Tashkent,287,Itf Women Doubles,Hard,2026-02-27 02:31:25
12625,W15 Tashkent 2,287,Itf Women Doubles,Hard,2026-02-27 02:31:25
12628,W15 Tashkent 2,271,Itf Women Singles,Hard,2026-02-27 02:31:25
13368,W15 Tashkent 3,271,Itf Women Singles,Hard,2026-02-27 02:31:25
13369,W15 Tashkent 3,287,Itf Women Doubles,Hard,2026-02-27 02:31:25
13403,W15 Tashkent 4,287,Itf Women Doubles,Hard,2026-02-27 02:31:25
13402,W15 Tashkent 4,271,Itf Women Singles,Hard,2026-02-27 02:31:25
4073,W15 Tbilisi,271,Itf Women Singles,Hard,2026-02-27 02:31:25
4079,W15 Tbilisi,287,Itf Women Doubles,Hard,2026-02-27 02:31:25
9960,W15 Tbilisi 2,287,Itf Women Doubles,Hard,2026-02-27 02:31:25
9948,W15 Tbilisi 2,271,Itf Women Singles,Hard,2026-02-27 02:31:25
12949,W15 Telavi,271,Itf Women Singles,Clay,2026-02-27 02:31:25
12950,W15 Telavi,287,Itf Women Doubles,Clay,2026-02-27 02:31:25
12970,W15 Telavi 2,287,Itf Women Doubles,Clay,2026-02-27 02:31:25
12969,W15 Telavi 2,271,Itf Women Singles,Clay,2026-02-27 02:31:25
9424,W15 Telde,271,Itf Women Singles,Clay,2026-02-27 02:31:25
9426,W15 Telde,287,Itf Women Doubles,Clay,2026-02-27 02:31:25
9444,W15 Telde 2,287,Itf Women Doubles,Clay,2026-02-27 02:31:25
9443,W15 Telde 2,271,Itf Women Singles,Clay,2026-02-27 02:31:25
9463,W15 Telde 3,271,Itf Women Singles,Clay,2026-02-27 02:31:25
9464,W15 Telde 3,287,Itf Women Doubles,Clay,2026-02-27 02:31:25
9487,W15 Telde 4,287,Itf Women Doubles,Clay,2026-02-27 02:31:25
9486,W15 Telde 4,271,Itf Women Singles,Clay,2026-02-27 02:31:25
9720,W15 Tianjin,271,Itf Women Singles,Hard,2026-02-27 02:31:25
9722,W15 Tianjin,287,Itf Women Doubles,Hard,2026-02-27 02:31:25
9760,W15 Tianjin 2,287,Itf Women Doubles,Hard,2026-02-27 02:31:25
9756,W15 Tianjin 2,271,Itf Women Singles,Hard,2026-02-27 02:31:25
9789,W15 Tianjin 3,271,Itf Women Singles,Hard,2026-02-27 02:31:25
9791,W15 Tianjin 3,287,Itf Women Doubles,Hard,2026-02-27 02:31:25
9823,W15 Tianjin 4,287,Itf Women Doubles,Hard,2026-02-27 02:31:25
9822,W15 Tianjin 4,271,Itf Women Singles,Hard,2026-02-27 02:31:25
11068,W15 Tokyo,271,Itf Women Singles,Hard,2026-02-27 02:31:25
11069,W15 Tokyo,287,Itf Women Doubles,Hard,2026-02-27 02:31:25
11136,W15 Tokyo 2,287,Itf Women Doubles,Hard,2026-02-27 02:31:25
11135,W15 Tokyo 2,271,Itf Women Singles,Hard,2026-02-27 02:31:25
13530,W15 Torello,271,Itf Women Singles,Hard,2026-02-27 02:31:25
13531,W15 Torello,287,Itf Women Doubles,Hard,2026-02-27 02:31:25
11031,W15 Toyama,287,Itf Women Doubles,Hard,2026-02-27 02:31:25
11020,W15 Toyama,271,Itf Women Singles,Hard,2026-02-27 02:31:25
11854,W15 Trelew,271,Itf Women Singles,Hard,2026-02-27 02:31:25
11888,W15 Trelew,287,Itf Women Doubles,Hard,2026-02-27 02:31:25
11925,W15 Trelew 2,287,Itf Women Doubles,Hard,2026-02-27 02:31:25
11924,W15 Trelew 2,271,Itf Women Singles,Hard,2026-02-27 02:31:25
3567,W15 Trieste,271,Itf Women Singles,Clay,2026-02-27 02:31:25
9139,W15 Trieste,287,Itf Women Doubles,Clay,2026-02-27 02:31:25
11766,W15 Trnava,287,Itf Women Doubles,Hard,2026-02-27 02:31:25
11765,W15 Trnava,271,Itf Women Singles,Hard,2026-02-27 02:31:25
11794,W15 Trnava 2,271,Itf Women Singles,Hard,2026-02-27 02:31:25
11796,W15 Trnava 2,287,Itf Women Doubles,Hard,2026-02-27 02:31:25
12292,W15 Trois-Rivieres,287,Itf Women Doubles,Hard,2026-02-27 02:31:25
12291,W15 Trois-Rivieres,271,Itf Women Singles,Hard,2026-02-27 02:31:25
11824,W15 Tsaghkadzor,271,Itf Women Singles,Clay,2026-02-27 02:31:25
11825,W15 Tsaghkadzor,287,Itf Women Doubles,Clay,2026-02-27 02:31:25
11885,W15 Tsaghkadzor 2,287,Itf Women Doubles,Clay,2026-02-27 02:31:25
11884,W15 Tsaghkadzor 2,271,Itf Women Singles,Clay,2026-02-27 02:31:25
10706,W15 Tucuman,271,Itf Women Singles,Clay,2026-02-27 02:31:25
10708,W15 Tucuman,287,Itf Women Doubles,Clay,2026-02-27 02:31:25
12840,W15 Tweed Heads,287,Itf Women Doubles,Hard,2026-02-27 02:31:25
12839,W15 Tweed Heads,271,Itf Women Singles,Hard,2026-02-27 02:31:25
12879,W15 Tweed Heads 2,271,Itf Women Singles,Hard,2026-02-27 02:31:25
12880,W15 Tweed Heads 2,287,Itf Women Doubles,Hard,2026-02-27 02:31:25
9957,W15 Ust-Kamenogorsk,287,Itf Women Doubles,Hard,2026-02-27 02:31:25
9956,W15 Ust-Kamenogorsk,271,Itf Women Singles,Hard,2026-02-27 02:31:25
9990,W15 Ust-Kamenogorsk 2,271,Itf Women Singles,Hard,2026-02-27 02:31:25
9991,W15 Ust-Kamenogorsk 2,287,Itf Women Doubles,Hard,2026-02-27 02:31:25
8379,W15 Valencia,287,Itf Women Doubles,Clay,2026-02-27 02:31:25
8366,W15 Valencia,271,Itf Women Singles,Clay,2026-02-27 02:31:25
8406,W15 Valencia 2,271,Itf Women Singles,Clay,2026-02-27 02:31:25
8407,W15 Valencia 2,287,Itf Women Doubles,Clay,2026-02-27 02:31:25
11590,W15 Valladolid,287,Itf Women Doubles,Hard,2026-02-27 02:31:25
11586,W15 Valladolid,271,Itf Women Singles,Hard,2026-02-27 02:31:25
9519,W15 Varberg,271,Itf Women Singles,Clay,2026-02-27 02:31:25
9524,W15 Varberg,287,Itf Women Doubles,Clay,2026-02-27 02:31:25
3578,W15 Varna,287,Itf Women Doubles,Clay,2026-02-27 02:31:25
3583,W15 Varna,271,Itf Women Singles,Clay,2026-02-27 02:31:25
4388,W15 Vejle,271,Itf Women Singles,Clay,2026-02-27 02:31:25
4397,W15 Vejle,287,Itf Women Doubles,Clay,2026-02-27 02:31:25
9541,W15 Vierumaki,287,Itf Women Doubles,Hard,2026-02-27 02:31:25
9540,W15 Vierumaki,271,Itf Women Singles,Hard,2026-02-27 02:31:25
3911,W15 Villena,271,Itf Women Singles,Hard,2026-02-27 02:31:25
3912,W15 Villena,287,Itf Women Doubles,Hard,2026-02-27 02:31:25
4187,W15 Vilnius,287,Itf Women Doubles,Hard,2026-02-27 02:31:25
4185,W15 Vilnius,271,Itf Women Singles,Hard,2026-02-27 02:31:25
11361,W15 Viserba,271,Itf Women Singles,Clay,2026-02-27 02:31:25
11362,W15 Viserba,287,Itf Women Doubles,Clay,2026-02-27 02:31:25
8299,"W15 Waco, TX",287,Itf Women Doubles,Hard,2026-02-27 02:31:25
8310,"W15 Waco, TX",271,Itf Women Singles,Hard,2026-02-27 02:31:25
4526,W15 Wanfercee-Baulet,271,Itf Women Singles,Clay,2026-02-27 02:31:25
4536,W15 Wanfercee-Baulet,287,Itf Women Doubles,Clay,2026-02-27 02:31:25
4495,W15 Warmbad-Villach,287,Itf Women Doubles,Clay,2026-02-27 02:31:25
4493,W15 Warmbad-Villach,271,Itf Women Singles,Clay,2026-02-27 02:31:25
8427,W15 Wellington,271,Itf Women Singles,Hard,2026-02-27 02:31:25
8428,W15 Wellington,287,Itf Women Doubles,Hard,2026-02-27 02:31:25
12394,W15 Wuning,287,Itf Women Doubles,Hard,2026-02-27 02:31:25
12392,W15 Wuning,271,Itf Women Singles,Hard,2026-02-27 02:31:25
12405,W15 Wuning 2,271,Itf Women Singles,Hard,2026-02-27 02:31:25
12407,W15 Wuning 2,287,Itf Women Doubles,Hard,2026-02-27 02:31:25
12424,W15 Wuning 3,287,Itf Women Doubles,Hard,2026-02-27 02:31:25
12423,W15 Wuning 3,271,Itf Women Singles,Hard,2026-02-27 02:31:25
11453,W15 Xiamen,271,Itf Women Singles,Hard,2026-02-27 02:31:25
11454,W15 Xiamen,287,Itf Women Doubles,Hard,2026-02-27 02:31:25
7755,W15 Yeongwol,287,Itf Women Doubles,Hard,2026-02-27 02:31:25
7754,W15 Yeongwol,271,Itf Women Singles,Hard,2026-02-27 02:31:25
7790,W15 Yeongwol 2,271,Itf Women Singles,Hard,2026-02-27 02:31:25
7808,W15 Yeongwol 2,287,Itf Women Doubles,Hard,2026-02-27 02:31:25
3950,W15+H Amiens,287,Itf Women Doubles,Clay,2026-02-27 02:31:25
3947,W15+H Amiens,271,Itf Women Singles,Clay (Indoor),2026-02-27 02:31:25
7603,W25 Agadir,271,Itf Women Singles,Clay,2026-02-27 02:31:25
7587,W25 Agadir,287,Itf Women Doubles,Clay,2026-02-27 02:31:25
5605,W25 Akko,287,Itf Women Doubles,Hard,2026-02-27 02:31:25
5604,W25 Akko,271,Itf Women Singles,Hard,2026-02-27 02:31:25
9514,W25 Alaminos-Larnaca,271,Itf Women Singles,Clay,2026-02-27 02:31:25
9515,W25 Alaminos-Larnaca,287,Itf Women Doubles,Clay,2026-02-27 02:31:25
7673,W25 Aldershot,287,Itf Women Doubles,Hard,2026-02-27 02:31:25
7672,W25 Aldershot,271,Itf Women Singles,Hard,2026-02-27 02:31:25
4539,W25 Almaty,271,Itf Women Singles,Hard,2026-02-27 02:31:25
4507,W25 Almaty,287,Itf Women Doubles,Hard,2026-02-27 02:31:25
3410,W25 Altenkirchen,287,Itf Women Doubles,Hard (Indoor),2026-02-27 02:31:25
3405,W25 Altenkirchen,271,Itf Women Singles,Hard (Indoor),2026-02-27 02:31:25
5358,W25 Anapoima,271,Itf Women Singles,Clay,2026-02-27 02:31:25
5360,W25 Anapoima,287,Itf Women Doubles,Clay,2026-02-27 02:31:25
7175,W25 Annenheim,287,Itf Women Doubles,Clay,2026-02-27 02:31:25
7174,W25 Annenheim,271,Itf Women Singles,Clay,2026-02-27 02:31:25
3428,W25 Antalya,271,Itf Women Singles,Clay,2026-02-27 02:31:25
3430,W25 Antalya,287,Itf Women Doubles,Clay,2026-02-27 02:31:25
5290,W25 Antalya 2,287,Itf Women Doubles,Clay,2026-02-27 02:31:25
5289,W25 Antalya 2,271,Itf Women Singles,Clay,2026-02-27 02:31:25
5321,W25 Antalya 3,271,Itf Women Singles,Clay,2026-02-27 02:31:25
5323,W25 Antalya 3,287,Itf Women Doubles,Clay,2026-02-27 02:31:25
5348,W25 Antalya 4,287,Itf Women Doubles,Clay,2026-02-27 02:31:25
5346,W25 Antalya 4,271,Itf Women Singles,Clay,2026-02-27 02:31:25
4930,W25 Aparecida de Goiania,271,Itf Women Singles,Clay,2026-02-27 02:31:25
4940,W25 Aparecida de Goiania,287,Itf Women Doubles,Clay,2026-02-27 02:31:25
7435,W25 Aschaffenburg,287,Itf Women Doubles,Clay,2026-02-27 02:31:25
7447,W25 Aschaffenburg,271,Itf Women Singles,Clay,2026-02-27 02:31:25
9926,W25 Astana,271,Itf Women Singles,Hard,2026-02-27 02:31:25
9927,W25 Astana,287,Itf Women Doubles,Hard,2026-02-27 02:31:25
4855,"W25 Austin, TX",287,Itf Women Doubles,Hard,2026-02-27 02:31:25
4854,"W25 Austin, TX",271,Itf Women Singles,Hard,2026-02-27 02:31:25
5536,W25 Bastad,271,Itf Women Singles,Clay,2026-02-27 02:31:25
5537,W25 Bastad,287,Itf Women Doubles,Clay,2026-02-27 02:31:25
5176,W25 Bath,287,Itf Women Doubles,Hard,2026-02-27 02:31:25
5175,W25 Bath,271,Itf Women Singles,Hard,2026-02-27 02:31:25
10259,W25 Baza,271,Itf Women Singles,Hard,2026-02-27 02:31:25
10262,W25 Baza,287,Itf Women Doubles,Hard,2026-02-27 02:31:25
5299,W25 Bendigo,287,Itf Women Doubles,Hard,2026-02-27 02:31:25
5297,W25 Bendigo,271,Itf Women Singles,Hard,2026-02-27 02:31:25
5314,W25 Bendigo 2,271,Itf Women Singles,Hard,2026-02-27 02:31:25
5315,W25 Bendigo 2,287,Itf Women Doubles,Hard,2026-02-27 02:31:25
8631,W25 Bengaluru,287,Itf Women Doubles,Hard,2026-02-27 02:31:25
8630,W25 Bengaluru,271,Itf Women Singles,Hard,2026-02-27 02:31:25
10410,W25 Bengaluru 2,271,Itf Women Singles,Clay,2026-02-27 02:31:25
10404,W25 Bengaluru 2,287,Itf Women Doubles,Clay,2026-02-27 02:31:25
9591,"W25 Bethany Beach, DE",287,Itf Women Doubles,Clay,2026-02-27 02:31:25
9589,"W25 Bethany Beach, DE",271,Itf Women Singles,Clay,2026-02-27 02:31:25
5242,W25 Birmingham,271,Itf Women Singles,Hard,2026-02-27 02:31:25
5243,W25 Birmingham,287,Itf Women Doubles,Hard,2026-02-27 02:31:25
9999,W25 Bistrita,287,Itf Women Doubles,Clay,2026-02-27 02:31:25
9997,W25 Bistrita,271,Itf Women Singles,Clay,2026-02-27 02:31:25
5183,W25 Blumenau-Gaspar,271,Itf Women Singles,Clay,2026-02-27 02:31:25
5184,W25 Blumenau-Gaspar,287,Itf Women Doubles,Clay,2026-02-27 02:31:25
3926,"W25 Boca Raton, FL",287,Itf Women Doubles,Hard,2026-02-27 02:31:25
3925,"W25 Boca Raton, FL",271,Itf Women Singles,Hard,2026-02-27 02:31:25
9334,"W25 Boca Raton, FL 2",271,Itf Women Singles,Clay,2026-02-27 02:31:25
9326,"W25 Boca Raton, FL 2",287,Itf Women Doubles,Clay,2026-02-27 02:31:25
9452,"W25 Boca Raton, FL 3",287,Itf Women Doubles,Clay,2026-02-27 02:31:25
9451,"W25 Boca Raton, FL 3",271,Itf Women Singles,Clay,2026-02-27 02:31:25
9908,W25 Bragado,271,Itf Women Singles,Clay,2026-02-27 02:31:25
9909,W25 Bragado,287,Itf Women Doubles,Clay,2026-02-27 02:31:25
7630,W25 Brasov,287,Itf Women Doubles,Clay,2026-02-27 02:31:25
7629,W25 Brasov,271,Itf Women Singles,Clay,2026-02-27 02:31:25
4519,W25 Braunschweig,271,Itf Women Singles,Clay,2026-02-27 02:31:25
4527,W25 Braunschweig,287,Itf Women Doubles,Clay,2026-02-27 02:31:25
4694,W25 Budapest,287,Itf Women Doubles,Clay,2026-02-27 02:31:25
4693,W25 Budapest,271,Itf Women Singles,Clay,2026-02-27 02:31:25
2313,W25 Budapest 2,271,Itf Women Singles,Clay,2026-02-27 02:31:25
3970,W25 Buenos Aires,271,Itf Women Singles,Clay,2026-02-27 02:31:25
3973,W25 Buenos Aires,287,Itf Women Doubles,Clay,2026-02-27 02:31:25
8511,W25 Buenos Aires 2,287,Itf Women Doubles,Clay,2026-02-27 02:31:25
1602,W25 Buenos Aires 2,271,Itf Women Singles,Clay,2026-02-27 02:31:25
9432,W25 Bujumbura,271,Itf Women Singles,Clay,2026-02-27 02:31:25
9433,W25 Bujumbura,287,Itf Women Doubles,Clay,2026-02-27 02:31:25
9442,W25 Bujumbura 2,287,Itf Women Doubles,Clay,2026-02-27 02:31:25
9441,W25 Bujumbura 2,271,Itf Women Singles,Clay,2026-02-27 02:31:25
8556,W25 Burnie,271,Itf Women Singles,Hard,2026-02-27 02:31:25
8558,W25 Burnie,287,Itf Women Doubles,Hard,2026-02-27 02:31:25
4430,W25 Bydgoszcz,287,Itf Women Doubles,Clay,2026-02-27 02:31:25
4429,W25 Bydgoszcz,271,Itf Women Singles,Clay,2026-02-27 02:31:25
7975,W25 Cairns,271,Itf Women Singles,Hard,2026-02-27 02:31:25
7976,W25 Cairns,287,Itf Women Doubles,Hard,2026-02-27 02:31:25
8034,W25 Cairns 2,287,Itf Women Doubles,Hard,2026-02-27 02:31:25
8031,W25 Cairns 2,271,Itf Women Singles,Hard,2026-02-27 02:31:25
3463,W25 Cairo,271,Itf Women Singles,Hard,2026-02-27 02:31:25
3465,W25 Cairo,287,Itf Women Doubles,Hard,2026-02-27 02:31:25
5478,W25 Cairo 2,287,Itf Women Doubles,Clay,2026-02-27 02:31:25
5508,W25 Cairo 2,271,Itf Women Singles,Clay,2026-02-27 02:31:25
7809,W25 Cairo 3,271,Itf Women Singles,Clay,2026-02-27 02:31:25
7794,W25 Cairo 3,287,Itf Women Doubles,Clay,2026-02-27 02:31:25
3210,W25 Canberra,287,Itf Women Doubles,Hard,2026-02-27 02:31:25
3209,W25 Canberra,271,Itf Women Singles,Hard,2026-02-27 02:31:25
5261,W25 Canberra 2,271,Itf Women Singles,Hard,2026-02-27 02:31:25
5263,W25 Canberra 2,287,Itf Women Doubles,Hard,2026-02-27 02:31:25
5245,W25 Cancun,287,Itf Women Doubles,Hard,2026-02-27 02:31:25
5244,W25 Cancun,271,Itf Women Singles,Hard,2026-02-27 02:31:25
5273,W25 Cancun 2,271,Itf Women Singles,Hard,2026-02-27 02:31:25
5276,W25 Cancun 2,287,Itf Women Doubles,Hard,2026-02-27 02:31:25
7312,W25 Cantanhede,287,Itf Women Doubles,Hard,2026-02-27 02:31:25
7304,W25 Cantanhede,271,Itf Women Singles,Hard,2026-02-27 02:31:25
10166,W25 Ceuta,271,Itf Women Singles,Hard,2026-02-27 02:31:25
10170,W25 Ceuta,287,Itf Women Doubles,Hard,2026-02-27 02:31:25
7156,W25 Changwon,287,Itf Women Doubles,Hard,2026-02-27 02:31:25
7153,W25 Changwon,271,Itf Women Singles,Hard,2026-02-27 02:31:25
3640,W25 Cherbourg-en-Cotentin,271,Itf Women Singles,Hard,2026-02-27 02:31:25
3641,W25 Cherbourg-en-Cotentin,287,Itf Women Doubles,Hard,2026-02-27 02:31:25
5410,W25 Chiang Rai,287,Itf Women Doubles,Hard,2026-02-27 02:31:25
5408,W25 Chiang Rai,271,Itf Women Singles,Hard,2026-02-27 02:31:25
5424,W25 Chiang Rai 2,271,Itf Women Singles,Hard,2026-02-27 02:31:25
5425,W25 Chiang Rai 2,287,Itf Women Doubles,Hard,2026-02-27 02:31:25
7157,W25 Chiang Rai 3,287,Itf Women Doubles,Hard,2026-02-27 02:31:25
7154,W25 Chiang Rai 3,271,Itf Women Singles,Hard,2026-02-27 02:31:25
7204,W25 Chiang Rai 4,271,Itf Women Singles,Hard,2026-02-27 02:31:25
7209,W25 Chiang Rai 4,287,Itf Women Doubles,Hard,2026-02-27 02:31:25
9748,"W25 Colorado Springs, CO",287,Itf Women Doubles,Hard,2026-02-27 02:31:25
9734,"W25 Colorado Springs, CO",271,Itf Women Singles,Hard,2026-02-27 02:31:25
7364,"W25 Columbus, OH",271,Itf Women Singles,Hard,2026-02-27 02:31:25
7365,"W25 Columbus, OH",287,Itf Women Doubles,Hard,2026-02-27 02:31:25
3995,W25 Cordoba,287,Itf Women Doubles,Clay,2026-02-27 02:31:25
3993,W25 Cordoba,271,Itf Women Singles,Clay,2026-02-27 02:31:25
7396,W25 Corroios-Seixal,271,Itf Women Singles,Hard,2026-02-27 02:31:25
7397,W25 Corroios-Seixal,287,Itf Women Doubles,Hard,2026-02-27 02:31:25
9671,W25 Daegu,287,Itf Women Doubles,Hard,2026-02-27 02:31:25
9669,W25 Daegu,271,Itf Women Singles,Hard,2026-02-27 02:31:25
7529,"W25 Dallas, TX",271,Itf Women Singles,Hard,2026-02-27 02:31:25
7530,"W25 Dallas, TX",287,Itf Women Doubles,Hard,2026-02-27 02:31:25
7632,W25 Danderyd,287,Itf Women Doubles,Clay,2026-02-27 02:31:25
7631,W25 Danderyd,271,Itf Women Singles,Clay,2026-02-27 02:31:25
7479,W25 Darmstadt,271,Itf Women Singles,Clay,2026-02-27 02:31:25
7480,W25 Darmstadt,287,Itf Women Doubles,Clay,2026-02-27 02:31:25
7832,W25 Darwin,287,Itf Women Doubles,Hard,2026-02-27 02:31:25
7830,W25 Darwin,271,Itf Women Singles,Hard,2026-02-27 02:31:25
7875,W25 Darwin 2,271,Itf Women Singles,Hard,2026-02-27 02:31:25
7878,W25 Darwin 2,287,Itf Women Doubles,Hard,2026-02-27 02:31:25
9086,W25 Daytona Beach,287,Itf Women Doubles,Clay,2026-02-27 02:31:25
3252,W25 Daytona Beach,271,Itf Women Singles,Clay,2026-02-27 02:31:25
4931,"W25 Daytona Beach, FL",271,Itf Women Singles,Clay,2026-02-27 02:31:25
4941,"W25 Daytona Beach, FL",287,Itf Women Doubles,Clay,2026-02-27 02:31:25
7357,W25 Den Haag,287,Itf Women Doubles,Clay,2026-02-27 02:31:25
7355,W25 Den Haag,271,Itf Women Singles,Clay,2026-02-27 02:31:25
4209,W25 Denain,271,Itf Women Singles,Clay,2026-02-27 02:31:25
4215,W25 Denain,287,Itf Women Doubles,Clay,2026-02-27 02:31:25
9852,W25 Don Benito,287,Itf Women Doubles,Hard,2026-02-27 02:31:25
9851,W25 Don Benito,271,Itf Women Singles,Hard,2026-02-27 02:31:25
3976,W25 Dubai,271,Itf Women Singles,Hard,2026-02-27 02:31:25
3979,W25 Dubai,287,Itf Women Doubles,Hard,2026-02-27 02:31:25
10347,W25 Edmonton,287,Itf Women Doubles,Hard,2026-02-27 02:31:25
10348,W25 Edmonton,271,Itf Women Singles,Hard,2026-02-27 02:31:25
7499,W25 El Espinar/Segovia,271,Itf Women Singles,Hard,2026-02-27 02:31:25
7500,W25 El Espinar/Segovia,287,Itf Women Doubles,Hard,2026-02-27 02:31:25
10003,W25 Erwitte,287,Itf Women Doubles,Clay,2026-02-27 02:31:25
10002,W25 Erwitte,271,Itf Women Singles,Clay,2026-02-27 02:31:25
7574,W25 Eupen,271,Itf Women Singles,Clay,2026-02-27 02:31:25
7575,W25 Eupen,287,Itf Women Doubles,Clay,2026-02-27 02:31:25
4334,"W25 Evansville, IN",287,Itf Women Doubles,Hard,2026-02-27 02:31:25
4341,"W25 Evansville, IN",271,Itf Women Singles,Hard,2026-02-27 02:31:25
10304,W25 Faro,271,Itf Women Singles,Hard,2026-02-27 02:31:25
10305,W25 Faro,287,Itf Women Doubles,Hard,2026-02-27 02:31:25
9582,W25 Feld am See,287,Itf Women Doubles,Clay,2026-02-27 02:31:25
9566,W25 Feld am See,271,Itf Women Singles,Clay,2026-02-27 02:31:25
4758,"W25 Florence, SC",271,Itf Women Singles,Hard,2026-02-27 02:31:25
4759,"W25 Florence, SC",287,Itf Women Doubles,Hard,2026-02-27 02:31:25
5197,W25 Florianopolis,287,Itf Women Doubles,Hard,2026-02-27 02:31:25
5196,W25 Florianopolis,271,Itf Women Singles,Hard,2026-02-27 02:31:25
5214,W25 Florianopolis 2,271,Itf Women Singles,Hard,2026-02-27 02:31:25
5215,W25 Florianopolis 2,287,Itf Women Doubles,Hard,2026-02-27 02:31:25
4664,"W25 Fort Worth, TX",287,Itf Women Doubles,Hard,2026-02-27 02:31:25
4663,"W25 Fort Worth, TX",271,Itf Women Singles,Hard,2026-02-27 02:31:25
7580,W25 Foxhills,271,Itf Women Singles,Hard,2026-02-27 02:31:25
7581,W25 Foxhills,287,Itf Women Doubles,Hard,2026-02-27 02:31:25
8060,W25 Fredericton,287,Itf Women Doubles,Hard,2026-02-27 02:31:25
8029,W25 Fredericton,271,Itf Women Singles,Hard,2026-02-27 02:31:25
3592,W25 Frydek Mistek,271,Itf Women Singles,Clay,2026-02-27 02:31:25
3595,W25 Frydek Mistek,287,Itf Women Doubles,Clay,2026-02-27 02:31:25
3882,W25 Fujairah,287,Itf Women Doubles,Hard,2026-02-27 02:31:25
3877,W25 Fujairah,271,Itf Women Singles,Hard,2026-02-27 02:31:25
4976,W25 Funchal,271,Itf Women Singles,Hard,2026-02-27 02:31:25
4979,W25 Funchal,287,Itf Women Doubles,Hard,2026-02-27 02:31:25
7383,W25 Getxo,287,Itf Women Doubles,Clay,2026-02-27 02:31:25
7385,W25 Getxo,271,Itf Women Singles,Clay,2026-02-27 02:31:25
3380,W25 Glasgow,271,Itf Women Singles,Hard (Indoor),2026-02-27 02:31:25
3386,W25 Glasgow,287,Itf Women Doubles,Hard (Indoor),2026-02-27 02:31:25
7708,W25 Goyang,287,Itf Women Doubles,Hard,2026-02-27 02:31:25
7706,W25 Goyang,271,Itf Women Singles,Hard,2026-02-27 02:31:25
3600,W25 Grado,271,Itf Women Singles,Clay,2026-02-27 02:31:25
3605,W25 Grado,287,Itf Women Doubles,Clay,2026-02-27 02:31:25
4170,W25 Grado 2,287,Itf Women Doubles,Clay,2026-02-27 02:31:25
4151,W25 Grado 2,271,Itf Women Singles,Clay,2026-02-27 02:31:25
3354,W25 Grenoble,271,Itf Women Singles,Hard (Indoor),2026-02-27 02:31:25
3355,W25 Grenoble,287,Itf Women Doubles,Hard (Indoor),2026-02-27 02:31:25
4853,W25 Guayaquil,287,Itf Women Doubles,Clay,2026-02-27 02:31:25
4852,W25 Guayaquil,271,Itf Women Singles,Clay,2026-02-27 02:31:25
9502,W25 Guayaquil 2,271,Itf Women Singles,Clay,2026-02-27 02:31:25
9505,W25 Guayaquil 2,287,Itf Women Doubles,Clay,2026-02-27 02:31:25
7424,W25 Guimaraes,287,Itf Women Doubles,Hard,2026-02-27 02:31:25
7422,W25 Guimaraes,271,Itf Women Singles,Hard,2026-02-27 02:31:25
10125,W25 Guiyang,271,Itf Women Singles,Hard,2026-02-27 02:31:25
10126,W25 Guiyang,287,Itf Women Doubles,Hard,2026-02-27 02:31:25
7313,W25 Gurugram,287,Itf Women Doubles,Hard,2026-02-27 02:31:25
7305,W25 Gurugram,271,Itf Women Singles,Hard,2026-02-27 02:31:25
7346,W25 Gurugram 2,271,Itf Women Singles,Hard,2026-02-27 02:31:25
7347,W25 Gurugram 2,287,Itf Women Doubles,Hard,2026-02-27 02:31:25
4883,W25 Haabneeme,287,Itf Women Doubles,Hard (Indoor),2026-02-27 02:31:25
4881,W25 Haabneeme,271,Itf Women Singles,Hard (Indoor),2026-02-27 02:31:25
8037,W25 Hamamatsu,271,Itf Women Singles,Hard,2026-02-27 02:31:25
8038,W25 Hamamatsu,287,Itf Women Doubles,Hard,2026-02-27 02:31:25
3876,W25 Hamburg,287,Itf Women Doubles,Hard (Indoor),2026-02-27 02:31:25
3875,W25 Hamburg,271,Itf Women Singles,Hard (Indoor),2026-02-27 02:31:25
4792,W25 Hamburg 2,271,Itf Women Singles,Hard (Indoor),2026-02-27 02:31:25
4800,W25 Hamburg 2,287,Itf Women Doubles,Hard,2026-02-27 02:31:25
8260,W25 Helsinki,287,Itf Women Doubles,Hard,2026-02-27 02:31:25
8285,W25 Helsinki,271,Itf Women Singles,Hard,2026-02-27 02:31:25
8273,W25 Heraklion,271,Itf Women Singles,Clay,2026-02-27 02:31:25
8274,W25 Heraklion,287,Itf Women Doubles,Clay,2026-02-27 02:31:25
8356,W25 Heraklion 2,287,Itf Women Doubles,Clay,2026-02-27 02:31:25
8344,W25 Heraklion 2,271,Itf Women Singles,Clay,2026-02-27 02:31:25
3212,W25 Hong Kong,271,Itf Women Singles,Hard,2026-02-27 02:31:25
9080,W25 Hong Kong,287,Itf Women Doubles,Hard,2026-02-27 02:31:25
1815,W25 Hong Kong 2,271,Itf Women Singles,Hard,2026-02-27 02:31:25
7519,W25 Horb,271,Itf Women Singles,Clay,2026-02-27 02:31:25
7523,W25 Horb,287,Itf Women Doubles,Clay,2026-02-27 02:31:25
7983,W25 Hua Hin,287,Itf Women Doubles,Hard,2026-02-27 02:31:25
7982,W25 Hua Hin,271,Itf Women Singles,Hard,2026-02-27 02:31:25
8032,W25 Hua Hin 2,271,Itf Women Singles,Hard,2026-02-27 02:31:25
8036,W25 Hua Hin 2,287,Itf Women Doubles,Hard,2026-02-27 02:31:25
8141,W25 Ibague,287,Itf Women Doubles,Clay,2026-02-27 02:31:25
8139,W25 Ibague,271,Itf Women Singles,Clay,2026-02-27 02:31:25
7199,W25 Incheon,271,Itf Women Singles,Hard,2026-02-27 02:31:25
7200,W25 Incheon,287,Itf Women Doubles,Hard,2026-02-27 02:31:25
3452,W25 Irapuato,271,Itf Women Singles,Hard,2026-02-27 02:31:25
3657,W25 Istanbul,271,Itf Women Singles,Hard,2026-02-27 02:31:25
3783,W25 Istanbul,287,Itf Women Doubles,Hard (Indoor),2026-02-27 02:31:25
4614,W25 Jablonec nad Nisou,287,Itf Women Doubles,Clay,2026-02-27 02:31:25
4613,W25 Jablonec nad Nisou,271,Itf Women Singles,Clay,2026-02-27 02:31:25
5068,W25 Jablonec nad Nisou 2,271,Itf Women Singles,Hard (Indoor),2026-02-27 02:31:25
5069,W25 Jablonec nad Nisou 2,287,Itf Women Doubles,Hard (Indoor),2026-02-27 02:31:25
9437,"W25 Jackson, MS",287,Itf Women Doubles,Clay,2026-02-27 02:31:25
9429,"W25 Jackson, MS",271,Itf Women Singles,Clay,2026-02-27 02:31:25
9375,W25 Jakarta,271,Itf Women Singles,Hard,2026-02-27 02:31:25
9376,W25 Jakarta,287,Itf Women Doubles,Hard,2026-02-27 02:31:25
9402,W25 Jakarta 2,287,Itf Women Doubles,Hard,2026-02-27 02:31:25
9401,W25 Jakarta 2,271,Itf Women Singles,Hard,2026-02-27 02:31:25
8172,W25 Jerusalem,271,Itf Women Singles,Hard,2026-02-27 02:31:25
8175,W25 Jerusalem,287,Itf Women Doubles,Hard,2026-02-27 02:31:25
9109,W25 Jodhpur,287,Itf Women Doubles,Hard,2026-02-27 02:31:25
3367,W25 Jodhpur,271,Itf Women Singles,Hard,2026-02-27 02:31:25
4649,W25 Johannesburg / Ellispark,271,Itf Women Singles,Hard,2026-02-27 02:31:25
4650,W25 Johannesburg / Ellispark,287,Itf Women Doubles,Hard,2026-02-27 02:31:25
4618,W25 Johannesburg / Markspark,287,Itf Women Doubles,Hard,2026-02-27 02:31:25
4616,W25 Johannesburg / Markspark,271,Itf Women Singles,Hard,2026-02-27 02:31:25
4197,W25 Jonkoping,271,Itf Women Singles,Clay,2026-02-27 02:31:25
4200,W25 Jonkoping,287,Itf Women Doubles,Clay,2026-02-27 02:31:25
5306,W25 Joue les Tours,287,Itf Women Doubles,Hard,2026-02-27 02:31:25
5305,W25 Joue les Tours,271,Itf Women Singles,Hard,2026-02-27 02:31:25
9934,W25 Junin,271,Itf Women Singles,Clay,2026-02-27 02:31:25
9935,W25 Junin,287,Itf Women Doubles,Clay,2026-02-27 02:31:25
9545,W25 Kachreti,287,Itf Women Doubles,Hard,2026-02-27 02:31:25
9544,W25 Kachreti,271,Itf Women Singles,Hard,2026-02-27 02:31:25
9584,W25 Kachreti 2,271,Itf Women Singles,Hard,2026-02-27 02:31:25
9586,W25 Kachreti 2,287,Itf Women Doubles,Hard,2026-02-27 02:31:25
4811,W25 Karaganda,287,Itf Women Doubles,Hard,2026-02-27 02:31:25
4863,W25 Karaganda,271,Itf Women Singles,Hard (Indoor),2026-02-27 02:31:25
4783,W25 Karaganda 2,271,Itf Women Singles,Hard,2026-02-27 02:31:25
4828,W25 Karaganda 2,287,Itf Women Doubles,Hard (Indoor),2026-02-27 02:31:25
9606,W25 Karuizawa,287,Itf Women Doubles,Grass,2026-02-27 02:31:25
9605,W25 Karuizawa,271,Itf Women Singles,Grass,2026-02-27 02:31:25
9417,W25 Kashiwa,271,Itf Women Singles,Hard,2026-02-27 02:31:25
9419,W25 Kashiwa,287,Itf Women Doubles,Hard,2026-02-27 02:31:25
3266,W25 Kazan,287,Itf Women Doubles,Hard (Indoor),2026-02-27 02:31:25
3263,W25 Kazan,271,Itf Women Singles,Hard (Indoor),2026-02-27 02:31:25
4138,W25 Kazan 3,271,Itf Women Singles,Hard,2026-02-27 02:31:25
4823,W25 Kiryat Motzkin,271,Itf Women Singles,Hard,2026-02-27 02:31:25
4824,W25 Kiryat Motzkin,287,Itf Women Doubles,Hard,2026-02-27 02:31:25
4238,W25 Klosters,287,Itf Women Doubles,Clay,2026-02-27 02:31:25
4229,W25 Klosters,271,Itf Women Singles,Clay,2026-02-27 02:31:25
9408,W25 Kofu,271,Itf Women Singles,Hard,2026-02-27 02:31:25
9399,W25 Kofu,287,Itf Women Doubles,Hard,2026-02-27 02:31:25
9931,W25 Koge,287,Itf Women Doubles,Clay,2026-02-27 02:31:25
9930,W25 Koge,271,Itf Women Singles,Clay,2026-02-27 02:31:25
4460,W25 Koksijde,271,Itf Women Singles,Clay,2026-02-27 02:31:25
4445,W25 Koksijde,287,Itf Women Doubles,Clay,2026-02-27 02:31:25
9583,W25 Kursumlijska Banja,287,Itf Women Doubles,Clay,2026-02-27 02:31:25
9577,W25 Kursumlijska Banja,271,Itf Women Singles,Clay,2026-02-27 02:31:25
9691,W25 Kursumlijska Banja 2,271,Itf Women Singles,Clay,2026-02-27 02:31:25
9693,W25 Kursumlijska Banja 2,287,Itf Women Doubles,Clay,2026-02-27 02:31:25
4366,W25 Kyiv,287,Itf Women Doubles,Clay,2026-02-27 02:31:25
4357,W25 Kyiv,271,Itf Women Singles,Clay,2026-02-27 02:31:25
10156,W25 Kyoto,271,Itf Women Singles,Hard,2026-02-27 02:31:25
10157,W25 Kyoto,287,Itf Women Doubles,Hard,2026-02-27 02:31:25
9649,W25 La Marsa,287,Itf Women Doubles,Hard,2026-02-27 02:31:25
9648,W25 La Marsa,271,Itf Women Singles,Hard,2026-02-27 02:31:25
4760,W25 Lagos,271,Itf Women Singles,Hard,2026-02-27 02:31:25
4761,W25 Lagos,287,Itf Women Doubles,Hard,2026-02-27 02:31:25
3854,W25 Las Palmas de Gran Canaria,287,Itf Women Doubles,Clay,2026-02-27 02:31:25
3852,W25 Las Palmas de Gran Canaria,271,Itf Women Singles,Clay,2026-02-27 02:31:25
3444,W25 Las Vegas,271,Itf Women Singles,Hard,2026-02-27 02:31:25
9124,W25 Las Vegas,287,Itf Women Doubles,Hard,2026-02-27 02:31:25
9095,W25 Launceston,287,Itf Women Doubles,Hard,2026-02-27 02:31:25
3305,W25 Launceston,271,Itf Women Singles,Hard,2026-02-27 02:31:25
5373,W25 Le Havre,271,Itf Women Singles,Clay (Indoor),2026-02-27 02:31:25
5381,W25 Le Havre,287,Itf Women Doubles,Clay,2026-02-27 02:31:25
4584,W25 Leiria,287,Itf Women Doubles,Hard,2026-02-27 02:31:25
4582,W25 Leiria,271,Itf Women Singles,Hard,2026-02-27 02:31:25
4358,W25 Les Contamines-Montjoie,271,Itf Women Singles,Hard,2026-02-27 02:31:25
4367,W25 Les Contamines-Montjoie,287,Itf Women Doubles,Hard,2026-02-27 02:31:25
4123,W25 Liepaja,287,Itf Women Doubles,Clay,2026-02-27 02:31:25
4120,W25 Liepaja,271,Itf Women Singles,Clay,2026-02-27 02:31:25
4732,W25 Lima,271,Itf Women Singles,Clay,2026-02-27 02:31:25
4733,W25 Lima,287,Itf Women Doubles,Clay,2026-02-27 02:31:25
4770,W25 Lima 2,287,Itf Women Doubles,Clay,2026-02-27 02:31:25
4773,W25 Lima 2,271,Itf Women Singles,Clay,2026-02-27 02:31:25
10412,W25 Limassol,271,Itf Women Singles,Hard,2026-02-27 02:31:25
10415,W25 Limassol,287,Itf Women Doubles,Hard,2026-02-27 02:31:25
10446,W25 Limassol 2,287,Itf Women Doubles,Hard,2026-02-27 02:31:25
10445,W25 Limassol 2,271,Itf Women Singles,Hard,2026-02-27 02:31:25
4285,W25 Lisbon,271,Itf Women Singles,Hard,2026-02-27 02:31:25
4308,W25 Lisbon,287,Itf Women Doubles,Hard,2026-02-27 02:31:25
4692,W25 Lisbon 2,287,Itf Women Doubles,Clay,2026-02-27 02:31:25
4678,W25 Lisbon 2,271,Itf Women Singles,Clay,2026-02-27 02:31:25
5205,W25 Loughborough,271,Itf Women Singles,Hard (Indoor),2026-02-27 02:31:25
5209,W25 Loughborough,287,Itf Women Doubles,Hard,2026-02-27 02:31:25
8130,W25 Loughborough 2,287,Itf Women Doubles,Hard,2026-02-27 02:31:25
8129,W25 Loughborough 2,271,Itf Women Singles,Hard,2026-02-27 02:31:25
4711,W25 Loule,271,Itf Women Singles,Hard,2026-02-27 02:31:25
4713,W25 Loule,287,Itf Women Doubles,Hard,2026-02-27 02:31:25
10419,W25 Lousada,287,Itf Women Doubles,Hard,2026-02-27 02:31:25
10418,W25 Lousada,271,Itf Women Singles,Hard,2026-02-27 02:31:25
10449,W25 Lousada 2,271,Itf Women Singles,Hard,2026-02-27 02:31:25
10450,W25 Lousada 2,287,Itf Women Doubles,Hard,2026-02-27 02:31:25
10203,W25 Lujan,287,Itf Women Doubles,Clay,2026-02-27 02:31:25
10201,W25 Lujan,271,Itf Women Singles,Clay,2026-02-27 02:31:25
9700,W25 Luzhou,271,Itf Women Singles,Hard,2026-02-27 02:31:25
9701,W25 Luzhou,287,Itf Women Doubles,Hard,2026-02-27 02:31:25
3415,W25 Macon,287,Itf Women Doubles,Hard (Indoor),2026-02-27 02:31:25
3413,W25 Macon,271,Itf Women Singles,Hard (Indoor),2026-02-27 02:31:25
4196,W25 Madrid,271,Itf Women Singles,Hard,2026-02-27 02:31:25
4191,W25 Madrid,287,Itf Women Doubles,Hard,2026-02-27 02:31:25
4216,W25 Madrid 2,287,Itf Women Doubles,Hard,2026-02-27 02:31:25
4227,W25 Madrid 2,271,Itf Women Singles,Hard,2026-02-27 02:31:25
7981,W25 Makinohara,271,Itf Women Singles,Grass,2026-02-27 02:31:25
8013,W25 Makinohara,287,Itf Women Doubles,Grass,2026-02-27 02:31:25
9085,W25 Malibu,287,Itf Women Doubles,Hard,2026-02-27 02:31:25
3251,W25 Malibu,271,Itf Women Singles,Hard,2026-02-27 02:31:25
8476,"W25 Malibu, CA",271,Itf Women Singles,Hard,2026-02-27 02:31:25
8479,"W25 Malibu, CA",287,Itf Women Doubles,Hard,2026-02-27 02:31:25
10035,W25 Malmo,287,Itf Women Doubles,Clay,2026-02-27 02:31:25
10034,W25 Malmo,271,Itf Women Singles,Clay,2026-02-27 02:31:25
3935,W25 Manacor,271,Itf Women Singles,Hard,2026-02-27 02:31:25
3936,W25 Manacor,287,Itf Women Doubles,Hard,2026-02-27 02:31:25
5212,W25 Manacor 2,287,Itf Women Doubles,Hard,2026-02-27 02:31:25
5211,W25 Manacor 2,271,Itf Women Singles,Hard,2026-02-27 02:31:25
5222,W25 Manacor 3,271,Itf Women Singles,Hard,2026-02-27 02:31:25
5223,W25 Manacor 3,287,Itf Women Doubles,Hard,2026-02-27 02:31:25
3569,W25 Marbella,287,Itf Women Doubles,Clay,2026-02-27 02:31:25
3572,W25 Marbella,271,Itf Women Singles,Clay,2026-02-27 02:31:25
4626,W25 Medellin,271,Itf Women Singles,Clay,2026-02-27 02:31:25
4628,W25 Medellin,287,Itf Women Doubles,Clay,2026-02-27 02:31:25
10263,W25 Mendoza,287,Itf Women Doubles,Clay,2026-02-27 02:31:25
10260,W25 Mendoza,271,Itf Women Singles,Clay,2026-02-27 02:31:25
3421,W25 Mildura,271,Itf Women Singles,Grass,2026-02-27 02:31:25
9117,W25 Mildura,287,Itf Women Doubles,Grass,2026-02-27 02:31:25
5027,W25 Milovice,287,Itf Women Doubles,Hard,2026-02-27 02:31:25
5026,W25 Milovice,271,Itf Women Singles,Hard,2026-02-27 02:31:25
10466,W25 Mogi das Cruzes,271,Itf Women Singles,Clay,2026-02-27 02:31:25
10467,W25 Mogi das Cruzes,287,Itf Women Doubles,Clay,2026-02-27 02:31:25
7691,W25 Mogyorod,287,Itf Women Doubles,Clay,2026-02-27 02:31:25
7669,W25 Mogyorod,271,Itf Women Singles,Clay,2026-02-27 02:31:25
5166,W25 Monastir,271,Itf Women Singles,Hard,2026-02-27 02:31:25
5167,W25 Monastir,287,Itf Women Doubles,Hard,2026-02-27 02:31:25
5189,W25 Monastir 2,287,Itf Women Doubles,Hard,2026-02-27 02:31:25
5187,W25 Monastir 2,271,Itf Women Singles,Hard,2026-02-27 02:31:25
5192,W25 Monastir 3,271,Itf Women Singles,Hard,2026-02-27 02:31:25
5193,W25 Monastir 3,287,Itf Women Doubles,Hard,2026-02-27 02:31:25
5219,W25 Monastir 4,287,Itf Women Doubles,Hard,2026-02-27 02:31:25
5217,W25 Monastir 4,271,Itf Women Singles,Hard,2026-02-27 02:31:25
5455,W25 Monastir 5,271,Itf Women Singles,Hard,2026-02-27 02:31:25
5463,W25 Monastir 5,287,Itf Women Doubles,Hard,2026-02-27 02:31:25
5482,W25 Monastir 6,287,Itf Women Doubles,Hard,2026-02-27 02:31:25
5481,W25 Monastir 6,271,Itf Women Singles,Hard,2026-02-27 02:31:25
5521,W25 Monastir 7,271,Itf Women Singles,Hard,2026-02-27 02:31:25
5524,W25 Monastir 7,287,Itf Women Doubles,Hard,2026-02-27 02:31:25
8413,W25 Monastir 8,287,Itf Women Doubles,Hard,2026-02-27 02:31:25
8412,W25 Monastir 8,271,Itf Women Singles,Hard,2026-02-27 02:31:25
8425,W25 Monastir 9,271,Itf Women Singles,Hard,2026-02-27 02:31:25
8426,W25 Monastir 9,287,Itf Women Doubles,Hard,2026-02-27 02:31:25
3570,W25 Montemor-O-Novo,287,Itf Women Doubles,Hard,2026-02-27 02:31:25
3573,W25 Montemor-O-Novo,271,Itf Women Singles,Hard,2026-02-27 02:31:25
9585,W25 Monzon,271,Itf Women Singles,Hard,2026-02-27 02:31:25
9573,W25 Monzon,287,Itf Women Doubles,Hard,2026-02-27 02:31:25
3400,W25 Moscow,287,Itf Women Doubles,Hard (Indoor),2026-02-27 02:31:25
3398,W25 Moscow,271,Itf Women Singles,Hard (Indoor),2026-02-27 02:31:25
9386,W25 Mosquera,271,Itf Women Singles,Clay,2026-02-27 02:31:25
9388,W25 Mosquera,287,Itf Women Doubles,Clay,2026-02-27 02:31:25
9850,W25 Naiman,287,Itf Women Doubles,Hard,2026-02-27 02:31:25
9849,W25 Naiman,271,Itf Women Singles,Hard,2026-02-27 02:31:25
10472,W25 Nairobi,271,Itf Women Singles,Clay,2026-02-27 02:31:25
10481,W25 Nairobi,287,Itf Women Doubles,Clay,2026-02-27 02:31:25
10494,W25 Nairobi 2,287,Itf Women Doubles,Clay,2026-02-27 02:31:25
10491,W25 Nairobi 2,271,Itf Women Singles,Clay,2026-02-27 02:31:25
9639,W25 Nakhon Si Thammarat,271,Itf Women Singles,Hard,2026-02-27 02:31:25
9641,W25 Nakhon Si Thammarat,287,Itf Women Doubles,Hard,2026-02-27 02:31:25
9829,W25 Nakhon Si Thammarat 2,287,Itf Women Doubles,Hard,2026-02-27 02:31:25
9826,W25 Nakhon Si Thammarat 2,271,Itf Women Singles,Hard,2026-02-27 02:31:25
10051,W25 Nakhon Si Thammarat 3,271,Itf Women Singles,Hard,2026-02-27 02:31:25
10052,W25 Nakhon Si Thammarat 3,287,Itf Women Doubles,Hard,2026-02-27 02:31:25
10097,W25 Nakhon Si Thammarat 4,287,Itf Women Doubles,Hard,2026-02-27 02:31:25
10092,W25 Nakhon Si Thammarat 4,271,Itf Women Singles,Hard,2026-02-27 02:31:25
7924,W25 Nanao,271,Itf Women Singles,Hard,2026-02-27 02:31:25
7926,W25 Nanao,287,Itf Women Doubles,Hard,2026-02-27 02:31:25
4033,"W25 Naples, FL",287,Itf Women Doubles,Clay,2026-02-27 02:31:25
4037,"W25 Naples, FL",271,Itf Women Singles,Clay,2026-02-27 02:31:25
4989,"W25 Naples, FL 2",271,Itf Women Singles,Clay,2026-02-27 02:31:25
4991,"W25 Naples, FL 2",287,Itf Women Doubles,Clay,2026-02-27 02:31:25
5147,W25 Navi Mumbai,287,Itf Women Doubles,Hard,2026-02-27 02:31:25
5146,W25 Navi Mumbai,271,Itf Women Singles,Hard,2026-02-27 02:31:25
4784,W25 Netanya,271,Itf Women Singles,Hard,2026-02-27 02:31:25
4785,W25 Netanya,287,Itf Women Doubles,Hard,2026-02-27 02:31:25
3940,"W25 Newport Beach, CA",287,Itf Women Doubles,Hard,2026-02-27 02:31:25
3939,"W25 Newport Beach, CA",271,Itf Women Singles,Hard,2026-02-27 02:31:25
3285,W25 Nonthaburi,271,Itf Women Singles,Hard,2026-02-27 02:31:25
9092,W25 Nonthaburi,287,Itf Women Doubles,Hard,2026-02-27 02:31:25
9097,W25 Nonthaburi 2,287,Itf Women Doubles,Hard,2026-02-27 02:31:25
3307,W25 Nonthaburi 2,271,Itf Women Singles,Hard,2026-02-27 02:31:25
5434,W25 Nottingham,271,Itf Women Singles,Hard,2026-02-27 02:31:25
5436,W25 Nottingham,287,Itf Women Doubles,Hard,2026-02-27 02:31:25
5464,W25 Nottingham 2,287,Itf Women Doubles,Hard,2026-02-27 02:31:25
5456,W25 Nottingham 2,271,Itf Women Singles,Hard,2026-02-27 02:31:25
5529,W25 Nottingham 3,271,Itf Women Singles,Hard,2026-02-27 02:31:25
5530,W25 Nottingham 3,287,Itf Women Doubles,Hard,2026-02-27 02:31:25
5561,W25 Nottingham 4,287,Itf Women Doubles,Hard,2026-02-27 02:31:25
5545,W25 Nottingham 4,271,Itf Women Singles,Hard,2026-02-27 02:31:25
7520,W25 Nottingham 5,271,Itf Women Singles,Hard,2026-02-27 02:31:25
7524,W25 Nottingham 5,287,Itf Women Doubles,Hard,2026-02-27 02:31:25
4315,W25 Nur-Sultan,287,Itf Women Doubles,Hard,2026-02-27 02:31:25
4290,W25 Nur-Sultan,271,Itf Women Singles,Hard,2026-02-27 02:31:25
7446,W25 Nur-Sultan 2,271,Itf Women Singles,Hard,2026-02-27 02:31:25
7415,W25 Nur-Sultan 2,287,Itf Women Doubles,Hard,2026-02-27 02:31:25
4015,W25 Oeiras,287,Itf Women Doubles,Clay,2026-02-27 02:31:25
4010,W25 Oeiras,271,Itf Women Singles,Clay,2026-02-27 02:31:25
4500,W25 Oldenzaal,271,Itf Women Singles,Clay,2026-02-27 02:31:25
4491,W25 Oldenzaal,287,Itf Women Doubles,Clay,2026-02-27 02:31:25
3849,"W25 Orlando, FL",287,Itf Women Doubles,Hard,2026-02-27 02:31:25
3848,"W25 Orlando, FL",271,Itf Women Singles,Hard,2026-02-27 02:31:25
4917,"W25 Orlando, FL 2",271,Itf Women Singles,Clay,2026-02-27 02:31:25
4898,"W25 Orlando, FL 2",287,Itf Women Doubles,Clay,2026-02-27 02:31:25
5003,W25 Ortisei,287,Itf Women Doubles,Hard (Indoor),2026-02-27 02:31:25
5002,W25 Ortisei,271,Itf Women Singles,Hard (Indoor),2026-02-27 02:31:25
9439,W25 Osaka,271,Itf Women Singles,Hard,2026-02-27 02:31:25
9440,W25 Osaka,287,Itf Women Doubles,Hard,2026-02-27 02:31:25
5562,W25 Osijek,287,Itf Women Doubles,Clay,2026-02-27 02:31:25
5547,W25 Osijek,271,Itf Women Singles,Clay,2026-02-27 02:31:25
9969,W25 Osijek 2,271,Itf Women Singles,Clay,2026-02-27 02:31:25
9972,W25 Osijek 2,287,Itf Women Doubles,Clay,2026-02-27 02:31:25
4124,W25 Otocec,287,Itf Women Doubles,Clay,2026-02-27 02:31:25
4121,W25 Otocec,271,Itf Women Singles,Clay,2026-02-27 02:31:25
4139,W25 Otocec 2,271,Itf Women Singles,Clay,2026-02-27 02:31:25
4157,W25 Otocec 2,287,Itf Women Doubles,Clay,2026-02-27 02:31:25
4472,W25 Ourense,287,Itf Women Doubles,Hard,2026-02-27 02:31:25
4470,W25 Ourense,271,Itf Women Singles,Hard,2026-02-27 02:31:25
4280,W25 Palma del Rio,271,Itf Women Singles,Hard,2026-02-27 02:31:25
4260,W25 Palma del Rio,287,Itf Women Doubles,Hard,2026-02-27 02:31:25
9361,W25 Palmanova,287,Itf Women Doubles,Clay,2026-02-27 02:31:25
9359,W25 Palmanova,271,Itf Women Singles,Clay,2026-02-27 02:31:25
9381,W25 Palmanova 2,271,Itf Women Singles,Clay,2026-02-27 02:31:25
9382,W25 Palmanova 2,287,Itf Women Doubles,Clay,2026-02-27 02:31:25
10488,W25 Papamoa,287,Itf Women Doubles,Hard,2026-02-27 02:31:25
10487,W25 Papamoa,271,Itf Women Singles,Hard,2026-02-27 02:31:25
4427,W25 Parnu,271,Itf Women Singles,Clay,2026-02-27 02:31:25
4428,W25 Parnu,287,Itf Women Doubles,Clay,2026-02-27 02:31:25
4092,"W25 Pelham, AL",287,Itf Women Doubles,Clay,2026-02-27 02:31:25
4069,"W25 Pelham, AL",271,Itf Women Singles,Clay,2026-02-27 02:31:25
4233,W25 Perigueux,271,Itf Women Singles,Clay,2026-02-27 02:31:25
4239,W25 Perigueux,287,Itf Women Doubles,Clay,2026-02-27 02:31:25
9107,W25 Perth,287,Itf Women Doubles,Hard,2026-02-27 02:31:25
3366,W25 Perth,271,Itf Women Singles,Hard,2026-02-27 02:31:25
3391,W25 Perth 2,271,Itf Women Singles,Hard,2026-02-27 02:31:25
9113,W25 Perth 2,287,Itf Women Doubles,Hard,2026-02-27 02:31:25
7482,W25 Perugia,287,Itf Women Doubles,Clay,2026-02-27 02:31:25
7481,W25 Perugia,271,Itf Women Singles,Clay,2026-02-27 02:31:25
4425,W25 Pescara,271,Itf Women Singles,Clay,2026-02-27 02:31:25
4426,W25 Pescara,287,Itf Women Doubles,Clay,2026-02-27 02:31:25
4967,W25 Petange,287,Itf Women Doubles,Hard,2026-02-27 02:31:25
4962,W25 Petange,271,Itf Women Singles,Hard,2026-02-27 02:31:25
3274,W25 Petit-Bourg,271,Itf Women Singles,Hard,2026-02-27 02:31:25
8508,W25 Petit-Bourg,287,Itf Women Doubles,Hard,2026-02-27 02:31:25
4080,W25 Platja D'Aro,287,Itf Women Doubles,Clay,2026-02-27 02:31:25
4074,W25 Platja D'Aro,271,Itf Women Singles,Clay,2026-02-27 02:31:25
7270,W25 Poertschach,271,Itf Women Singles,Clay,2026-02-27 02:31:25
7272,W25 Poertschach,287,Itf Women Doubles,Clay,2026-02-27 02:31:25
3922,W25 Poitiers,287,Itf Women Doubles,Hard,2026-02-27 02:31:25
3921,W25 Poitiers,271,Itf Women Singles,Hard (Indoor),2026-02-27 02:31:25
3625,W25 Porto,271,Itf Women Singles,Hard,2026-02-27 02:31:25
3628,W25 Porto,287,Itf Women Doubles,Hard,2026-02-27 02:31:25
5279,W25 Porto 2,287,Itf Women Doubles,Hard (Indoor),2026-02-27 02:31:25
5266,W25 Porto 2,271,Itf Women Singles,Hard (Indoor),2026-02-27 02:31:25
7359,W25 Porto 3,271,Itf Women Singles,Hard,2026-02-27 02:31:25
7362,W25 Porto 3,287,Itf Women Doubles,Hard,2026-02-27 02:31:25
3439,W25 Potchefstroom,287,Itf Women Doubles,Hard,2026-02-27 02:31:25
9126,W25 Potchefstroom 2,287,Itf Women Doubles,Hard,2026-02-27 02:31:25
3436,W25 Potchefstroom 2,271,Itf Women Singles,Hard,2026-02-27 02:31:25
3472,W25 Potchefstroom 2,271,Itf Women Singles,,2026-02-27 02:31:25
3586,W25 Prague,271,Itf Women Singles,Clay,2026-02-27 02:31:25
3587,W25 Prague,287,Itf Women Doubles,Clay,2026-02-27 02:31:25
3619,W25 Prerov,287,Itf Women Doubles,Clay,2026-02-27 02:31:25
3615,W25 Prerov,271,Itf Women Singles,Clay,2026-02-27 02:31:25
4743,W25 Pretoria,271,Itf Women Singles,Hard,2026-02-27 02:31:25
4682,W25 Pretoria,287,Itf Women Doubles,Hard,2026-02-27 02:31:25
7314,W25 Prokuplje,287,Itf Women Doubles,Clay,2026-02-27 02:31:25
7306,W25 Prokuplje,271,Itf Women Singles,Clay,2026-02-27 02:31:25
3943,W25 Pune,271,Itf Women Singles,Hard,2026-02-27 02:31:25
3944,W25 Pune,287,Itf Women Doubles,Hard,2026-02-27 02:31:25
5145,W25 Pune 2,287,Itf Women Doubles,Hard,2026-02-27 02:31:25
5135,W25 Pune 2,271,Itf Women Singles,Hard,2026-02-27 02:31:25
9837,W25 Punta Cana,271,Itf Women Singles,Clay,2026-02-27 02:31:25
9838,W25 Punta Cana,287,Itf Women Doubles,Clay,2026-02-27 02:31:25
9868,W25 Punta Cana 2,287,Itf Women Doubles,Clay,2026-02-27 02:31:25
9867,W25 Punta Cana 2,271,Itf Women Singles,Clay,2026-02-27 02:31:25
10327,W25 Qian Daohu,271,Itf Women Singles,Hard,2026-02-27 02:31:25
10328,W25 Qian Daohu,287,Itf Women Doubles,Hard,2026-02-27 02:31:25
8053,W25 Quinta do Lago,287,Itf Women Doubles,Hard,2026-02-27 02:31:25
8050,W25 Quinta do Lago,271,Itf Women Singles,Hard,2026-02-27 02:31:25
7265,W25 Raanana,271,Itf Women Singles,Hard,2026-02-27 02:31:25
7267,W25 Raanana,287,Itf Women Doubles,Hard,2026-02-27 02:31:25
7315,W25 Raanana 2,287,Itf Women Doubles,Hard,2026-02-27 02:31:25
7307,W25 Raanana 2,271,Itf Women Singles,Hard,2026-02-27 02:31:25
4449,W25 Radom,271,Itf Women Singles,Clay,2026-02-27 02:31:25
4451,W25 Radom,287,Itf Women Doubles,Clay,2026-02-27 02:31:25
9112,W25 Rancho Santa Fe,287,Itf Women Doubles,Hard,2026-02-27 02:31:25
3392,W25 Rancho Santa Fe,271,Itf Women Singles,Hard,2026-02-27 02:31:25
4741,"W25 Redding, CA",271,Itf Women Singles,Hard,2026-02-27 02:31:25
4734,"W25 Redding, CA",287,Itf Women Doubles,Hard,2026-02-27 02:31:25
3653,W25 Reims,287,Itf Women Doubles,Hard,2026-02-27 02:31:25
3652,W25 Reims,271,Itf Women Singles,Hard,2026-02-27 02:31:25
7595,W25 Rio de Janeiro,271,Itf Women Singles,Clay,2026-02-27 02:31:25
7596,W25 Rio de Janeiro,287,Itf Women Doubles,Clay,2026-02-27 02:31:25
4808,W25 Rio do Sul,287,Itf Women Doubles,Clay,2026-02-27 02:31:25
4806,W25 Rio do Sul,271,Itf Women Singles,Clay,2026-02-27 02:31:25
7420,W25 Roehampton,271,Itf Women Singles,Hard,2026-02-27 02:31:25
7436,W25 Roehampton,287,Itf Women Doubles,Hard,2026-02-27 02:31:25
7723,W25 Roehampton 2,287,Itf Women Doubles,Hard,2026-02-27 02:31:25
7722,W25 Roehampton 2,271,Itf Women Singles,Hard,2026-02-27 02:31:25
8288,W25 Saint Etienne,271,Itf Women Singles,Hard,2026-02-27 02:31:25
8289,W25 Saint Etienne,287,Itf Women Doubles,Hard,2026-02-27 02:31:25
11168,W25 Saint-Palais-sur-Mer,287,Itf Women Doubles,Clay,2026-02-27 02:31:25
11167,W25 Saint-Palais-sur-Mer,271,Itf Women Singles,Clay,2026-02-27 02:31:25
4034,W25 Salinas,271,Itf Women Singles,Hard,2026-02-27 02:31:25
4035,W25 Salinas,287,Itf Women Doubles,Hard,2026-02-27 02:31:25
9283,W25 Salinas 2,287,Itf Women Doubles,Hard,2026-02-27 02:31:25
5058,W25 Salinas 2,271,Itf Women Singles,Hard,2026-02-27 02:31:25
5435,W25 Santa Margherita di Pula,271,Itf Women Singles,Clay,2026-02-27 02:31:25
5437,W25 Santa Margherita di Pula,287,Itf Women Doubles,Clay,2026-02-27 02:31:25
8059,W25 Santa Margherita di Pula 10,287,Itf Women Doubles,Clay,2026-02-27 02:31:25
8051,W25 Santa Margherita di Pula 10,271,Itf Women Singles,Clay,2026-02-27 02:31:25
8095,W25 Santa Margherita di Pula 11,271,Itf Women Singles,Clay,2026-02-27 02:31:25
8104,W25 Santa Margherita di Pula 11,287,Itf Women Doubles,Clay,2026-02-27 02:31:25
5467,W25 Santa Margherita di Pula 2,287,Itf Women Doubles,Clay,2026-02-27 02:31:25
5466,W25 Santa Margherita di Pula 2,271,Itf Women Singles,Clay,2026-02-27 02:31:25
5485,W25 Santa Margherita di Pula 3,271,Itf Women Singles,Clay,2026-02-27 02:31:25
5510,W25 Santa Margherita di Pula 3,287,Itf Women Doubles,Clay,2026-02-27 02:31:25
5535,W25 Santa Margherita di Pula 4,287,Itf Women Doubles,Clay,2026-02-27 02:31:25
5534,W25 Santa Margherita di Pula 4,271,Itf Women Singles,Clay,2026-02-27 02:31:25
5579,W25 Santa Margherita di Pula 5,271,Itf Women Singles,Clay,2026-02-27 02:31:25
5567,W25 Santa Margherita di Pula 5,287,Itf Women Doubles,Clay,2026-02-27 02:31:25
7850,W25 Santa Margherita di Pula 6,287,Itf Women Doubles,Clay,2026-02-27 02:31:25
7838,W25 Santa Margherita di Pula 6,271,Itf Women Singles,Clay,2026-02-27 02:31:25
7892,W25 Santa Margherita di Pula 7,271,Itf Women Singles,Clay,2026-02-27 02:31:25
7899,W25 Santa Margherita di Pula 7,287,Itf Women Doubles,Clay,2026-02-27 02:31:25
7958,W25 Santa Margherita di Pula 8,287,Itf Women Doubles,Clay,2026-02-27 02:31:25
7934,W25 Santa Margherita di Pula 8,271,Itf Women Singles,Clay,2026-02-27 02:31:25
8003,W25 Santa Margherita di Pula 9,271,Itf Women Singles,Clay,2026-02-27 02:31:25
8017,W25 Santa Margherita di Pula 9,287,Itf Women Doubles,Clay,2026-02-27 02:31:25
4654,W25 Santarem,287,Itf Women Doubles,Hard,2026-02-27 02:31:25
4653,W25 Santarem,271,Itf Women Singles,Hard,2026-02-27 02:31:25
4164,W25 Santo Domingo,271,Itf Women Singles,Hard,2026-02-27 02:31:25
4165,W25 Santo Domingo,287,Itf Women Doubles,Hard,2026-02-27 02:31:25
4194,W25 Santo Domingo 2,287,Itf Women Doubles,Hard,2026-02-27 02:31:25
4189,W25 Santo Domingo 2,271,Itf Women Singles,Hard,2026-02-27 02:31:25
7226,W25 Santo Domingo 3,271,Itf Women Singles,Hard,2026-02-27 02:31:25
7227,W25 Santo Domingo 3,287,Itf Women Doubles,Hard,2026-02-27 02:31:25
7274,W25 Santo Domingo 4,287,Itf Women Doubles,Hard,2026-02-27 02:31:25
7273,W25 Santo Domingo 4,271,Itf Women Singles,Hard,2026-02-27 02:31:25
8610,W25 Santo Domingo 5,271,Itf Women Singles,Hard,2026-02-27 02:31:25
10369,W25 Santo Domingo 5,287,Itf Women Doubles,Hard,2026-02-27 02:31:25
10391,W25 Santo Domingo 6,287,Itf Women Doubles,Hard,2026-02-27 02:31:25
10376,W25 Santo Domingo 6,271,Itf Women Singles,Hard,2026-02-27 02:31:25
5570,"W25 Sarasota, FL",271,Itf Women Singles,Clay,2026-02-27 02:31:25
5571,"W25 Sarasota, FL",287,Itf Women Doubles,Clay,2026-02-27 02:31:25
7485,W25 Saskatoon,287,Itf Women Doubles,Hard,2026-02-27 02:31:25
7455,W25 Saskatoon,271,Itf Women Singles,Hard,2026-02-27 02:31:25
3870,W25 Selva Gardena,271,Itf Women Singles,Hard (Indoor),2026-02-27 02:31:25
3871,W25 Selva Gardena,287,Itf Women Doubles,Hard,2026-02-27 02:31:25
9688,W25 Setubal,287,Itf Women Doubles,Hard,2026-02-27 02:31:25
9687,W25 Setubal,271,Itf Women Singles,Hard,2026-02-27 02:31:25
4782,W25 Seville,271,Itf Women Singles,Clay,2026-02-27 02:31:25
4787,W25 Seville,287,Itf Women Doubles,Clay,2026-02-27 02:31:25
5225,W25 Sharm ElSheikh,287,Itf Women Doubles,Hard,2026-02-27 02:31:25
5230,W25 Sharm ElSheikh,271,Itf Women Singles,Hard,2026-02-27 02:31:25
5252,W25 Sharm ElSheikh 2,271,Itf Women Singles,Hard,2026-02-27 02:31:25
5249,W25 Sharm ElSheikh 2,287,Itf Women Doubles,Hard,2026-02-27 02:31:25
8238,W25 Sharm ElSheikh 3,287,Itf Women Doubles,Hard,2026-02-27 02:31:25
8254,W25 Sharm ElSheikh 3,271,Itf Women Singles,Hard,2026-02-27 02:31:25
8307,W25 Sharm ElSheikh 4,271,Itf Women Singles,Hard,2026-02-27 02:31:25
8287,W25 Sharm ElSheikh 4,287,Itf Women Doubles,Hard,2026-02-27 02:31:25
7996,W25 Sibenik,287,Itf Women Doubles,Clay,2026-02-27 02:31:25
8015,W25 Sibenik,271,Itf Women Singles,Clay,2026-02-27 02:31:25
10167,W25 Slobozia,271,Itf Women Singles,Clay,2026-02-27 02:31:25
10171,W25 Slobozia,287,Itf Women Doubles,Clay,2026-02-27 02:31:25
8423,W25 Solapur,287,Itf Women Doubles,Hard,2026-02-27 02:31:25
8421,W25 Solapur,271,Itf Women Singles,Hard,2026-02-27 02:31:25
10337,W25 Solarino,271,Itf Women Singles,Hard,2026-02-27 02:31:25
10338,W25 Solarino,287,Itf Women Doubles,Hard,2026-02-27 02:31:25
10356,W25 Solarino 2,287,Itf Women Doubles,Hard,2026-02-27 02:31:25
10354,W25 Solarino 2,271,Itf Women Singles,Hard,2026-02-27 02:31:25
10381,W25 Solarino 3,271,Itf Women Singles,Hard,2026-02-27 02:31:25
10383,W25 Solarino 3,287,Itf Women Doubles,Hard,2026-02-27 02:31:25
9406,W25 Sopo,287,Itf Women Doubles,Clay,2026-02-27 02:31:25
9405,W25 Sopo,271,Itf Women Singles,Clay,2026-02-27 02:31:25
7988,W25 Sozopol,271,Itf Women Singles,Hard,2026-02-27 02:31:25
7991,W25 Sozopol,287,Itf Women Doubles,Hard,2026-02-27 02:31:25
8045,W25 Sozopol 2,287,Itf Women Doubles,Hard,2026-02-27 02:31:25
8039,W25 Sozopol 2,271,Itf Women Singles,Hard,2026-02-27 02:31:25
8083,W25 Sozopol 3,271,Itf Women Singles,Hard,2026-02-27 02:31:25
8086,W25 Sozopol 3,287,Itf Women Doubles,Hard,2026-02-27 02:31:25
5520,W25 Split,287,Itf Women Doubles,Clay,2026-02-27 02:31:25
5517,W25 Split,271,Itf Women Singles,Clay,2026-02-27 02:31:25
8635,"W25 Spring, TX",271,Itf Women Singles,Hard,2026-02-27 02:31:25
8636,"W25 Spring, TX",287,Itf Women Doubles,Hard,2026-02-27 02:31:25
7363,W25 Stuttgart-Vaihingen,287,Itf Women Doubles,Clay,2026-02-27 02:31:25
7360,W25 Stuttgart-Vaihingen,271,Itf Women Singles,Clay,2026-02-27 02:31:25
4225,"W25 Sumter, SC",271,Itf Women Singles,Hard,2026-02-27 02:31:25
4226,"W25 Sumter, SC",287,Itf Women Doubles,Hard,2026-02-27 02:31:25
9034,W25 Sunderland,287,Itf Women Doubles,Hard,2026-02-27 02:31:25
3414,W25 Sunderland,271,Itf Women Singles,Hard (Indoor),2026-02-27 02:31:25
8594,W25 Swan Hill,271,Itf Women Singles,Grass,2026-02-27 02:31:25
8597,W25 Swan Hill,287,Itf Women Doubles,Grass,2026-02-27 02:31:25
8625,W25 Swan Hill 2,287,Itf Women Doubles,Grass,2026-02-27 02:31:25
8624,W25 Swan Hill 2,271,Itf Women Singles,Grass,2026-02-27 02:31:25
9735,W25 Tainan,271,Itf Women Singles,Clay,2026-02-27 02:31:25
9736,W25 Tainan,287,Itf Women Doubles,Clay,2026-02-27 02:31:25
9781,W25 Tainan 2,287,Itf Women Doubles,Clay,2026-02-27 02:31:25
9780,W25 Tainan 2,271,Itf Women Singles,Clay,2026-02-27 02:31:25
3588,W25 Tarvisio,271,Itf Women Singles,Clay,2026-02-27 02:31:25
3580,W25 Tarvisio,287,Itf Women Doubles,Clay,2026-02-27 02:31:25
8446,W25 Tauranga,287,Itf Women Doubles,Hard,2026-02-27 02:31:25
8445,W25 Tauranga,271,Itf Women Singles,Hard,2026-02-27 02:31:25
5622,W25 Tbilisi,271,Itf Women Singles,Hard,2026-02-27 02:31:25
5623,W25 Tbilisi,287,Itf Women Doubles,Hard,2026-02-27 02:31:25
7151,W25 Tbilisi 2,287,Itf Women Doubles,Hard,2026-02-27 02:31:25
7150,W25 Tbilisi 2,271,Itf Women Singles,Hard,2026-02-27 02:31:25
7196,W25 Tbilisi 3,271,Itf Women Singles,Hard,2026-02-27 02:31:25
7198,W25 Tbilisi 3,287,Itf Women Doubles,Hard,2026-02-27 02:31:25
4335,W25 Telavi,287,Itf Women Doubles,Clay,2026-02-27 02:31:25
4317,W25 Telavi,271,Itf Women Singles,Clay,2026-02-27 02:31:25
4348,W25 Telavi 2,271,Itf Women Singles,Clay,2026-02-27 02:31:25
4368,W25 Telavi 2,287,Itf Women Doubles,Clay,2026-02-27 02:31:25
9256,W25 The Hague,287,Itf Women Doubles,Clay,2026-02-27 02:31:25
4270,W25 The Hague,271,Itf Women Singles,Clay,2026-02-27 02:31:25
9634,W25 Tokyo,271,Itf Women Singles,Hard,2026-02-27 02:31:25
9635,W25 Tokyo,287,Itf Women Doubles,Hard,2026-02-27 02:31:25
4302,W25 Torino,287,Itf Women Doubles,Clay,2026-02-27 02:31:25
4301,W25 Torino,271,Itf Women Singles,Clay,2026-02-27 02:31:25
8639,W25 Toronto,271,Itf Women Singles,Hard,2026-02-27 02:31:25
8640,W25 Toronto,287,Itf Women Doubles,Hard,2026-02-27 02:31:25
8279,W25 Traralgon,287,Itf Women Doubles,Hard,2026-02-27 02:31:25
8276,W25 Traralgon,271,Itf Women Singles,Hard,2026-02-27 02:31:25
8349,W25 Traralgon 2,271,Itf Women Singles,Hard,2026-02-27 02:31:25
8357,W25 Traralgon 2,287,Itf Women Doubles,Hard,2026-02-27 02:31:25
4568,W25 Trieste,287,Itf Women Doubles,Clay,2026-02-27 02:31:25
4567,W25 Trieste,271,Itf Women Singles,Clay,2026-02-27 02:31:25
3318,W25 Trnava,271,Itf Women Singles,Hard (Indoor),2026-02-27 02:31:25
8148,W25 Trnava,287,Itf Women Doubles,Hard (Indoor),2026-02-27 02:31:25
8199,W25 Trnava 2,287,Itf Women Doubles,Hard (Indoor),2026-02-27 02:31:25
3345,W25 Trnava 2,271,Itf Women Singles,Hard (Indoor),2026-02-27 02:31:25
9646,W25 Troisdorf,271,Itf Women Singles,Clay,2026-02-27 02:31:25
9647,W25 Troisdorf,287,Itf Women Doubles,Clay,2026-02-27 02:31:25
5228,W25 Tucuman,287,Itf Women Doubles,Clay,2026-02-27 02:31:25
5227,W25 Tucuman,271,Itf Women Singles,Clay,2026-02-27 02:31:25
5250,W25 Tucuman 2,271,Itf Women Singles,Clay,2026-02-27 02:31:25
5251,W25 Tucuman 2,287,Itf Women Doubles,Clay,2026-02-27 02:31:25
8055,W25 Tucuman 3,287,Itf Women Doubles,Clay,2026-02-27 02:31:25
8028,W25 Tucuman 3,271,Itf Women Singles,Clay,2026-02-27 02:31:25
7636,W25 Ust-Kamenogorsk,271,Itf Women Singles,Hard,2026-02-27 02:31:25
7637,W25 Ust-Kamenogorsk,287,Itf Women Doubles,Hard,2026-02-27 02:31:25
10060,W25 Valladolid,287,Itf Women Doubles,Hard,2026-02-27 02:31:25
10058,W25 Valladolid,271,Itf Women Singles,Hard,2026-02-27 02:31:25
5546,W25 Varberg,271,Itf Women Singles,Clay,2026-02-27 02:31:25
5563,W25 Varberg,287,Itf Women Doubles,Clay,2026-02-27 02:31:25
10132,W25 Varna,287,Itf Women Doubles,Clay,2026-02-27 02:31:25
10130,W25 Varna,271,Itf Women Singles,Clay,2026-02-27 02:31:25
4510,W25 Verbier,271,Itf Women Singles,Clay,2026-02-27 02:31:25
4511,W25 Verbier,287,Itf Women Doubles,Clay,2026-02-27 02:31:25
9089,W25 Vero Beach,287,Itf Women Doubles,Clay,2026-02-27 02:31:25
3279,W25 Vero Beach,271,Itf Women Singles,Clay,2026-02-27 02:31:25
5185,"W25 Vero Beach, FL",271,Itf Women Singles,Clay,2026-02-27 02:31:25
5186,"W25 Vero Beach, FL",287,Itf Women Doubles,Clay,2026-02-27 02:31:25
4566,W25 Vienna,287,Itf Women Doubles,Clay,2026-02-27 02:31:25
4558,W25 Vienna,271,Itf Women Singles,Clay,2026-02-27 02:31:25
4515,W25 Vigo,271,Itf Women Singles,Hard,2026-02-27 02:31:25
4518,W25 Vigo,287,Itf Women Doubles,Hard,2026-02-27 02:31:25
3981,W25 Villa Maria,287,Itf Women Doubles,Clay,2026-02-27 02:31:25
3983,W25 Villa Maria,271,Itf Women Singles,Clay,2026-02-27 02:31:25
4480,W25 Vrnjacka Banja,271,Itf Women Singles,Clay,2026-02-27 02:31:25
4482,W25 Vrnjacka Banja,287,Itf Women Doubles,Clay,2026-02-27 02:31:25
5610,W25 Warmbad Villach,287,Itf Women Doubles,Clay,2026-02-27 02:31:25
5599,W25 Warmbad Villach,271,Itf Women Singles,Clay,2026-02-27 02:31:25
7324,"W25 Wichita, KS",271,Itf Women Singles,Hard,2026-02-27 02:31:25
7321,"W25 Wichita, KS",287,Itf Women Doubles,Hard,2026-02-27 02:31:25
4277,W25 Wroclaw,287,Itf Women Doubles,Clay,2026-02-27 02:31:25
4258,W25 Wroclaw,271,Itf Women Singles,Clay,2026-02-27 02:31:25
9642,W25 Yecla,271,Itf Women Singles,Hard,2026-02-27 02:31:25
9643,W25 Yecla,287,Itf Women Doubles,Hard,2026-02-27 02:31:25
8225,W25 Yokohama,287,Itf Women Doubles,Hard,2026-02-27 02:31:25
3423,W25 Yokohama,271,Itf Women Singles,Hard,2026-02-27 02:31:25
7308,W25 Ystad,271,Itf Women Singles,Clay,2026-02-27 02:31:25
7316,W25 Ystad,287,Itf Women Doubles,Clay,2026-02-27 02:31:25
9144,W25 Zagreb,287,Itf Women Doubles,Clay,2026-02-27 02:31:25
3593,W25 Zagreb,271,Itf Women Singles,Clay,2026-02-27 02:31:25
10106,W25 Zaragoza,271,Itf Women Singles,Clay,2026-02-27 02:31:25
10098,W25 Zaragoza,287,Itf Women Doubles,Clay,2026-02-27 02:31:25
9473,"W25 Zephyrhills, FL",287,Itf Women Doubles,Clay,2026-02-27 02:31:25
9472,"W25 Zephyrhills, FL",271,Itf Women Singles,Clay,2026-02-27 02:31:25
4009,W25+H Calvi,271,Itf Women Singles,Hard,2026-02-27 02:31:25
4008,W25+H Calvi,287,Itf Women Doubles,Hard,2026-02-27 02:31:25
11170,W25+H Cherbourg En Cotentin,287,Itf Women Doubles,Hard,2026-02-27 02:31:25
11169,W25+H Cherbourg En Cotentin,271,Itf Women Singles,Hard (Indoor),2026-02-27 02:31:25
3584,W25+H Figueira Da Foz,271,Itf Women Singles,Hard,2026-02-27 02:31:25
3579,W25+H Figueira Da Foz,287,Itf Women Doubles,Hard,2026-02-27 02:31:25
7624,W25+H Leipzig,287,Itf Women Doubles,Clay,2026-02-27 02:31:25
7623,W25+H Leipzig,271,Itf Women Singles,Clay,2026-02-27 02:31:25
7418,W25+H Palma del Rio,271,Itf Women Singles,Hard,2026-02-27 02:31:25
7366,W25+H Palma del Rio,287,Itf Women Doubles,Hard,2026-02-27 02:31:25
9752,W25+H Tauste-Zaragoza,287,Itf Women Doubles,Hard,2026-02-27 02:31:25
9751,W25+H Tauste-Zaragoza,271,Itf Women Singles,Hard,2026-02-27 02:31:25
5516,W25+H Tossa de Mar,271,Itf Women Singles,Hard,2026-02-27 02:31:25
5519,W25+H Tossa de Mar,287,Itf Women Doubles,Hard,2026-02-27 02:31:25
10752,W35 Alaminos-Larnaca,287,Itf Women Doubles,Clay,2026-02-27 02:31:25
10751,W35 Alaminos-Larnaca,271,Itf Women Singles,Clay,2026-02-27 02:31:25
10779,W35 Alaminos-Larnaca 2,271,Itf Women Singles,Clay,2026-02-27 02:31:25
10780,W35 Alaminos-Larnaca 2,287,Itf Women Doubles,Clay,2026-02-27 02:31:25
11478,W35 Aldershot,287,Itf Women Doubles,Hard,2026-02-27 02:31:25
11477,W35 Aldershot,271,Itf Women Singles,Hard,2026-02-27 02:31:25
11234,W35 Amstelveen,271,Itf Women Singles,Clay,2026-02-27 02:31:25
11244,W35 Amstelveen,287,Itf Women Doubles,Clay,2026-02-27 02:31:25
10961,W35 Anapoima,287,Itf Women Doubles,Clay,2026-02-27 02:31:25
10960,W35 Anapoima,271,Itf Women Singles,Clay,2026-02-27 02:31:25
12503,W35 Andong,271,Itf Women Singles,Hard,2026-02-27 02:31:25
12504,W35 Andong,287,Itf Women Doubles,Hard,2026-02-27 02:31:25
11036,W35 Annenheim,287,Itf Women Doubles,Clay,2026-02-27 02:31:25
11034,W35 Annenheim,271,Itf Women Singles,Clay,2026-02-27 02:31:25
10521,W35 Antalya,271,Itf Women Singles,Clay,2026-02-27 02:31:25
10528,W35 Antalya,287,Itf Women Doubles,Clay,2026-02-27 02:31:25
10624,W35 Antalya 2,287,Itf Women Doubles,Clay,2026-02-27 02:31:25
10623,W35 Antalya 2,271,Itf Women Singles,Clay,2026-02-27 02:31:25
10645,W35 Antalya 3,271,Itf Women Singles,Clay,2026-02-27 02:31:25
10648,W35 Antalya 3,287,Itf Women Doubles,Clay,2026-02-27 02:31:25
10669,W35 Antalya 4,287,Itf Women Doubles,Clay,2026-02-27 02:31:25
10668,W35 Antalya 4,271,Itf Women Singles,Clay,2026-02-27 02:31:25
13488,W35 Antalya 5,271,Itf Women Singles,Clay,2026-02-27 02:31:25
13489,W35 Antalya 5,287,Itf Women Doubles,Clay,2026-02-27 02:31:25
13528,W35 Antalya 6,287,Itf Women Doubles,Clay,2026-02-27 02:31:25
13529,W35 Antalya 6,271,Itf Women Singles,Clay,2026-02-27 02:31:25
10517,"W35 Arcadia, CA",271,Itf Women Singles,Hard,2026-02-27 02:31:25
10516,"W35 Arcadia, CA",287,Itf Women Doubles,Hard,2026-02-27 02:31:25
11481,W35 Arequipa,287,Itf Women Doubles,Clay,2026-02-27 02:31:25
11480,W35 Arequipa,271,Itf Women Singles,Clay,2026-02-27 02:31:25
11281,W35 Aschaffenburg,271,Itf Women Singles,Clay,2026-02-27 02:31:25
11282,W35 Aschaffenburg,287,Itf Women Doubles,Clay,2026-02-27 02:31:25
11343,W35 Astana,287,Itf Women Doubles,Hard,2026-02-27 02:31:25
11342,W35 Astana,271,Itf Women Singles,Hard,2026-02-27 02:31:25
11846,"W35 Bakersfield, CA",271,Itf Women Singles,Hard,2026-02-27 02:31:25
11847,"W35 Bakersfield, CA",287,Itf Women Doubles,Hard,2026-02-27 02:31:25
10996,W35 Bastad,287,Itf Women Doubles,Clay,2026-02-27 02:31:25
10985,W35 Bastad,271,Itf Women Singles,Clay,2026-02-27 02:31:25
11803,W35 Baza,271,Itf Women Singles,Hard,2026-02-27 02:31:25
11804,W35 Baza,287,Itf Women Doubles,Hard,2026-02-27 02:31:25
11777,"W35 Berkeley, CA",287,Itf Women Doubles,Hard,2026-02-27 02:31:25
11776,"W35 Berkeley, CA",271,Itf Women Singles,Hard,2026-02-27 02:31:25
11025,"W35 Bethany Beach, DE",271,Itf Women Singles,Clay,2026-02-27 02:31:25
11026,"W35 Bethany Beach, DE",287,Itf Women Doubles,Clay,2026-02-27 02:31:25
13346,W35 Birmingham,287,Itf Women Doubles,Hard,2026-02-27 02:31:25
13345,W35 Birmingham,271,Itf Women Singles,Hard,2026-02-27 02:31:25
11462,W35 Bistrita,271,Itf Women Singles,Clay,2026-02-27 02:31:25
11463,W35 Bistrita,287,Itf Women Doubles,Clay,2026-02-27 02:31:25
10880,"W35 Boca Raton, FL",287,Itf Women Doubles,Clay,2026-02-27 02:31:25
10879,"W35 Boca Raton, FL",271,Itf Women Singles,Clay,2026-02-27 02:31:25
10973,"W35 Boca Raton, FL 2",271,Itf Women Singles,Clay,2026-02-27 02:31:25
10959,"W35 Boca Raton, FL 2",287,Itf Women Doubles,Clay,2026-02-27 02:31:25
12447,"W35 Boca Raton, FL 3",287,Itf Women Doubles,Clay,2026-02-27 02:31:25
12446,"W35 Boca Raton, FL 3",271,Itf Women Singles,Clay,2026-02-27 02:31:25
13498,"W35 Boca Raton, FL 4",271,Itf Women Singles,Clay,2026-02-27 02:31:25
13500,"W35 Boca Raton, FL 4",287,Itf Women Doubles,Clay,2026-02-27 02:31:25
12506,W35 Bol,287,Itf Women Doubles,Clay,2026-02-27 02:31:25
12505,W35 Bol,271,Itf Women Singles,Clay,2026-02-27 02:31:25
12541,W35 Bol 2,271,Itf Women Singles,Clay,2026-02-27 02:31:25
12542,W35 Bol 2,287,Itf Women Doubles,Clay,2026-02-27 02:31:25
13602,"W35 Bradenton, FL",287,Itf Women Doubles,Hard,2026-02-27 02:31:25
13601,"W35 Bradenton, FL",271,Itf Women Singles,Hard,2026-02-27 02:31:25
11572,W35 Brasov,271,Itf Women Singles,Clay,2026-02-27 02:31:25
11597,W35 Brasov,287,Itf Women Doubles,Clay,2026-02-27 02:31:25
11546,W35 Braunschweig,287,Itf Women Doubles,Clay,2026-02-27 02:31:25
11545,W35 Braunschweig,271,Itf Women Singles,Clay,2026-02-27 02:31:25
13366,W35 Brisbane,271,Itf Women Singles,Hard,2026-02-27 02:31:25
13367,W35 Brisbane,287,Itf Women Doubles,Hard,2026-02-27 02:31:25
13398,W35 Brisbane 2,287,Itf Women Doubles,Hard,2026-02-27 02:31:25
13415,W35 Brisbane 2,271,Itf Women Singles,Hard,2026-02-27 02:31:25
10536,W35 Buenos Aires,271,Itf Women Singles,Clay,2026-02-27 02:31:25
10550,W35 Buenos Aires,287,Itf Women Doubles,Clay,2026-02-27 02:31:25
10569,W35 Buenos Aires 2,287,Itf Women Doubles,Clay,2026-02-27 02:31:25
10559,W35 Buenos Aires 2,271,Itf Women Singles,Clay,2026-02-27 02:31:25
10846,W35 Bujumbura,271,Itf Women Singles,Clay,2026-02-27 02:31:25
10848,W35 Bujumbura,287,Itf Women Doubles,Clay,2026-02-27 02:31:25
10883,W35 Bujumbura 2,287,Itf Women Doubles,Clay,2026-02-27 02:31:25
10882,W35 Bujumbura 2,271,Itf Women Singles,Clay,2026-02-27 02:31:25
12244,W35 Burnie,271,Itf Women Singles,Hard,2026-02-27 02:31:25
12245,W35 Burnie,287,Itf Women Doubles,Hard,2026-02-27 02:31:25
11269,W35 Buzau,287,Itf Women Doubles,Clay,2026-02-27 02:31:25
11267,W35 Buzau,271,Itf Women Singles,Clay,2026-02-27 02:31:25
11460,W35 Bydgoszcz,271,Itf Women Singles,Clay,2026-02-27 02:31:25
11461,W35 Bydgoszcz,287,Itf Women Doubles,Clay,2026-02-27 02:31:25
11790,W35 Cairns,287,Itf Women Doubles,Hard,2026-02-27 02:31:25
11789,W35 Cairns,271,Itf Women Singles,Hard,2026-02-27 02:31:25
11821,W35 Cairns 2,271,Itf Women Singles,Hard,2026-02-27 02:31:25
11823,W35 Cairns 2,287,Itf Women Doubles,Hard,2026-02-27 02:31:25
11354,W35 Casablanca,287,Itf Women Doubles,Clay,2026-02-27 02:31:25
11365,W35 Casablanca,271,Itf Women Singles,Clay,2026-02-27 02:31:25
11425,W35 Chacabuco,271,Itf Women Singles,Clay,2026-02-27 02:31:25
11426,W35 Chacabuco,287,Itf Women Doubles,Clay,2026-02-27 02:31:25
11072,W35 Changwon,287,Itf Women Doubles,Hard,2026-02-27 02:31:25
11071,W35 Changwon,271,Itf Women Singles,Hard,2026-02-27 02:31:25
12425,"W35 Charlotte, NC",271,Itf Women Singles,Clay,2026-02-27 02:31:25
12427,"W35 Charlotte, NC",287,Itf Women Doubles,Clay,2026-02-27 02:31:25
11540,W35 Cluj Napoca,287,Itf Women Doubles,Clay,2026-02-27 02:31:25
11539,W35 Cluj Napoca,271,Itf Women Singles,Clay,2026-02-27 02:31:25
11593,W35 Collonge-Bellerive,271,Itf Women Singles,Clay,2026-02-27 02:31:25
11598,W35 Collonge-Bellerive,287,Itf Women Doubles,Clay,2026-02-27 02:31:25
12983,W35 Cuiaba,287,Itf Women Doubles,Clay,2026-02-27 02:31:25
12982,W35 Cuiaba,271,Itf Women Singles,Clay,2026-02-27 02:31:25
11102,W35 Daegu,271,Itf Women Singles,Hard,2026-02-27 02:31:25
11103,W35 Daegu,287,Itf Women Doubles,Hard,2026-02-27 02:31:25
11321,W35 Darmstadt,287,Itf Women Doubles,Clay,2026-02-27 02:31:25
11332,W35 Darmstadt,271,Itf Women Singles,Clay,2026-02-27 02:31:25
13291,W35 Darwin,271,Itf Women Singles,Hard,2026-02-27 02:31:25
13293,W35 Darwin,287,Itf Women Doubles,Hard,2026-02-27 02:31:25
13324,W35 Darwin 2,287,Itf Women Doubles,Hard,2026-02-27 02:31:25
13323,W35 Darwin 2,271,Itf Women Singles,Hard,2026-02-27 02:31:25
13554,"W35 Daytona Beach, FL",271,Itf Women Singles,Clay,2026-02-27 02:31:25
13555,"W35 Daytona Beach, FL",287,Itf Women Doubles,Clay,2026-02-27 02:31:25
12626,"W35 Decatur, IL",287,Itf Women Doubles,Hard,2026-02-27 02:31:25
12629,"W35 Decatur, IL",271,Itf Women Singles,Hard,2026-02-27 02:31:25
11268,W35 Don Benito,271,Itf Women Singles,Hard,2026-02-27 02:31:25
11270,W35 Don Benito,287,Itf Women Doubles,Hard,2026-02-27 02:31:25
11472,W35 Duffel,287,Itf Women Doubles,Clay,2026-02-27 02:31:25
11471,W35 Duffel,271,Itf Women Singles,Clay,2026-02-27 02:31:25
11819,W35 Edmonton,271,Itf Women Singles,Hard,2026-02-27 02:31:25
11845,W35 Edmonton,287,Itf Women Doubles,Hard,2026-02-27 02:31:25
11476,W35 Erwitte,287,Itf Women Doubles,Clay,2026-02-27 02:31:25
11475,W35 Erwitte,271,Itf Women Singles,Clay,2026-02-27 02:31:25
12197,W35 Esch/Alzette,271,Itf Women Singles,Hard,2026-02-27 02:31:25
12198,W35 Esch/Alzette,287,Itf Women Doubles,Hard,2026-02-27 02:31:25
11879,W35 Faro,287,Itf Women Doubles,Hard,2026-02-27 02:31:25
11889,W35 Faro,271,Itf Women Singles,Hard,2026-02-27 02:31:25
12787,W35 Florence,271,Itf Women Singles,Hard,2026-02-27 02:31:25
12788,W35 Florence,287,Itf Women Doubles,Hard,2026-02-27 02:31:25
12461,W35 Fukuoka,287,Itf Women Doubles,Hard,2026-02-27 02:31:25
12460,W35 Fukuoka,271,Itf Women Singles,Hard,2026-02-27 02:31:25
11160,W35 Gdansk,271,Itf Women Singles,Clay,2026-02-27 02:31:25
11161,W35 Gdansk,287,Itf Women Doubles,Clay,2026-02-27 02:31:25
11262,W35 Getxo,287,Itf Women Doubles,Clay,2026-02-27 02:31:25
11261,W35 Getxo,271,Itf Women Singles,Clay,2026-02-27 02:31:25
12214,W35 Glasgow,271,Itf Women Singles,Hard,2026-02-27 02:31:25
12215,W35 Glasgow,287,Itf Women Doubles,Hard,2026-02-27 02:31:25
12440,W35 Goyang,287,Itf Women Doubles,Hard,2026-02-27 02:31:25
12439,W35 Goyang,271,Itf Women Singles,Hard,2026-02-27 02:31:25
12458,W35 Goyang 2,271,Itf Women Singles,Hard,2026-02-27 02:31:25
12459,W35 Goyang 2,287,Itf Women Doubles,Hard,2026-02-27 02:31:25
10694,W35 Gurugram,287,Itf Women Doubles,Hard,2026-02-27 02:31:25
10693,W35 Gurugram,271,Itf Women Singles,Hard,2026-02-27 02:31:25
11990,W35 Hamamatsu,271,Itf Women Singles,Hard,2026-02-27 02:31:25
11991,W35 Hamamatsu,287,Itf Women Doubles,Hard,2026-02-27 02:31:25
10649,W35 Hammamet,287,Itf Women Doubles,Clay,2026-02-27 02:31:25
10646,W35 Hammamet,271,Itf Women Singles,Clay,2026-02-27 02:31:25
10664,W35 Hammamet 2,271,Itf Women Singles,Clay,2026-02-27 02:31:25
10665,W35 Hammamet 2,287,Itf Women Doubles,Clay,2026-02-27 02:31:25
10852,W35 Hammamet 3,287,Itf Women Doubles,Clay,2026-02-27 02:31:25
10851,W35 Hammamet 3,271,Itf Women Singles,Clay,2026-02-27 02:31:25
10870,W35 Hammamet 4,271,Itf Women Singles,Clay,2026-02-27 02:31:25
10871,W35 Hammamet 4,287,Itf Women Doubles,Clay,2026-02-27 02:31:25
10904,W35 Hammamet 5,287,Itf Women Doubles,Clay,2026-02-27 02:31:25
10903,W35 Hammamet 5,271,Itf Women Singles,Clay,2026-02-27 02:31:25
10925,W35 Hammamet 6,271,Itf Women Singles,Clay,2026-02-27 02:31:25
10928,W35 Hammamet 6,287,Itf Women Doubles,Clay,2026-02-27 02:31:25
10948,W35 Hammamet 7,287,Itf Women Doubles,Clay,2026-02-27 02:31:25
10947,W35 Hammamet 7,271,Itf Women Singles,Clay,2026-02-27 02:31:25
10695,W35 Helsinki,271,Itf Women Singles,Hard,2026-02-27 02:31:25
10696,W35 Helsinki,287,Itf Women Doubles,Hard,2026-02-27 02:31:25
11862,W35 Heraklion,287,Itf Women Doubles,Clay,2026-02-27 02:31:25
11861,W35 Heraklion,271,Itf Women Singles,Clay,2026-02-27 02:31:25
11906,W35 Heraklion 2,271,Itf Women Singles,Clay,2026-02-27 02:31:25
11907,W35 Heraklion 2,287,Itf Women Doubles,Clay,2026-02-27 02:31:25
13491,W35 Heraklion 3,287,Itf Women Doubles,Clay,2026-02-27 02:31:25
13490,W35 Heraklion 3,271,Itf Women Singles,Clay,2026-02-27 02:31:25
12224,W35 Herrenschwanden,271,Itf Women Singles,Hard,2026-02-27 02:31:25
12225,W35 Herrenschwanden,287,Itf Women Doubles,Hard,2026-02-27 02:31:25
11250,W35 Hillcrest,287,Itf Women Doubles,Hard,2026-02-27 02:31:25
11248,W35 Hillcrest,271,Itf Women Singles,Hard,2026-02-27 02:31:25
11922,"W35 Hilton Head Island, SC",271,Itf Women Singles,Hard,2026-02-27 02:31:25
11923,"W35 Hilton Head Island, SC",287,Itf Women Doubles,Hard,2026-02-27 02:31:25
11240,W35 Hong Kong,287,Itf Women Doubles,Hard,2026-02-27 02:31:25
11239,W35 Hong Kong,271,Itf Women Singles,Hard,2026-02-27 02:31:25
11346,W35 Horb,271,Itf Women Singles,Clay,2026-02-27 02:31:25
11347,W35 Horb,287,Itf Women Doubles,Clay,2026-02-27 02:31:25
11858,W35 Huzhou,287,Itf Women Doubles,Hard,2026-02-27 02:31:25
11857,W35 Huzhou,271,Itf Women Singles,Hard,2026-02-27 02:31:25
10744,W35 Indore,271,Itf Women Singles,Hard,2026-02-27 02:31:25
10746,W35 Indore,287,Itf Women Doubles,Hard,2026-02-27 02:31:25
11983,W35 Istanbul,287,Itf Women Doubles,Hard,2026-02-27 02:31:25
11982,W35 Istanbul,271,Itf Women Singles,Hard,2026-02-27 02:31:25
10855,"W35 Jackson, MS",271,Itf Women Singles,Clay,2026-02-27 02:31:25
10856,"W35 Jackson, MS",287,Itf Women Doubles,Clay,2026-02-27 02:31:25
11849,W35 Joue-les-Tours,287,Itf Women Doubles,Hard,2026-02-27 02:31:25
11836,W35 Joue-les-Tours,271,Itf Women Singles,Hard,2026-02-27 02:31:25
11930,W35 Kayseri,271,Itf Women Singles,Hard,2026-02-27 02:31:25
11911,W35 Kayseri,287,Itf Women Doubles,Hard,2026-02-27 02:31:25
11067,W35 Klagenfurt,287,Itf Women Doubles,Clay,2026-02-27 02:31:25
11066,W35 Klagenfurt,271,Itf Women Singles,Clay,2026-02-27 02:31:25
11223,W35 Klosters,271,Itf Women Singles,Clay,2026-02-27 02:31:25
11224,W35 Klosters,287,Itf Women Doubles,Clay,2026-02-27 02:31:25
12831,W35 Knokke-Heist,287,Itf Women Doubles,Clay,2026-02-27 02:31:25
12800,W35 Knokke-Heist,271,Itf Women Singles,Clay,2026-02-27 02:31:25
11379,W35 Koge,271,Itf Women Singles,Clay,2026-02-27 02:31:25
11380,W35 Koge,287,Itf Women Doubles,Clay,2026-02-27 02:31:25
11429,W35 Koksijde,287,Itf Women Doubles,Clay,2026-02-27 02:31:25
11411,W35 Koksijde,271,Itf Women Singles,Clay,2026-02-27 02:31:25
11555,W35 Kunshan,271,Itf Women Singles,Hard,2026-02-27 02:31:25
11556,W35 Kunshan,287,Itf Women Doubles,Hard,2026-02-27 02:31:25
11053,W35 Kursumlijska Banja,287,Itf Women Doubles,Clay,2026-02-27 02:31:25
11052,W35 Kursumlijska Banja,271,Itf Women Singles,Clay,2026-02-27 02:31:25
11109,W35 Kursumlijska Banja 2,271,Itf Women Singles,Clay,2026-02-27 02:31:25
11110,W35 Kursumlijska Banja 2,287,Itf Women Doubles,Clay,2026-02-27 02:31:25
11726,W35 Kyoto,287,Itf Women Doubles,Hard,2026-02-27 02:31:25
11725,W35 Kyoto,271,Itf Women Singles,Hard,2026-02-27 02:31:25
11087,W35 La Marsa,271,Itf Women Singles,Hard,2026-02-27 02:31:25
11088,W35 La Marsa,287,Itf Women Doubles,Hard,2026-02-27 02:31:25
13372,W35 Lagos,287,Itf Women Doubles,Hard,2026-02-27 02:31:25
13370,W35 Lagos,271,Itf Women Singles,Hard,2026-02-27 02:31:25
13679,"W35 Las Vegas, NV",271,Itf Women Singles,Hard,2026-02-27 02:31:25
13680,"W35 Las Vegas, NV",287,Itf Women Doubles,Hard,2026-02-27 02:31:25
12264,W35 Launceston,287,Itf Women Doubles,Hard,2026-02-27 02:31:25
12263,W35 Launceston,271,Itf Women Singles,Hard,2026-02-27 02:31:25
10571,W35 Le Gosier,271,Itf Women Singles,Hard,2026-02-27 02:31:25
10572,W35 Le Gosier,287,Itf Women Doubles,Hard,2026-02-27 02:31:25
12182,W35 Le Lamentin,287,Itf Women Doubles,Hard,2026-02-27 02:31:25
12181,W35 Le Lamentin,271,Itf Women Singles,Hard,2026-02-27 02:31:25
11636,W35 Leiria,271,Itf Women Singles,Hard,2026-02-27 02:31:25
11639,W35 Leiria,287,Itf Women Doubles,Hard,2026-02-27 02:31:25
11683,W35 Leme,287,Itf Women Doubles,Clay,2026-02-27 02:31:25
11675,W35 Leme,271,Itf Women Singles,Clay,2026-02-27 02:31:25
13432,W35 Liberec,271,Itf Women Singles,Hard,2026-02-27 02:31:25
13433,W35 Liberec,287,Itf Women Doubles,Hard,2026-02-27 02:31:25
10530,W35 Loughborough,287,Itf Women Doubles,Hard,2026-02-27 02:31:25
10529,W35 Loughborough,271,Itf Women Singles,Hard,2026-02-27 02:31:25
11968,W35 Loughborough 2,271,Itf Women Singles,Hard,2026-02-27 02:31:25
11969,W35 Loughborough 2,287,Itf Women Doubles,Hard,2026-02-27 02:31:25
11921,W35 Loule,287,Itf Women Doubles,Hard,2026-02-27 02:31:25
11920,W35 Loule,271,Itf Women Singles,Hard,2026-02-27 02:31:25
12065,W35 Lousada,271,Itf Women Singles,Hard,2026-02-27 02:31:25
12062,W35 Lousada,287,Itf Women Doubles,Hard,2026-02-27 02:31:25
12101,W35 Lousada 2,287,Itf Women Doubles,Hard,2026-02-27 02:31:25
12100,W35 Lousada 2,271,Itf Women Singles,Hard,2026-02-27 02:31:25
11179,W35 Luzhou,271,Itf Women Singles,Hard,2026-02-27 02:31:25
11181,W35 Luzhou,287,Itf Women Doubles,Hard,2026-02-27 02:31:25
11943,W35 Makinohara,287,Itf Women Doubles,Hard,2026-02-27 02:31:25
11942,W35 Makinohara,271,Itf Women Singles,Hard,2026-02-27 02:31:25
12248,W35 Manchester,271,Itf Women Singles,Hard,2026-02-27 02:31:25
12249,W35 Manchester,287,Itf Women Doubles,Hard,2026-02-27 02:31:25
12007,"W35 Miami, FL",287,Itf Women Doubles,Hard,2026-02-27 02:31:25
12005,"W35 Miami, FL",271,Itf Women Singles,Hard,2026-02-27 02:31:25
10741,W35 Mildura,271,Itf Women Singles,Grass,2026-02-27 02:31:25
10742,W35 Mildura,287,Itf Women Doubles,Grass,2026-02-27 02:31:25
11390,W35 Mohammedia,287,Itf Women Doubles,Clay,2026-02-27 02:31:25
11389,W35 Mohammedia,271,Itf Women Singles,Clay,2026-02-27 02:31:25
10548,W35 Monastir,271,Itf Women Singles,Hard,2026-02-27 02:31:25
10549,W35 Monastir,287,Itf Women Doubles,Hard,2026-02-27 02:31:25
10570,W35 Monastir 2,287,Itf Women Doubles,Hard,2026-02-27 02:31:25
10568,W35 Monastir 2,271,Itf Women Singles,Hard,2026-02-27 02:31:25
12789,W35 Monastir 3,271,Itf Women Singles,Hard,2026-02-27 02:31:25
12790,W35 Monastir 3,287,Itf Women Doubles,Hard,2026-02-27 02:31:25
13237,W35 Monastir 4,287,Itf Women Doubles,Hard,2026-02-27 02:31:25
13236,W35 Monastir 4,271,Itf Women Singles,Hard,2026-02-27 02:31:25
13279,W35 Monastir 5,271,Itf Women Singles,Hard,2026-02-27 02:31:25
13277,W35 Monastir 5,287,Itf Women Doubles,Hard,2026-02-27 02:31:25
13301,W35 Monastir 6,287,Itf Women Doubles,Hard,2026-02-27 02:31:25
13300,W35 Monastir 6,271,Itf Women Singles,Hard,2026-02-27 02:31:25
13536,W35 Monastir 7,271,Itf Women Singles,Hard,2026-02-27 02:31:25
13537,W35 Monastir 7,287,Itf Women Doubles,Hard,2026-02-27 02:31:25
13553,W35 Monastir 8,287,Itf Women Doubles,Hard,2026-02-27 02:31:25
13552,W35 Monastir 8,271,Itf Women Singles,Hard,2026-02-27 02:31:25
11024,W35 Monzon,271,Itf Women Singles,Hard,2026-02-27 02:31:25
11023,W35 Monzon,287,Itf Women Doubles,Hard,2026-02-27 02:31:25
10934,W35 Mosquera,287,Itf Women Doubles,Clay,2026-02-27 02:31:25
10917,W35 Mosquera,271,Itf Women Singles,Clay,2026-02-27 02:31:25
10722,W35 Nagpur,271,Itf Women Singles,Clay,2026-02-27 02:31:25
10723,W35 Nagpur,287,Itf Women Doubles,Clay,2026-02-27 02:31:25
11345,W35 Naiman,287,Itf Women Doubles,Hard,2026-02-27 02:31:25
11344,W35 Naiman,271,Itf Women Singles,Hard,2026-02-27 02:31:25
12167,W35 Nairobi,271,Itf Women Singles,Clay,2026-02-27 02:31:25
12164,W35 Nairobi,287,Itf Women Doubles,Clay,2026-02-27 02:31:25
12178,W35 Nairobi 2,287,Itf Women Doubles,Clay,2026-02-27 02:31:25
12183,W35 Nairobi 2,271,Itf Women Singles,Clay,2026-02-27 02:31:25
13576,W35 Nairobi 3,271,Itf Women Singles,Clay,2026-02-27 02:31:25
13577,W35 Nairobi 3,287,Itf Women Doubles,Clay,2026-02-27 02:31:25
12808,W35 Nakhon Pathom,287,Itf Women Doubles,Hard,2026-02-27 02:31:25
12807,W35 Nakhon Pathom,271,Itf Women Singles,Hard,2026-02-27 02:31:25
12945,W35 Nakhon Pathom 2,271,Itf Women Singles,Hard,2026-02-27 02:31:25
12946,W35 Nakhon Pathom 2,287,Itf Women Doubles,Hard,2026-02-27 02:31:25
12972,W35 Nakhon Pathom 3,287,Itf Women Doubles,Hard,2026-02-27 02:31:25
12971,W35 Nakhon Pathom 3,271,Itf Women Singles,Hard,2026-02-27 02:31:25
10642,W35 Nakhon Si Thammarat,271,Itf Women Singles,Hard,2026-02-27 02:31:25
10643,W35 Nakhon Si Thammarat,287,Itf Women Doubles,Hard,2026-02-27 02:31:25
11236,W35 Nakhon Si Thammarat 2,287,Itf Women Doubles,Hard,2026-02-27 02:31:25
11235,W35 Nakhon Si Thammarat 2,271,Itf Women Singles,Hard,2026-02-27 02:31:25
11575,W35 Nakhon Si Thammarat 3,271,Itf Women Singles,Hard,2026-02-27 02:31:25
11580,W35 Nakhon Si Thammarat 3,287,Itf Women Doubles,Hard,2026-02-27 02:31:25
11616,W35 Nakhon Si Thammarat 4,287,Itf Women Doubles,Hard,2026-02-27 02:31:25
11615,W35 Nakhon Si Thammarat 4,271,Itf Women Singles,Hard,2026-02-27 02:31:25
10531,"W35 Naples, FL",271,Itf Women Singles,Clay,2026-02-27 02:31:25
10532,"W35 Naples, FL",287,Itf Women Doubles,Clay,2026-02-27 02:31:25
10552,"W35 Naples, FL 2",287,Itf Women Doubles,Clay,2026-02-27 02:31:25
10551,"W35 Naples, FL 2",271,Itf Women Singles,Clay,2026-02-27 02:31:25
13406,W35 Neuquen,271,Itf Women Singles,Clay,2026-02-27 02:31:25
13407,W35 Neuquen,287,Itf Women Doubles,Clay,2026-02-27 02:31:25
13566,W35 New Delhi,287,Itf Women Doubles,Hard,2026-02-27 02:31:25
13568,W35 New Delhi,271,Itf Women Singles,Hard,2026-02-27 02:31:25
12307,W35 Nonthaburi,271,Itf Women Singles,Hard,2026-02-27 02:31:25
12309,W35 Nonthaburi,287,Itf Women Doubles,Hard,2026-02-27 02:31:25
11976,"W35 Norman, OK",287,Itf Women Doubles,Hard,2026-02-27 02:31:25
11973,"W35 Norman, OK",271,Itf Women Singles,Hard,2026-02-27 02:31:25
10922,W35 Nottingham,271,Itf Women Singles,Hard,2026-02-27 02:31:25
10923,W35 Nottingham,287,Itf Women Doubles,Hard,2026-02-27 02:31:25
10958,W35 Nottingham 2,287,Itf Women Doubles,Hard,2026-02-27 02:31:25
10957,W35 Nottingham 2,271,Itf Women Singles,Hard,2026-02-27 02:31:25
12515,"W35 Orlando, FL",271,Itf Women Singles,Clay,2026-02-27 02:31:25
12519,"W35 Orlando, FL",287,Itf Women Doubles,Clay,2026-02-27 02:31:25
13441,"W35 Orlando, FL 2",287,Itf Women Doubles,Clay,2026-02-27 02:31:25
13439,"W35 Orlando, FL 2",271,Itf Women Singles,Clay,2026-02-27 02:31:25
13472,"W35 Orlando, FL 3",271,Itf Women Singles,Clay,2026-02-27 02:31:25
13473,"W35 Orlando, FL 3",287,Itf Women Doubles,Clay,2026-02-27 02:31:25
12119,W35 Ortisei,287,Itf Women Doubles,Hard,2026-02-27 02:31:25
12118,W35 Ortisei,271,Itf Women Singles,Hard,2026-02-27 02:31:25
10864,W35 Osaka,271,Itf Women Singles,Hard,2026-02-27 02:31:25
10865,W35 Osaka,287,Itf Women Doubles,Hard,2026-02-27 02:31:25
12189,"W35 Palm Coast, FL",287,Itf Women Doubles,Clay,2026-02-27 02:31:25
12188,"W35 Palm Coast, FL",271,Itf Women Singles,Clay,2026-02-27 02:31:25
12821,W35 Pergamino,271,Itf Women Singles,Clay,2026-02-27 02:31:25
12822,W35 Pergamino,287,Itf Women Doubles,Clay,2026-02-27 02:31:25
11214,W35 Perigueux,287,Itf Women Doubles,Clay,2026-02-27 02:31:25
11213,W35 Perigueux,271,Itf Women Singles,Clay,2026-02-27 02:31:25
10553,W35 Petit-Bourg,271,Itf Women Singles,Hard,2026-02-27 02:31:25
10554,W35 Petit-Bourg,287,Itf Women Doubles,Hard,2026-02-27 02:31:25
11398,W35 Pilar,287,Itf Women Doubles,Clay,2026-02-27 02:31:25
11397,W35 Pilar,271,Itf Women Singles,Clay,2026-02-27 02:31:25
11637,W35 Piracicaba,271,Itf Women Singles,Clay,2026-02-27 02:31:25
11650,W35 Piracicaba,287,Itf Women Doubles,Clay,2026-02-27 02:31:25
11003,W35 Platja D'Aro,287,Itf Women Doubles,Clay,2026-02-27 02:31:25
10986,W35 Platja D'Aro,271,Itf Women Singles,Clay,2026-02-27 02:31:25
11638,W35 Punta Cana,271,Itf Women Singles,Clay,2026-02-27 02:31:25
11640,W35 Punta Cana,287,Itf Women Doubles,Clay,2026-02-27 02:31:25
11674,W35 Punta Cana 2,287,Itf Women Doubles,Clay,2026-02-27 02:31:25
11673,W35 Punta Cana 2,271,Itf Women Singles,Clay,2026-02-27 02:31:25
11898,W35 Qian Daohu,271,Itf Women Singles,Hard,2026-02-27 02:31:25
11900,W35 Qian Daohu,287,Itf Women Doubles,Hard,2026-02-27 02:31:25
13350,W35 Quebec City,287,Itf Women Doubles,Hard,2026-02-27 02:31:25
13349,W35 Quebec City,271,Itf Women Singles,Hard,2026-02-27 02:31:25
11808,"W35 Redding, CA",271,Itf Women Singles,Hard,2026-02-27 02:31:25
11810,"W35 Redding, CA",287,Itf Women Doubles,Hard,2026-02-27 02:31:25
11802,W35 Reims,287,Itf Women Doubles,Hard,2026-02-27 02:31:25
11801,W35 Reims,271,Itf Women Singles,Hard,2026-02-27 02:31:25
11661,W35 Reus,271,Itf Women Singles,Clay,2026-02-27 02:31:25
11662,W35 Reus,287,Itf Women Doubles,Clay,2026-02-27 02:31:25
12718,W35 Rio Claro,287,Itf Women Doubles,Clay,2026-02-27 02:31:25
12717,W35 Rio Claro,271,Itf Women Singles,Clay,2026-02-27 02:31:25
11393,W35 Roehampton,271,Itf Women Singles,Hard,2026-02-27 02:31:25
11394,W35 Roehampton,287,Itf Women Doubles,Hard,2026-02-27 02:31:25
11439,W35 Roehampton 2,287,Itf Women Doubles,Hard,2026-02-27 02:31:25
11436,W35 Roehampton 2,271,Itf Women Singles,Hard,2026-02-27 02:31:25
11256,W35 Rome,271,Itf Women Singles,Clay,2026-02-27 02:31:25
11257,W35 Rome,287,Itf Women Doubles,Clay,2026-02-27 02:31:25
12338,W35 Sabadell,287,Itf Women Doubles,Clay,2026-02-27 02:31:25
12336,W35 Sabadell,271,Itf Women Singles,Clay,2026-02-27 02:31:25
11745,"W35 San Rafael, CA",271,Itf Women Singles,Hard,2026-02-27 02:31:25
11752,"W35 San Rafael, CA",287,Itf Women Doubles,Hard,2026-02-27 02:31:25
10830,W35 Santa Margherita di Pula,287,Itf Women Doubles,Clay,2026-02-27 02:31:25
10821,W35 Santa Margherita di Pula,271,Itf Women Singles,Clay,2026-02-27 02:31:25
11831,W35 Santa Margherita di Pula 10,271,Itf Women Singles,Clay,2026-02-27 02:31:25
11850,W35 Santa Margherita di Pula 10,287,Itf Women Doubles,Clay,2026-02-27 02:31:25
11868,W35 Santa Margherita di Pula 11,287,Itf Women Doubles,Clay,2026-02-27 02:31:25
11867,W35 Santa Margherita di Pula 11,271,Itf Women Singles,Clay,2026-02-27 02:31:25
11915,W35 Santa Margherita di Pula 12,271,Itf Women Singles,Clay,2026-02-27 02:31:25
11931,W35 Santa Margherita di Pula 12,287,Itf Women Doubles,Clay,2026-02-27 02:31:25
10857,W35 Santa Margherita di Pula 2,287,Itf Women Doubles,Clay,2026-02-27 02:31:25
10847,W35 Santa Margherita di Pula 2,271,Itf Women Singles,Clay,2026-02-27 02:31:25
10866,W35 Santa Margherita di Pula 3,271,Itf Women Singles,Clay,2026-02-27 02:31:25
10867,W35 Santa Margherita di Pula 3,287,Itf Women Doubles,Clay,2026-02-27 02:31:25
10900,W35 Santa Margherita di Pula 4,287,Itf Women Doubles,Clay,2026-02-27 02:31:25
10899,W35 Santa Margherita di Pula 4,271,Itf Women Singles,Clay,2026-02-27 02:31:25
10926,W35 Santa Margherita di Pula 5,271,Itf Women Singles,Clay,2026-02-27 02:31:25
10929,W35 Santa Margherita di Pula 5,287,Itf Women Doubles,Clay,2026-02-27 02:31:25
10952,W35 Santa Margherita di Pula 6,287,Itf Women Doubles,Clay,2026-02-27 02:31:25
10951,W35 Santa Margherita di Pula 6,271,Itf Women Singles,Clay,2026-02-27 02:31:25
11734,W35 Santa Margherita di Pula 7,271,Itf Women Singles,Clay,2026-02-27 02:31:25
11735,W35 Santa Margherita di Pula 7,287,Itf Women Doubles,Clay,2026-02-27 02:31:25
11778,W35 Santa Margherita di Pula 8,287,Itf Women Doubles,Clay,2026-02-27 02:31:25
11769,W35 Santa Margherita di Pula 8,271,Itf Women Singles,Clay,2026-02-27 02:31:25
11797,W35 Santa Margherita di Pula 9,271,Itf Women Singles,Clay,2026-02-27 02:31:25
11798,W35 Santa Margherita di Pula 9,287,Itf Women Doubles,Clay,2026-02-27 02:31:25
11670,W35 Santarem,287,Itf Women Doubles,Hard,2026-02-27 02:31:25
11669,W35 Santarem,271,Itf Women Singles,Hard,2026-02-27 02:31:25
10736,W35 Santo Domingo,271,Itf Women Singles,Hard,2026-02-27 02:31:25
10737,W35 Santo Domingo,287,Itf Women Doubles,Hard,2026-02-27 02:31:25
10763,W35 Santo Domingo 2,287,Itf Women Doubles,Hard,2026-02-27 02:31:25
10740,W35 Santo Domingo 2,271,Itf Women Singles,Hard,2026-02-27 02:31:25
11060,W35 Santo Domingo 3,271,Itf Women Singles,Hard,2026-02-27 02:31:25
11061,W35 Santo Domingo 3,287,Itf Women Doubles,Hard,2026-02-27 02:31:25
11093,W35 Santo Domingo 4,287,Itf Women Doubles,Hard,2026-02-27 02:31:25
11070,W35 Santo Domingo 4,271,Itf Women Singles,Hard,2026-02-27 02:31:25
12057,W35 Santo Domingo 5,271,Itf Women Singles,Hard,2026-02-27 02:31:25
12080,W35 Santo Domingo 5,287,Itf Women Doubles,Hard,2026-02-27 02:31:25
12108,W35 Santo Domingo 6,287,Itf Women Doubles,Hard,2026-02-27 02:31:25
12086,W35 Santo Domingo 6,271,Itf Women Singles,Hard,2026-02-27 02:31:25
11601,W35 Sao Paulo,271,Itf Women Singles,Clay,2026-02-27 02:31:25
11604,W35 Sao Paulo,287,Itf Women Doubles,Clay,2026-02-27 02:31:25
12756,W35 Sao Paulo 2,287,Itf Women Doubles,Clay,2026-02-27 02:31:25
12755,W35 Sao Paulo 2,271,Itf Women Singles,Clay,2026-02-27 02:31:25
13305,W35 Sao Paulo 3,271,Itf Women Singles,Clay,2026-02-27 02:31:25
13307,W35 Sao Paulo 3,287,Itf Women Doubles,Clay,2026-02-27 02:31:25
11566,W35 Saskatoon,287,Itf Women Doubles,Hard,2026-02-27 02:31:25
11541,W35 Saskatoon,271,Itf Women Singles,Hard,2026-02-27 02:31:25
11339,W35 Segovia,271,Itf Women Singles,Hard,2026-02-27 02:31:25
11340,W35 Segovia,287,Itf Women Doubles,Hard,2026-02-27 02:31:25
11818,W35 Seville,287,Itf Women Doubles,Clay,2026-02-27 02:31:25
11817,W35 Seville,271,Itf Women Singles,Clay,2026-02-27 02:31:25
10606,W35 Sharm ElSheikh,271,Itf Women Singles,Hard,2026-02-27 02:31:25
10597,W35 Sharm ElSheikh,287,Itf Women Doubles,Hard,2026-02-27 02:31:25
10874,W35 Sharm ElSheikh 2,287,Itf Women Doubles,Hard,2026-02-27 02:31:25
10884,W35 Sharm ElSheikh 2,271,Itf Women Singles,Hard,2026-02-27 02:31:25
12133,W35 Sharm ElSheikh 3,271,Itf Women Singles,Hard,2026-02-27 02:31:25
12126,W35 Sharm ElSheikh 3,287,Itf Women Doubles,Hard,2026-02-27 02:31:25
12144,W35 Sharm ElSheikh 4,287,Itf Women Doubles,Hard,2026-02-27 02:31:25
12147,W35 Sharm ElSheikh 4,271,Itf Women Singles,Hard,2026-02-27 02:31:25
13649,W35 Sheffield,271,Itf Women Singles,Hard,2026-02-27 02:31:25
13650,W35 Sheffield,287,Itf Women Doubles,Hard,2026-02-27 02:31:25
13231,W35 Shenyang,287,Itf Women Doubles,Hard,2026-02-27 02:31:25
13230,W35 Shenyang,271,Itf Women Singles,Hard,2026-02-27 02:31:25
12136,W35 Solapur,271,Itf Women Singles,Hard,2026-02-27 02:31:25
12137,W35 Solapur,287,Itf Women Doubles,Hard,2026-02-27 02:31:25
10731,W35 Solarino,287,Itf Women Doubles,Hard,2026-02-27 02:31:25
10730,W35 Solarino,271,Itf Women Singles,Hard,2026-02-27 02:31:25
10757,W35 Solarino 2,271,Itf Women Singles,Hard,2026-02-27 02:31:25
10760,W35 Solarino 2,287,Itf Women Doubles,Hard,2026-02-27 02:31:25
11995,W35 Solarino 3,287,Itf Women Doubles,Hard,2026-02-27 02:31:25
11994,W35 Solarino 3,271,Itf Women Singles,Hard,2026-02-27 02:31:25
12026,W35 Solarino 4,271,Itf Women Singles,Hard,2026-02-27 02:31:25
12027,W35 Solarino 4,287,Itf Women Doubles,Hard,2026-02-27 02:31:25
10998,W35 Sopo,287,Itf Women Doubles,Clay,2026-02-27 02:31:25
10982,W35 Sopo,271,Itf Women Singles,Clay,2026-02-27 02:31:25
12850,"W35 Southaven, MS",271,Itf Women Singles,Hard,2026-02-27 02:31:25
12851,"W35 Southaven, MS",287,Itf Women Doubles,Hard,2026-02-27 02:31:25
10709,"W35 Spring, TX",287,Itf Women Doubles,Hard,2026-02-27 02:31:25
10707,"W35 Spring, TX",271,Itf Women Singles,Hard,2026-02-27 02:31:25
11252,W35 Stuttgart-Vaihingen,271,Itf Women Singles,Clay,2026-02-27 02:31:25
11254,W35 Stuttgart-Vaihingen,287,Itf Women Doubles,Clay,2026-02-27 02:31:25
10547,W35 Sunderland,287,Itf Women Doubles,Hard,2026-02-27 02:31:25
10546,W35 Sunderland,271,Itf Women Singles,Hard,2026-02-27 02:31:25
10773,W35 Swan Hill,271,Itf Women Singles,Grass,2026-02-27 02:31:25
10774,W35 Swan Hill,287,Itf Women Doubles,Grass,2026-02-27 02:31:25
11198,W35 Taipei,287,Itf Women Doubles,Hard,2026-02-27 02:31:25
11197,W35 Taipei,271,Itf Women Singles,Hard,2026-02-27 02:31:25
11231,W35 Taipei 2,271,Itf Women Singles,Hard,2026-02-27 02:31:25
11232,W35 Taipei 2,287,Itf Women Doubles,Hard,2026-02-27 02:31:25
11220,W35 Tarvisio,287,Itf Women Doubles,Clay,2026-02-27 02:31:25
11219,W35 Tarvisio,271,Itf Women Singles,Clay,2026-02-27 02:31:25
12156,W35 Tauranga,271,Itf Women Singles,Hard,2026-02-27 02:31:25
12157,W35 Tauranga,287,Itf Women Doubles,Hard,2026-02-27 02:31:25
10812,W35 Terrassa,287,Itf Women Doubles,Clay,2026-02-27 02:31:25
10811,W35 Terrassa,271,Itf Women Singles,Clay,2026-02-27 02:31:25
13674,W35 The Hague,271,Itf Women Singles,Hard,2026-02-27 02:31:25
13672,W35 The Hague,287,Itf Women Doubles,Hard,2026-02-27 02:31:25
11266,W35 Tianjin,287,Itf Women Doubles,Hard,2026-02-27 02:31:25
11265,W35 Tianjin,271,Itf Women Singles,Hard,2026-02-27 02:31:25
11303,W35 Tianjin 2,271,Itf Women Singles,Hard,2026-02-27 02:31:25
11305,W35 Tianjin 2,287,Itf Women Doubles,Hard,2026-02-27 02:31:25
12237,W35 Timaru,287,Itf Women Doubles,Hard,2026-02-27 02:31:25
12235,W35 Timaru,271,Itf Women Singles,Hard,2026-02-27 02:31:25
11317,W35 Torino,271,Itf Women Singles,Clay,2026-02-27 02:31:25
11322,W35 Torino,287,Itf Women Doubles,Clay,2026-02-27 02:31:25
10662,W35 Traralgon,287,Itf Women Doubles,Hard,2026-02-27 02:31:25
10661,W35 Traralgon,271,Itf Women Singles,Hard,2026-02-27 02:31:25
10683,W35 Traralgon 2,271,Itf Women Singles,Hard,2026-02-27 02:31:25
10684,W35 Traralgon 2,287,Itf Women Doubles,Hard,2026-02-27 02:31:25
11574,W35 Trieste,287,Itf Women Doubles,Clay,2026-02-27 02:31:25
11573,W35 Trieste,271,Itf Women Singles,Clay,2026-02-27 02:31:25
13018,"W35 Uvero Alto, Punta Cana",271,Itf Women Singles,Clay,2026-02-27 02:31:25
13020,"W35 Uvero Alto, Punta Cana",287,Itf Women Doubles,Clay,2026-02-27 02:31:25
11560,W35 Verbier,287,Itf Women Doubles,Clay,2026-02-27 02:31:25
11559,W35 Verbier,271,Itf Women Singles,Clay,2026-02-27 02:31:25
12955,W35 Verbier 2,271,Itf Women Singles,Clay,2026-02-27 02:31:25
12956,W35 Verbier 2,287,Itf Women Doubles,Clay,2026-02-27 02:31:25
11558,W35 Vigo,287,Itf Women Doubles,Hard,2026-02-27 02:31:25
11557,W35 Vigo,271,Itf Women Singles,Hard,2026-02-27 02:31:25
11006,W35 Villach,271,Itf Women Singles,Clay,2026-02-27 02:31:25
11008,W35 Villach,287,Itf Women Doubles,Clay,2026-02-27 02:31:25
11998,W35 Villeneuve d'Ascq,287,Itf Women Doubles,Hard,2026-02-27 02:31:25
11999,W35 Villeneuve d'Ascq,271,Itf Women Singles,Hard,2026-02-27 02:31:25
11551,W35 Vrnjacka Banja,271,Itf Women Singles,Clay,2026-02-27 02:31:25
11552,W35 Vrnjacka Banja,287,Itf Women Doubles,Clay,2026-02-27 02:31:25
13005,W35 Wagga Wagga,287,Itf Women Doubles,Hard,2026-02-27 02:31:25
13004,W35 Wagga Wagga,271,Itf Women Singles,Hard,2026-02-27 02:31:25
13228,W35 Wagga Wagga 2,271,Itf Women Singles,Hard,2026-02-27 02:31:25
13229,W35 Wagga Wagga 2,287,Itf Women Doubles,Hard,2026-02-27 02:31:25
12531,W35 Warmbad Villach,287,Itf Women Doubles,Clay,2026-02-27 02:31:25
12530,W35 Warmbad Villach,271,Itf Women Singles,Clay,2026-02-27 02:31:25
10631,"W35 Wesley Chapel, FL",271,Itf Women Singles,Clay,2026-02-27 02:31:25
10632,"W35 Wesley Chapel, FL",287,Itf Women Doubles,Clay,2026-02-27 02:31:25
13629,"W35 Weston, FL",287,Itf Women Doubles,Clay,2026-02-27 02:31:25
13628,"W35 Weston, FL",271,Itf Women Singles,Clay,2026-02-27 02:31:25
11202,"W35 Wichita, KS",271,Itf Women Singles,Hard,2026-02-27 02:31:25
11199,"W35 Wichita, KS",287,Itf Women Doubles,Hard,2026-02-27 02:31:25
10956,W35 Yecla,287,Itf Women Doubles,Hard,2026-02-27 02:31:25
10955,W35 Yecla,271,Itf Women Singles,Hard,2026-02-27 02:31:25
12637,W35 Ystad,271,Itf Women Singles,Clay,2026-02-27 02:31:25
12639,W35 Ystad,287,Itf Women Doubles,Clay,2026-02-27 02:31:25
11419,W35+H Leipzig,287,Itf Women Doubles,Clay,2026-02-27 02:31:25
11418,W35+H Leipzig,271,Itf Women Singles,Clay,2026-02-27 02:31:25
11176,W35+H Tauste,271,Itf Women Singles,Hard,2026-02-27 02:31:25
11177,W35+H Tauste,287,Itf Women Doubles,Hard,2026-02-27 02:31:25
9367,W40 Anapoima,287,Itf Women Doubles,Clay,2026-02-27 02:31:25
9366,W40 Anapoima,271,Itf Women Singles,Clay,2026-02-27 02:31:25
9958,W40 Anning,271,Itf Women Singles,Clay,2026-02-27 02:31:25
9959,W40 Anning,287,Itf Women Doubles,Clay,2026-02-27 02:31:25
10007,W40 Arequipa,287,Itf Women Doubles,Clay,2026-02-27 02:31:25
10006,W40 Arequipa,271,Itf Women Singles,Clay,2026-02-27 02:31:25
8641,W40 Astana,271,Itf Women Singles,Hard,2026-02-27 02:31:25
8629,W40 Astana,287,Itf Women Doubles,Hard,2026-02-27 02:31:25
9319,W40 Bengaluru,287,Itf Women Doubles,Hard,2026-02-27 02:31:25
9317,W40 Bengaluru,271,Itf Women Singles,Hard,2026-02-27 02:31:25
8505,W40 Bhopal,271,Itf Women Singles,Hard,2026-02-27 02:31:25
8506,W40 Bhopal,287,Itf Women Doubles,Hard,2026-02-27 02:31:25
10387,W40 Funchal,287,Itf Women Doubles,Hard,2026-02-27 02:31:25
10386,W40 Funchal,271,Itf Women Singles,Hard,2026-02-27 02:31:25
10420,W40 Guadalajara,271,Itf Women Singles,Clay,2026-02-27 02:31:25
10431,W40 Guadalajara,287,Itf Women Doubles,Clay,2026-02-27 02:31:25
10346,W40 Heraklion,287,Itf Women Doubles,Clay,2026-02-27 02:31:25
10342,W40 Heraklion,271,Itf Women Singles,Clay,2026-02-27 02:31:25
10366,W40 Heraklion 2,271,Itf Women Singles,Clay,2026-02-27 02:31:25
10357,W40 Heraklion 2,287,Itf Women Doubles,Clay,2026-02-27 02:31:25
9832,W40 Hong Kong,287,Itf Women Doubles,Hard,2026-02-27 02:31:25
9830,W40 Hong Kong,271,Itf Women Singles,Hard,2026-02-27 02:31:25
10039,W40 Hong Kong 2,271,Itf Women Singles,Hard,2026-02-27 02:31:25
10038,W40 Hong Kong 2,287,Itf Women Doubles,Hard,2026-02-27 02:31:25
10197,W40 Kursumlijska Banja,287,Itf Women Doubles,Clay,2026-02-27 02:31:25
10195,W40 Kursumlijska Banja,271,Itf Women Singles,Clay,2026-02-27 02:31:25
9685,W40 La Marsa,271,Itf Women Singles,Hard,2026-02-27 02:31:25
9686,W40 La Marsa,287,Itf Women Doubles,Hard,2026-02-27 02:31:25
10257,W40 Lisbon,287,Itf Women Doubles,Clay,2026-02-27 02:31:25
10255,W40 Lisbon,271,Itf Women Singles,Clay,2026-02-27 02:31:25
8606,W40 Macon,271,Itf Women Singles,Hard,2026-02-27 02:31:25
8607,W40 Macon,287,Itf Women Doubles,Hard,2026-02-27 02:31:25
9384,W40 Maribor,287,Itf Women Doubles,Hard,2026-02-27 02:31:25
9383,W40 Maribor,271,Itf Women Singles,Hard,2026-02-27 02:31:25
8580,W40 Mexico City,271,Itf Women Singles,Hard,2026-02-27 02:31:25
8552,W40 Mexico City,287,Itf Women Doubles,Hard,2026-02-27 02:31:25
8571,W40 Mexico City 2,287,Itf Women Doubles,Hard,2026-02-27 02:31:25
8570,W40 Mexico City 2,271,Itf Women Singles,Hard,2026-02-27 02:31:25
8490,W40 Monastir,271,Itf Women Singles,Hard,2026-02-27 02:31:25
8492,W40 Monastir,287,Itf Women Doubles,Hard,2026-02-27 02:31:25
8510,W40 Monastir 2,287,Itf Women Doubles,Hard,2026-02-27 02:31:25
8507,W40 Monastir 2,271,Itf Women Singles,Hard,2026-02-27 02:31:25
9653,W40 Montemor-O-Novo,271,Itf Women Singles,Hard,2026-02-27 02:31:25
9654,W40 Montemor-O-Novo,287,Itf Women Doubles,Hard,2026-02-27 02:31:25
9404,W40 Murska Sobota,287,Itf Women Doubles,Hard,2026-02-27 02:31:25
9403,W40 Murska Sobota,271,Itf Women Singles,Hard,2026-02-27 02:31:25
10189,W40 Nanao,271,Itf Women Singles,Hard,2026-02-27 02:31:25
10190,W40 Nanao,287,Itf Women Doubles,Hard,2026-02-27 02:31:25
9987,W40 Nanchang,287,Itf Women Doubles,Clay,2026-02-27 02:31:25
9986,W40 Nanchang,271,Itf Women Singles,Clay,2026-02-27 02:31:25
10502,W40 Navi Mumbai,271,Itf Women Singles,Hard,2026-02-27 02:31:25
10504,W40 Navi Mumbai,287,Itf Women Doubles,Hard,2026-02-27 02:31:25
8475,W40 Nonthaburi,287,Itf Women Doubles,Hard,2026-02-27 02:31:25
8474,W40 Nonthaburi,271,Itf Women Singles,Hard,2026-02-27 02:31:25
8485,W40 Nonthaburi 2,271,Itf Women Singles,Hard,2026-02-27 02:31:25
8486,W40 Nonthaburi 2,287,Itf Women Doubles,Hard,2026-02-27 02:31:25
10075,W40 Oldenzaal,287,Itf Women Doubles,Clay,2026-02-27 02:31:25
10074,W40 Oldenzaal,271,Itf Women Singles,Clay,2026-02-27 02:31:25
9601,W40 Otocec,271,Itf Women Singles,Clay,2026-02-27 02:31:25
9618,W40 Otocec,287,Itf Women Doubles,Clay,2026-02-27 02:31:25
9652,W40 Otocec 2,287,Itf Women Doubles,Clay,2026-02-27 02:31:25
9627,W40 Otocec 2,271,Itf Women Singles,Clay,2026-02-27 02:31:25
9786,W40 Palma del Rio,271,Itf Women Singles,Hard,2026-02-27 02:31:25
9787,W40 Palma del Rio,287,Itf Women Doubles,Hard,2026-02-27 02:31:25
10163,W40 Pazardzhik,287,Itf Women Doubles,Clay,2026-02-27 02:31:25
10162,W40 Pazardzhik,271,Itf Women Singles,Clay,2026-02-27 02:31:25
10388,W40 Petange,271,Itf Women Singles,Hard,2026-02-27 02:31:25
10389,W40 Petange,287,Itf Women Doubles,Hard,2026-02-27 02:31:25
9306,W40 Porto,287,Itf Women Doubles,Hard,2026-02-27 02:31:25
8551,W40 Porto,271,Itf Women Singles,Hard,2026-02-27 02:31:25
8561,W40 Porto 2,271,Itf Women Singles,Hard,2026-02-27 02:31:25
8563,W40 Porto 2,287,Itf Women Doubles,Hard,2026-02-27 02:31:25
9889,W40 Porto 3,287,Itf Women Doubles,Hard,2026-02-27 02:31:25
9888,W40 Porto 3,271,Itf Women Singles,Hard,2026-02-27 02:31:25
8520,W40 Pune,271,Itf Women Singles,Hard,2026-02-27 02:31:25
8522,W40 Pune,287,Itf Women Doubles,Hard,2026-02-27 02:31:25
10283,W40 Quinta do Lago,287,Itf Women Doubles,Hard,2026-02-27 02:31:25
10282,W40 Quinta do Lago,271,Itf Women Singles,Hard,2026-02-27 02:31:25
9351,W40 Ricany,271,Itf Women Singles,Hard,2026-02-27 02:31:25
9358,W40 Ricany,287,Itf Women Doubles,Hard,2026-02-27 02:31:25
10112,W40 Saint-Palais-sur-Mer,287,Itf Women Doubles,Clay,2026-02-27 02:31:25
10111,W40 Saint-Palais-sur-Mer,271,Itf Women Singles,Clay,2026-02-27 02:31:25
10278,W40 Shenzhen,271,Itf Women Singles,Hard,2026-02-27 02:31:25
10279,W40 Shenzhen,287,Itf Women Doubles,Hard,2026-02-27 02:31:25
10139,W40 Skopje,287,Itf Women Doubles,Clay,2026-02-27 02:31:25
10124,W40 Skopje,271,Itf Women Singles,Clay,2026-02-27 02:31:25
9414,W40 Split,271,Itf Women Singles,Clay,2026-02-27 02:31:25
9415,W40 Split,287,Itf Women Doubles,Clay,2026-02-27 02:31:25
8487,W40 Tallinn,287,Itf Women Doubles,Hard,2026-02-27 02:31:25
8493,W40 Tallinn,271,Itf Women Singles,Hard,2026-02-27 02:31:25
8515,W40 Tallinn 2,271,Itf Women Singles,Hard,2026-02-27 02:31:25
8509,W40 Tallinn 2,287,Itf Women Doubles,Hard,2026-02-27 02:31:25
9513,W40 Tbilisi,287,Itf Women Doubles,Hard,2026-02-27 02:31:25
9509,W40 Tbilisi,271,Itf Women Singles,Hard,2026-02-27 02:31:25
9834,W40 The Hague,271,Itf Women Singles,Clay,2026-02-27 02:31:25
9835,W40 The Hague,287,Itf Women Doubles,Clay,2026-02-27 02:31:25
10454,W40 Veracruz,287,Itf Women Doubles,Hard,2026-02-27 02:31:25
10451,W40 Veracruz,271,Itf Women Singles,Hard,2026-02-27 02:31:25
9994,W40 Wroclaw,271,Itf Women Singles,Clay,2026-02-27 02:31:25
9995,W40 Wroclaw,287,Itf Women Doubles,Clay,2026-02-27 02:31:25
10436,W40 Yokohama,287,Itf Women Doubles,Hard,2026-02-27 02:31:25
10455,W40 Yokohama,271,Itf Women Singles,Hard,2026-02-27 02:31:25
9763,W40 Ystad,271,Itf Women Singles,Clay,2026-02-27 02:31:25
9766,W40 Ystad,287,Itf Women Doubles,Clay,2026-02-27 02:31:25
9493,W40+H Calvi,287,Itf Women Doubles,Hard,2026-02-27 02:31:25
9492,W40+H Calvi,271,Itf Women Singles,Hard,2026-02-27 02:31:25
12267,W50 Ahmedabad,271,Itf Women Singles,Hard,2026-02-27 02:31:25
12268,W50 Ahmedabad,287,Itf Women Doubles,Hard,2026-02-27 02:31:25
11017,W50 Anning,287,Itf Women Doubles,Clay,2026-02-27 02:31:25
11016,W50 Anning,271,Itf Women Singles,Clay,2026-02-27 02:31:25
10535,W50 Antalya,271,Itf Women Singles,Clay,2026-02-27 02:31:25
10543,W50 Antalya,287,Itf Women Doubles,Clay,2026-02-27 02:31:25
11567,W50 Arequipa,287,Itf Women Doubles,Clay,2026-02-27 02:31:25
11563,W50 Arequipa,271,Itf Women Singles,Clay,2026-02-27 02:31:25
12723,W50 Aschaffenburg,271,Itf Women Singles,Clay,2026-02-27 02:31:25
12724,W50 Aschaffenburg,287,Itf Women Doubles,Clay,2026-02-27 02:31:25
12041,"W50 Austin, TX",287,Itf Women Doubles,Hard,2026-02-27 02:31:25
12040,"W50 Austin, TX",271,Itf Women Singles,Hard,2026-02-27 02:31:25
13296,W50 Baza,271,Itf Women Singles,Hard,2026-02-27 02:31:25
13297,W50 Baza,287,Itf Women Doubles,Hard,2026-02-27 02:31:25
10540,W50 Bengaluru,287,Itf Women Doubles,Hard,2026-02-27 02:31:25
10539,W50 Bengaluru,271,Itf Women Singles,Hard,2026-02-27 02:31:25
12240,W50 Birmingham,271,Itf Women Singles,Hard,2026-02-27 02:31:25
12241,W50 Birmingham,287,Itf Women Doubles,Hard,2026-02-27 02:31:25
12930,W50 Bistrita,287,Itf Women Doubles,Clay,2026-02-27 02:31:25
12929,W50 Bistrita,271,Itf Women Singles,Clay,2026-02-27 02:31:25
12074,"W50 Boca Raton, FL",271,Itf Women Singles,Clay,2026-02-27 02:31:25
12075,"W50 Boca Raton, FL",287,Itf Women Doubles,Clay,2026-02-27 02:31:25
12025,W50 Brisbane,287,Itf Women Doubles,Hard,2026-02-27 02:31:25
12024,W50 Brisbane,271,Itf Women Singles,Hard,2026-02-27 02:31:25
13599,W50 Buenos Aires +H,271,Itf Women Singles,Clay,2026-02-27 02:31:25
13600,W50 Buenos Aires +H,287,Itf Women Doubles,Clay,2026-02-27 02:31:25
12353,W50 Bujumbura,287,Itf Women Doubles,Clay,2026-02-27 02:31:25
12352,W50 Bujumbura,271,Itf Women Singles,Clay,2026-02-27 02:31:25
12382,W50 Bujumbura 2,271,Itf Women Singles,Clay,2026-02-27 02:31:25
12383,W50 Bujumbura 2,287,Itf Women Doubles,Clay,2026-02-27 02:31:25
11441,W50 Bytom,287,Itf Women Doubles,Clay,2026-02-27 02:31:25
11440,W50 Bytom,271,Itf Women Singles,Clay,2026-02-27 02:31:25
12059,W50 Caloundra,271,Itf Women Singles,Hard,2026-02-27 02:31:25
12061,W50 Caloundra,287,Itf Women Doubles,Hard,2026-02-27 02:31:25
11881,W50 Cherbourg-en-Cotentin,287,Itf Women Doubles,Hard,2026-02-27 02:31:25
11880,W50 Cherbourg-en-Cotentin,271,Itf Women Singles,Hard,2026-02-27 02:31:25
12042,W50 Chihuahua,271,Itf Women Singles,Hard,2026-02-27 02:31:25
12043,W50 Chihuahua,287,Itf Women Doubles,Hard,2026-02-27 02:31:25
13471,W50 Chihuahua 2,287,Itf Women Doubles,Hard,2026-02-27 02:31:25
13470,W50 Chihuahua 2,271,Itf Women Singles,Hard,2026-02-27 02:31:25
13499,W50 Chihuahua 3,271,Itf Women Singles,Hard,2026-02-27 02:31:25
13504,W50 Chihuahua 3,287,Itf Women Doubles,Hard,2026-02-27 02:31:25
11286,W50 Corroios-Seixal,287,Itf Women Doubles,Hard,2026-02-27 02:31:25
11285,W50 Corroios-Seixal,271,Itf Women Singles,Hard,2026-02-27 02:31:25
11359,"W50 Dallas, TX",271,Itf Women Singles,Hard,2026-02-27 02:31:25
11360,"W50 Dallas, TX",287,Itf Women Doubles,Hard,2026-02-27 02:31:25
10627,W50 Edgbaston,287,Itf Women Doubles,Hard,2026-02-27 02:31:25
10625,W50 Edgbaston,271,Itf Women Singles,Hard,2026-02-27 02:31:25
13008,W50 Evora,271,Itf Women Singles,Hard,2026-02-27 02:31:25
13010,W50 Evora,287,Itf Women Doubles,Hard,2026-02-27 02:31:25
12031,W50 Funchal,287,Itf Women Doubles,Hard,2026-02-27 02:31:25
12030,W50 Funchal,271,Itf Women Singles,Hard,2026-02-27 02:31:25
11727,W50 Fuzhou,271,Itf Women Singles,Hard,2026-02-27 02:31:25
11728,W50 Fuzhou,287,Itf Women Doubles,Hard,2026-02-27 02:31:25
11040,W50 Goyang,287,Itf Women Doubles,Hard,2026-02-27 02:31:25
11039,W50 Goyang,271,Itf Women Singles,Hard,2026-02-27 02:31:25
13662,W50 Grenoble,271,Itf Women Singles,Hard,2026-02-27 02:31:25
13663,W50 Grenoble,287,Itf Women Doubles,Hard,2026-02-27 02:31:25
12583,W50 Guimaraes,287,Itf Women Doubles,Hard,2026-02-27 02:31:25
12582,W50 Guimaraes,271,Itf Women Singles,Hard,2026-02-27 02:31:25
11655,W50 Guiyang,271,Itf Women Singles,Hard,2026-02-27 02:31:25
11656,W50 Guiyang,287,Itf Women Doubles,Hard,2026-02-27 02:31:25
13318,W50 Heraklion,287,Itf Women Doubles,Clay,2026-02-27 02:31:25
13317,W50 Heraklion,271,Itf Women Singles,Clay,2026-02-27 02:31:25
13462,W50 Heraklion 2,271,Itf Women Singles,Clay,2026-02-27 02:31:25
13463,W50 Heraklion 2,287,Itf Women Doubles,Clay,2026-02-27 02:31:25
13394,W50 Ibague,287,Itf Women Doubles,Clay,2026-02-27 02:31:25
13375,W50 Ibague,271,Itf Women Singles,Clay,2026-02-27 02:31:25
12469,"W50 Indian Harbour Beach, FL",271,Itf Women Singles,Clay,2026-02-27 02:31:25
12470,"W50 Indian Harbour Beach, FL",287,Itf Women Doubles,Clay,2026-02-27 02:31:25
10596,W50 Indore,287,Itf Women Doubles,Hard,2026-02-27 02:31:25
10595,W50 Indore,271,Itf Women Singles,Hard,2026-02-27 02:31:25
11576,W50 Jinan,271,Itf Women Singles,Hard,2026-02-27 02:31:25
11578,W50 Jinan,287,Itf Women Doubles,Hard,2026-02-27 02:31:25
10841,W50 Kashiwa,287,Itf Women Doubles,Hard,2026-02-27 02:31:25
10840,W50 Kashiwa,271,Itf Women Singles,Hard,2026-02-27 02:31:25
11863,W50 Kayseri,271,Itf Women Singles,Hard,2026-02-27 02:31:25
11864,W50 Kayseri,287,Itf Women Doubles,Hard,2026-02-27 02:31:25
10817,W50 Kofu,287,Itf Women Doubles,Hard,2026-02-27 02:31:25
10816,W50 Kofu,271,Itf Women Singles,Hard,2026-02-27 02:31:25
12480,W50 Kurume+H,271,Itf Women Singles,Hard,2026-02-27 02:31:25
12481,W50 Kurume+H,287,Itf Women Doubles,Hard,2026-02-27 02:31:25
12310,W50 Kyoto,287,Itf Women Doubles,Hard,2026-02-27 02:31:25
12308,W50 Kyoto,271,Itf Women Singles,Hard,2026-02-27 02:31:25
11115,W50 La Marsa,271,Itf Women Singles,Hard,2026-02-27 02:31:25
11116,W50 La Marsa,287,Itf Women Doubles,Hard,2026-02-27 02:31:25
12200,W50 La Marsa 2,287,Itf Women Doubles,Hard,2026-02-27 02:31:25
12199,W50 La Marsa 2,271,Itf Women Singles,Hard,2026-02-27 02:31:25
12977,W50 Leiria,271,Itf Women Singles,Hard,2026-02-27 02:31:25
12978,W50 Leiria,287,Itf Women Doubles,Hard,2026-02-27 02:31:25
10916,W50 Lopota,287,Itf Women Doubles,Hard,2026-02-27 02:31:25
10915,W50 Lopota,271,Itf Women Singles,Hard,2026-02-27 02:31:25
10936,W50 Lopota 2,271,Itf Women Singles,Hard,2026-02-27 02:31:25
10937,W50 Lopota 2,287,Itf Women Doubles,Hard,2026-02-27 02:31:25
10705,W50 Macon,287,Itf Women Doubles,Hard,2026-02-27 02:31:25
10704,W50 Macon,271,Itf Women Singles,Hard,2026-02-27 02:31:25
13595,W50 Manchester,271,Itf Women Singles,Hard,2026-02-27 02:31:25
13596,W50 Manchester,287,Itf Women Doubles,Hard,2026-02-27 02:31:25
11603,W50 Meerbusch,287,Itf Women Doubles,Clay,2026-02-27 02:31:25
11600,W50 Meerbusch,271,Itf Women Singles,Clay,2026-02-27 02:31:25
10673,W50 Mexico City,271,Itf Women Singles,Hard,2026-02-27 02:31:25
10677,W50 Mexico City,287,Itf Women Doubles,Hard,2026-02-27 02:31:25
13625,W50 Monastir,287,Itf Women Doubles,Hard,2026-02-27 02:31:25
13624,W50 Monastir,271,Itf Women Singles,Hard,2026-02-27 02:31:25
13639,W50 Monastir 2,271,Itf Women Singles,Hard,2026-02-27 02:31:25
13640,W50 Monastir 2,287,Itf Women Doubles,Hard,2026-02-27 02:31:25
11079,W50 Montemor-o-Novo,287,Itf Women Doubles,Hard,2026-02-27 02:31:25
11076,W50 Montemor-o-Novo,271,Itf Women Singles,Hard,2026-02-27 02:31:25
11111,W50 Montemor-o-Novo 2,271,Itf Women Singles,Hard,2026-02-27 02:31:25
11112,W50 Montemor-o-Novo 2,287,Itf Women Doubles,Hard,2026-02-27 02:31:25
10657,W50 Morelia,287,Itf Women Doubles,Hard,2026-02-27 02:31:25
10655,W50 Morelia,271,Itf Women Singles,Hard,2026-02-27 02:31:25
10824,W50 Murska Sobota,271,Itf Women Singles,Hard,2026-02-27 02:31:25
10825,W50 Murska Sobota,287,Itf Women Doubles,Hard,2026-02-27 02:31:25
11759,W50 Nanao,287,Itf Women Doubles,Hard,2026-02-27 02:31:25
11758,W50 Nanao,271,Itf Women Singles,Hard,2026-02-27 02:31:25
11937,W50 Nantes,271,Itf Women Singles,Hard,2026-02-27 02:31:25
11938,W50 Nantes,287,Itf Women Doubles,Hard,2026-02-27 02:31:25
12159,W50 Navi Mumbai,287,Itf Women Doubles,Hard,2026-02-27 02:31:25
12155,W50 Navi Mumbai,271,Itf Women Singles,Hard,2026-02-27 02:31:25
12190,W50 New Delhi+H,271,Itf Women Singles,Hard,2026-02-27 02:31:25
12187,W50 New Delhi+H,287,Itf Women Doubles,Hard,2026-02-27 02:31:25
10509,W50 Nonthaburi,287,Itf Women Doubles,Hard,2026-02-27 02:31:25
10508,W50 Nonthaburi,271,Itf Women Singles,Hard,2026-02-27 02:31:25
10522,W50 Nonthaburi 2,271,Itf Women Singles,Hard,2026-02-27 02:31:25
10523,W50 Nonthaburi 2,287,Itf Women Doubles,Hard,2026-02-27 02:31:25
11312,W50 Nottingham,287,Itf Women Doubles,Hard,2026-02-27 02:31:25
11310,W50 Nottingham,271,Itf Women Singles,Hard,2026-02-27 02:31:25
11594,W50 Oldenzaal,271,Itf Women Singles,Clay,2026-02-27 02:31:25
11599,W50 Oldenzaal,287,Itf Women Doubles,Clay,2026-02-27 02:31:25
13652,"W50 Orlando, FL",287,Itf Women Doubles,Hard,2026-02-27 02:31:25
13651,"W50 Orlando, FL",271,Itf Women Singles,Hard,2026-02-27 02:31:25
13514,W50 Ortisei,271,Itf Women Singles,Hard,2026-02-27 02:31:25
13515,W50 Ortisei,287,Itf Women Doubles,Hard,2026-02-27 02:31:25
11037,W50 Otocec,287,Itf Women Doubles,Clay,2026-02-27 02:31:25
11035,W50 Otocec,271,Itf Women Singles,Clay,2026-02-27 02:31:25
11064,W50 Otocec 2,271,Itf Women Singles,Clay,2026-02-27 02:31:25
11065,W50 Otocec 2,287,Itf Women Doubles,Clay,2026-02-27 02:31:25
11456,W50 Ourense,287,Itf Women Doubles,Hard,2026-02-27 02:31:25
11455,W50 Ourense,271,Itf Women Singles,Hard,2026-02-27 02:31:25
11208,W50 Palma del Rio,271,Itf Women Singles,Hard,2026-02-27 02:31:25
11209,W50 Palma del Rio,287,Itf Women Doubles,Hard,2026-02-27 02:31:25
12520,"W50 Pelham, AL",287,Itf Women Doubles,Clay,2026-02-27 02:31:25
12516,"W50 Pelham, AL",271,Itf Women Singles,Clay,2026-02-27 02:31:25
11757,W50 Pilar,271,Itf Women Singles,Clay,2026-02-27 02:31:25
11773,W50 Pilar,287,Itf Women Doubles,Clay,2026-02-27 02:31:25
10603,W50 Porto,287,Itf Women Doubles,Hard,2026-02-27 02:31:25
10602,W50 Porto,271,Itf Women Singles,Hard,2026-02-27 02:31:25
12216,W50 Porto+H,271,Itf Women Singles,Hard,2026-02-27 02:31:25
12217,W50 Porto+H,287,Itf Women Doubles,Hard,2026-02-27 02:31:25
12509,W50 Portoroz,287,Itf Women Doubles,Clay,2026-02-27 02:31:25
12508,W50 Portoroz,271,Itf Women Singles,Clay,2026-02-27 02:31:25
10663,W50 Pretoria,271,Itf Women Singles,Hard,2026-02-27 02:31:25
10675,W50 Pretoria,287,Itf Women Doubles,Hard,2026-02-27 02:31:25
10712,W50 Pretoria 2,287,Itf Women Doubles,Hard,2026-02-27 02:31:25
10697,W50 Pretoria 2,271,Itf Women Singles,Hard,2026-02-27 02:31:25
10562,W50 Pune,271,Itf Women Singles,Hard,2026-02-27 02:31:25
10563,W50 Pune,287,Itf Women Doubles,Hard,2026-02-27 02:31:25
11842,W50 Quinta do Lago,287,Itf Women Doubles,Hard,2026-02-27 02:31:25
11839,W50 Quinta do Lago,271,Itf Women Singles,Hard,2026-02-27 02:31:25
13310,"W50 Rancho Santa Fe, CA",271,Itf Women Singles,Hard,2026-02-27 02:31:25
13311,"W50 Rancho Santa Fe, CA",287,Itf Women Doubles,Hard,2026-02-27 02:31:25
10654,W50 Roehampton,287,Itf Women Doubles,Hard,2026-02-27 02:31:25
10653,W50 Roehampton,271,Itf Women Singles,Hard,2026-02-27 02:31:25
11634,W50 Saint-Palais-sur-Mer,271,Itf Women Singles,Clay,2026-02-27 02:31:25
11635,W50 Saint-Palais-sur-Mer,287,Itf Women Doubles,Clay,2026-02-27 02:31:25
11744,W50 San Miguel de Tucuman,287,Itf Women Doubles,Clay,2026-02-27 02:31:25
11743,W50 San Miguel de Tucuman,271,Itf Women Singles,Clay,2026-02-27 02:31:25
12328,W50 Santo Domingo,271,Itf Women Singles,Hard,2026-02-27 02:31:25
12343,W50 Santo Domingo,287,Itf Women Doubles,Hard,2026-02-27 02:31:25
12367,W50 Santo Domingo 2,287,Itf Women Doubles,Hard,2026-02-27 02:31:25
12366,W50 Santo Domingo 2,271,Itf Women Singles,Hard,2026-02-27 02:31:25
10823,W50 Sao Paulo,271,Itf Women Singles,Clay,2026-02-27 02:31:25
10826,W50 Sao Paulo,287,Itf Women Doubles,Clay,2026-02-27 02:31:25
12894,W50 Saskatoon,287,Itf Women Doubles,Hard,2026-02-27 02:31:25
12870,W50 Saskatoon,271,Itf Women Singles,Hard,2026-02-27 02:31:25
12084,W50 Selva Gardena,271,Itf Women Singles,Hard,2026-02-27 02:31:25
12085,W50 Selva Gardena,287,Itf Women Doubles,Hard,2026-02-27 02:31:25
10863,W50 Shenzhen,287,Itf Women Doubles,Hard,2026-02-27 02:31:25
10881,W50 Shenzhen,271,Itf Women Singles,Hard,2026-02-27 02:31:25
10897,W50 Shenzhen 2,271,Itf Women Singles,Hard,2026-02-27 02:31:25
10898,W50 Shenzhen 2,287,Itf Women Doubles,Hard,2026-02-27 02:31:25
11610,W50 Slobozia,287,Itf Women Doubles,Clay,2026-02-27 02:31:25
11609,W50 Slobozia,271,Itf Women Singles,Clay,2026-02-27 02:31:25
12254,"W50 Spring, TX",271,Itf Women Singles,Hard,2026-02-27 02:31:25
12255,"W50 Spring, TX",287,Itf Women Doubles,Hard,2026-02-27 02:31:25
11138,W50 Taizhou,287,Itf Women Doubles,Hard,2026-02-27 02:31:25
11137,W50 Taizhou,271,Itf Women Singles,Hard,2026-02-27 02:31:25
12130,"W50 Tampa, FL",271,Itf Women Singles,Clay,2026-02-27 02:31:25
12132,"W50 Tampa, FL",287,Itf Women Doubles,Clay,2026-02-27 02:31:25
10703,W50 Trnava,287,Itf Women Doubles,Hard,2026-02-27 02:31:25
10702,W50 Trnava,271,Itf Women Singles,Hard,2026-02-27 02:31:25
12066,W50 Trnava 2,271,Itf Women Singles,Hard,2026-02-27 02:31:25
12069,W50 Trnava 2,287,Itf Women Doubles,Hard,2026-02-27 02:31:25
11086,W50 Troisdorf,287,Itf Women Doubles,Clay,2026-02-27 02:31:25
11085,W50 Troisdorf,271,Itf Women Singles,Clay,2026-02-27 02:31:25
12340,W50 Vacaria,271,Itf Women Singles,Clay,2026-02-27 02:31:25
12342,W50 Vacaria,287,Itf Women Doubles,Clay,2026-02-27 02:31:25
12014,W50 Veracruz,287,Itf Women Doubles,Hard,2026-02-27 02:31:25
12013,W50 Veracruz,271,Itf Women Singles,Hard,2026-02-27 02:31:25
10920,W50 Wuning,271,Itf Women Singles,Hard,2026-02-27 02:31:25
10921,W50 Wuning,287,Itf Women Doubles,Hard,2026-02-27 02:31:25
12449,W50 Yecla,287,Itf Women Doubles,Hard,2026-02-27 02:31:25
12448,W50 Yecla,271,Itf Women Singles,Hard,2026-02-27 02:31:25
12109,W50 Yokohama,271,Itf Women Singles,Hard,2026-02-27 02:31:25
12093,W50 Yokohama,287,Itf Women Doubles,Hard,2026-02-27 02:31:25
11194,W50 Ystad,287,Itf Women Doubles,Clay,2026-02-27 02:31:25
11193,W50 Ystad,271,Itf Women Singles,Clay,2026-02-27 02:31:25
11406,W50 Zagreb,271,Itf Women Singles,Clay,2026-02-27 02:31:25
11422,W50 Zagreb,287,Itf Women Doubles,Clay,2026-02-27 02:31:25
12411,"W50 Zephyrhills, FL",287,Itf Women Doubles,Clay,2026-02-27 02:31:25
12410,"W50 Zephyrhills, FL",271,Itf Women Singles,Clay,2026-02-27 02:31:25
10907,W50+H Calvi,271,Itf Women Singles,Hard,2026-02-27 02:31:25
10908,W50+H Calvi,287,Itf Women Doubles,Hard,2026-02-27 02:31:25
12847,W50+H Koksijde,287,Itf Women Doubles,Clay,2026-02-27 02:31:25
12834,W50+H Koksijde,271,Itf Women Singles,Clay,2026-02-27 02:31:25
12848,W50+H Leipzig,271,Itf Women Singles,Clay,2026-02-27 02:31:25
12849,W50+H Leipzig,287,Itf Women Doubles,Clay,2026-02-27 02:31:25
12279,W50+H Macon,287,Itf Women Doubles,Hard,2026-02-27 02:31:25
12278,W50+H Macon,271,Itf Women Singles,Hard,2026-02-27 02:31:25
12654,W50+H Palma del Rio,271,Itf Women Singles,Hard,2026-02-27 02:31:25
12655,W50+H Palma del Rio,287,Itf Women Doubles,Hard,2026-02-27 02:31:25
13235,W50+H Pazardzhik,287,Itf Women Doubles,Clay,2026-02-27 02:31:25
13234,W50+H Pazardzhik,271,Itf Women Singles,Clay,2026-02-27 02:31:25
13269,W50+H Pazardzhik 2,271,Itf Women Singles,Clay,2026-02-27 02:31:25
13270,W50+H Pazardzhik 2,287,Itf Women Doubles,Clay,2026-02-27 02:31:25
5268,W60 Altenkirchen,287,Itf Women Doubles,Hard (Indoor),2026-02-27 02:31:25
5267,W60 Altenkirchen,271,Itf Women Singles,Hard (Indoor),2026-02-27 02:31:25
4295,W60 Amstelveen,271,Itf Women Singles,Clay,2026-02-27 02:31:25
4296,W60 Amstelveen,287,Itf Women Doubles,Clay,2026-02-27 02:31:25
3293,W60 Andrezieux-Boutheon,287,Itf Women Doubles,Hard (Indoor),2026-02-27 02:31:25
3283,W60 Andrezieux-Boutheon,271,Itf Women Singles,Hard (Indoor),2026-02-27 02:31:25
5307,"W60 Arcadia, CA",271,Itf Women Singles,Hard,2026-02-27 02:31:25
5308,"W60 Arcadia, CA",287,Itf Women Doubles,Hard,2026-02-27 02:31:25
9320,W60 Astana,287,Itf Women Doubles,Hard,2026-02-27 02:31:25
9330,W60 Astana,271,Itf Women Singles,Hard,2026-02-27 02:31:25
9936,W60 Barcelona,271,Itf Women Singles,Hard,2026-02-27 02:31:25
9937,W60 Barcelona,287,Itf Women Doubles,Hard,2026-02-27 02:31:25
8194,W60 Barranquilla,287,Itf Women Doubles,Hard,2026-02-27 02:31:25
8193,W60 Barranquilla,271,Itf Women Singles,Hard,2026-02-27 02:31:25
3992,W60 Bellinzona,271,Itf Women Singles,Clay,2026-02-27 02:31:25
3996,W60 Bellinzona,287,Itf Women Doubles,Clay,2026-02-27 02:31:25
4698,"W60 Berkeley, CA",287,Itf Women Doubles,Hard,2026-02-27 02:31:25
4697,"W60 Berkeley, CA",271,Itf Women Singles,Hard,2026-02-27 02:31:25
4326,W60 Biarritz,271,Itf Women Singles,Clay,2026-02-27 02:31:25
4336,W60 Biarritz,287,Itf Women Doubles,Clay,2026-02-27 02:31:25
9572,W60 Bodrum,287,Itf Women Doubles,Clay,2026-02-27 02:31:25
9570,W60 Bodrum,271,Itf Women Singles,Clay,2026-02-27 02:31:25
5001,W60 Brasilia,271,Itf Women Singles,Clay (Indoor),2026-02-27 02:31:25
5016,W60 Brasilia,287,Itf Women Doubles,Clay,2026-02-27 02:31:25
7168,W60 Brasov,287,Itf Women Doubles,Clay,2026-02-27 02:31:25
7167,W60 Brasov,271,Itf Women Singles,Clay,2026-02-27 02:31:25
8258,W60 Bratislava,271,Itf Women Singles,Hard,2026-02-27 02:31:25
8284,W60 Bratislava,287,Itf Women Doubles,Hard,2026-02-27 02:31:25
7171,W60 Brescia,287,Itf Women Doubles,Clay,2026-02-27 02:31:25
7170,W60 Brescia,271,Itf Women Singles,Clay,2026-02-27 02:31:25
10399,W60 Brisbane,271,Itf Women Singles,Hard,2026-02-27 02:31:25
10400,W60 Brisbane,287,Itf Women Doubles,Hard,2026-02-27 02:31:25
7679,"W60 Bronx, NY",287,Itf Women Doubles,Hard,2026-02-27 02:31:25
7678,"W60 Bronx, NY",271,Itf Women Singles,Hard,2026-02-27 02:31:25
3282,W60 Burnie,271,Itf Women Singles,Hard,2026-02-27 02:31:25
8541,W60 Burnie,287,Itf Women Doubles,Hard,2026-02-27 02:31:25
9111,W60 Cairo,287,Itf Women Doubles,Hard,2026-02-27 02:31:25
3381,W60 Cairo,271,Itf Women Singles,Hard,2026-02-27 02:31:25
8226,W60 Calgary,271,Itf Women Singles,Hard,2026-02-27 02:31:25
8246,W60 Calgary,287,Itf Women Doubles,Hard,2026-02-27 02:31:25
5367,W60 Canberra,287,Itf Women Doubles,Clay,2026-02-27 02:31:25
3552,W60 Canberra,271,Itf Women Singles,Clay,2026-02-27 02:31:25
3086,W60 Canberra 2,271,Itf Women Singles,Hard,2026-02-27 02:31:25
5393,W60 Canberra 2,287,Itf Women Doubles,Clay,2026-02-27 02:31:25
9347,W60 Canberra 3,287,Itf Women Doubles,Clay,2026-02-27 02:31:25
9348,W60 Canberra 3,271,Itf Women Singles,Clay,2026-02-27 02:31:25
7218,W60 Caserta,271,Itf Women Singles,Clay,2026-02-27 02:31:25
7219,W60 Caserta,287,Itf Women Doubles,Clay,2026-02-27 02:31:25
4217,W60 Ceska Lipa,287,Itf Women Doubles,Clay,2026-02-27 02:31:25
4210,W60 Ceska Lipa,271,Itf Women Singles,Clay,2026-02-27 02:31:25
4250,"W60 Charleston, SC",271,Itf Women Singles,Clay,2026-02-27 02:31:25
4251,"W60 Charleston, SC",287,Itf Women Doubles,Clay,2026-02-27 02:31:25
4023,"W60 Charlottesville, VA",287,Itf Women Doubles,Clay,2026-02-27 02:31:25
4022,"W60 Charlottesville, VA",271,Itf Women Singles,Clay,2026-02-27 02:31:25
5447,W60 Chiasso,271,Itf Women Singles,Clay,2026-02-27 02:31:25
5448,W60 Chiasso,287,Itf Women Doubles,Clay,2026-02-27 02:31:25
4570,W60 Collonge-Bellerive,287,Itf Women Doubles,Clay,2026-02-27 02:31:25
4569,W60 Collonge-Bellerive,271,Itf Women Singles,Clay,2026-02-27 02:31:25
7501,W60 Cordenons,271,Itf Women Singles,Clay,2026-02-27 02:31:25
7502,W60 Cordenons,287,Itf Women Doubles,Clay,2026-02-27 02:31:25
5403,W60 Croissy-Beaubourg,287,Itf Women Doubles,Hard,2026-02-27 02:31:25
5395,W60 Croissy-Beaubourg,271,Itf Women Singles,Hard,2026-02-27 02:31:25
9914,"W60 Dallas, TX",271,Itf Women Singles,Hard,2026-02-27 02:31:25
9915,"W60 Dallas, TX",287,Itf Women Doubles,Hard,2026-02-27 02:31:25
7484,"W60 Evansville, IN",287,Itf Women Doubles,Hard,2026-02-27 02:31:25
7483,"W60 Evansville, IN",271,Itf Women Singles,Hard,2026-02-27 02:31:25
9916,W60 Feira de Santana,271,Itf Women Singles,Hard,2026-02-27 02:31:25
9938,W60 Feira de Santana,287,Itf Women Doubles,Hard,2026-02-27 02:31:25
9543,W60 Fukuoka,287,Itf Women Doubles,Hard,2026-02-27 02:31:25
9542,W60 Fukuoka,271,Itf Women Singles,Hard,2026-02-27 02:31:25
8091,W60 Glasgow,271,Itf Women Singles,Hard,2026-02-27 02:31:25
8093,W60 Glasgow,287,Itf Women Doubles,Hard,2026-02-27 02:31:25
10435,W60 Gold Coast,287,Itf Women Doubles,Hard,2026-02-27 02:31:25
10434,W60 Gold Coast,271,Itf Women Singles,Hard,2026-02-27 02:31:25
7131,W60 Grado,271,Itf Women Singles,Clay,2026-02-27 02:31:25
7132,W60 Grado,287,Itf Women Doubles,Clay,2026-02-27 02:31:25
5241,W60 Grenoble,287,Itf Women Doubles,Hard,2026-02-27 02:31:25
5239,W60 Grenoble,271,Itf Women Singles,Hard,2026-02-27 02:31:25
4383,W60 Grodzisk Mazowiecki,271,Itf Women Singles,Clay,2026-02-27 02:31:25
4392,W60 Grodzisk Mazowiecki,287,Itf Women Doubles,Clay,2026-02-27 02:31:25
8089,W60 Hamburg,287,Itf Women Doubles,Hard,2026-02-27 02:31:25
8088,W60 Hamburg,271,Itf Women Singles,Hard (Indoor),2026-02-27 02:31:25
7588,W60 Hechingen,271,Itf Women Singles,Clay,2026-02-27 02:31:25
7589,W60 Hechingen,287,Itf Women Doubles,Clay,2026-02-27 02:31:25
5480,W60 Istanbul,287,Itf Women Doubles,Clay,2026-02-27 02:31:25
5474,W60 Istanbul,271,Itf Women Singles,Clay,2026-02-27 02:31:25
5526,W60 Koper,271,Itf Women Singles,Clay,2026-02-27 02:31:25
5528,W60 Koper,287,Itf Women Doubles,Clay,2026-02-27 02:31:25
9568,W60 Kurume,287,Itf Women Doubles,Grass,2026-02-27 02:31:25
9567,W60 Kurume,271,Itf Women Singles,Grass,2026-02-27 02:31:25
3364,W60 Kyoto,271,Itf Women Singles,Hard (Indoor),2026-02-27 02:31:25
8450,W60 Kyoto,287,Itf Women Doubles,Hard (Indoor),2026-02-27 02:31:25
4731,"W60 Las Vegas, NV",287,Itf Women Doubles,Hard,2026-02-27 02:31:25
4730,"W60 Las Vegas, NV",271,Itf Women Singles,Hard,2026-02-27 02:31:25
13213,W60 Launceston,271,Itf Women Singles,Hard,2026-02-27 02:31:25
7597,"W60 Lexington, KY",271,Itf Women Singles,Hard,2026-02-27 02:31:25
7598,"W60 Lexington, KY",287,Itf Women Doubles,Hard,2026-02-27 02:31:25
7432,W60 Liepaja,287,Itf Women Doubles,Clay,2026-02-27 02:31:25
7430,W60 Liepaja,271,Itf Women Singles,Clay,2026-02-27 02:31:25
8166,"W60 Macon, GA",271,Itf Women Singles,Hard,2026-02-27 02:31:25
8096,"W60 Macon, GA",287,Itf Women Doubles,Hard,2026-02-27 02:31:25
7263,W60 Madrid,287,Itf Women Doubles,Hard,2026-02-27 02:31:25
7251,W60 Madrid,271,Itf Women Singles,Hard,2026-02-27 02:31:25
8259,W60 Meitar,271,Itf Women Singles,Hard,2026-02-27 02:31:25
8261,W60 Meitar,287,Itf Women Doubles,Hard,2026-02-27 02:31:25
8048,W60 Monastir,287,Itf Women Doubles,Hard,2026-02-27 02:31:25
8046,W60 Monastir,271,Itf Women Singles,Hard,2026-02-27 02:31:25
4271,W60 Montpellier,271,Itf Women Singles,Clay,2026-02-27 02:31:25
4278,W60 Montpellier,287,Itf Women Doubles,Clay,2026-02-27 02:31:25
4588,W60 Montreux,287,Itf Women Doubles,Clay,2026-02-27 02:31:25
4587,W60 Montreux,271,Itf Women Singles,Clay,2026-02-27 02:31:25
4889,W60 Nantes,271,Itf Women Singles,Hard (Indoor),2026-02-27 02:31:25
4890,W60 Nantes,287,Itf Women Doubles,Hard (Indoor),2026-02-27 02:31:25
9559,"W60 Naples, FL",287,Itf Women Doubles,Clay,2026-02-27 02:31:25
9558,"W60 Naples, FL",271,Itf Women Singles,Clay,2026-02-27 02:31:25
4327,W60 Nur-Sultan,271,Itf Women Singles,Hard,2026-02-27 02:31:25
4337,W60 Nur-Sultan,287,Itf Women Doubles,Hard,2026-02-27 02:31:25
7477,W60 Nur-Sultan 2,287,Itf Women Doubles,Hard,2026-02-27 02:31:25
7476,W60 Nur-Sultan 2,271,Itf Women Singles,Hard,2026-02-27 02:31:25
4002,W60 Oeiras,271,Itf Women Singles,Clay,2026-02-27 02:31:25
4007,W60 Oeiras,287,Itf Women Doubles,Clay,2026-02-27 02:31:25
4369,W60 Olomouc,287,Itf Women Doubles,Clay,2026-02-27 02:31:25
4359,W60 Olomouc,271,Itf Women Singles,Clay,2026-02-27 02:31:25
5207,"W60 Orlando, FL",271,Itf Women Singles,Hard,2026-02-27 02:31:25
5210,"W60 Orlando, FL",287,Itf Women Doubles,Hard,2026-02-27 02:31:25
7137,"W60 Orlando, FL 2",287,Itf Women Doubles,Hard,2026-02-27 02:31:25
7140,"W60 Orlando, FL 2",271,Itf Women Singles,Hard,2026-02-27 02:31:25
5600,"W60 Pelham, AL",271,Itf Women Singles,Clay,2026-02-27 02:31:25
5602,"W60 Pelham, AL",287,Itf Women Doubles,Clay,2026-02-27 02:31:25
8112,W60 Playford,287,Itf Women Doubles,Hard,2026-02-27 02:31:25
8111,W60 Playford,271,Itf Women Singles,Hard,2026-02-27 02:31:25
7197,W60 Poertschach,271,Itf Women Singles,Clay,2026-02-27 02:31:25
7215,W60 Poertschach,287,Itf Women Doubles,Clay,2026-02-27 02:31:25
4550,W60 Prague,287,Itf Women Doubles,Clay,2026-02-27 02:31:25
4549,W60 Prague,271,Itf Women Singles,Clay,2026-02-27 02:31:25
7748,W60 Prague 2,271,Itf Women Singles,Clay,2026-02-27 02:31:25
7763,W60 Prague 2,287,Itf Women Doubles,Clay,2026-02-27 02:31:25
4512,W60 Prerov,287,Itf Women Doubles,Clay,2026-02-27 02:31:25
4538,W60 Prerov,271,Itf Women Singles,Clay,2026-02-27 02:31:25
5402,W60 Pretoria,271,Itf Women Singles,Hard,2026-02-27 02:31:25
5394,W60 Pretoria,287,Itf Women Doubles,Hard,2026-02-27 02:31:25
4766,"W60 Rancho Santa Fe, CA",287,Itf Women Doubles,Hard,2026-02-27 02:31:25
4765,"W60 Rancho Santa Fe, CA",271,Itf Women Singles,Hard,2026-02-27 02:31:25
9709,W60 Ricany,271,Itf Women Singles,Clay,2026-02-27 02:31:25
9725,W60 Ricany,287,Itf Women Doubles,Clay,2026-02-27 02:31:25
8376,W60 Rio de Janeiro,287,Itf Women Doubles,Clay,2026-02-27 02:31:25
8365,W60 Rio de Janeiro,271,Itf Women Singles,Clay,2026-02-27 02:31:25
5601,W60 Rome,271,Itf Women Singles,Clay,2026-02-27 02:31:25
5603,W60 Rome,287,Itf Women Doubles,Clay,2026-02-27 02:31:25
9864,W60 Rome 2,287,Itf Women Doubles,Clay,2026-02-27 02:31:25
9863,W60 Rome 2,271,Itf Women Singles,Clay,2026-02-27 02:31:25
3888,"W60 Rome, GA",271,Itf Women Singles,Hard,2026-02-27 02:31:25
3885,"W60 Rome, GA",287,Itf Women Doubles,Hard,2026-02-27 02:31:25
10265,"W60 Rome, GA 2",287,Itf Women Doubles,Hard,2026-02-27 02:31:25
10264,"W60 Rome, GA 2",271,Itf Women Singles,Hard,2026-02-27 02:31:25
8079,W60 Saguenay,271,Itf Women Singles,Hard,2026-02-27 02:31:25
8080,W60 Saguenay,287,Itf Women Doubles,Hard,2026-02-27 02:31:25
4050,W60 Saint-Gaudens,287,Itf Women Doubles,Clay,2026-02-27 02:31:25
4049,W60 Saint-Gaudens,271,Itf Women Singles,Clay,2026-02-27 02:31:25
7567,W60 San Bartolome,271,Itf Women Singles,Clay,2026-02-27 02:31:25
7585,W60 San Bartolome,287,Itf Women Doubles,Clay,2026-02-27 02:31:25
4457,W60 San Bartolome de Tirajana,287,Itf Women Doubles,Clay,2026-02-27 02:31:25
4456,W60 San Bartolome de Tirajana,271,Itf Women Singles,Clay,2026-02-27 02:31:25
4488,W60 San Bartolome de Tirajana 2,271,Itf Women Singles,Clay,2026-02-27 02:31:25
4489,W60 San Bartolome de Tirajana 2,287,Itf Women Doubles,Clay,2026-02-27 02:31:25
7933,W60 San Sebastian,287,Itf Women Doubles,Clay,2026-02-27 02:31:25
7919,W60 San Sebastian,271,Itf Women Singles,Clay,2026-02-27 02:31:25
9848,W60 Saskatoon,271,Itf Women Singles,Hard,2026-02-27 02:31:25
9871,W60 Saskatoon,287,Itf Women Doubles,Hard,2026-02-27 02:31:25
9733,"W60 Sumter, SC",287,Itf Women Doubles,Hard,2026-02-27 02:31:25
9732,"W60 Sumter, SC",271,Itf Women Singles,Hard,2026-02-27 02:31:25
8523,W60 Sunderland,271,Itf Women Singles,Hard (Indoor),2026-02-27 02:31:25
8526,W60 Sunderland,287,Itf Women Doubles,Hard,2026-02-27 02:31:25
9304,W60 Sydney,287,Itf Women Doubles,Hard,2026-02-27 02:31:25
8181,W60 Sydney,271,Itf Women Singles,Hard,2026-02-27 02:31:25
2096,W60 Telavi,271,Itf Women Singles,Clay,2026-02-27 02:31:25
7945,"W60 Templeton, CA",271,Itf Women Singles,Hard,2026-02-27 02:31:25
7946,"W60 Templeton, CA",287,Itf Women Doubles,Hard,2026-02-27 02:31:25
8263,W60 Tokyo,287,Itf Women Doubles,Hard,2026-02-27 02:31:25
8262,W60 Tokyo,271,Itf Women Singles,Hard,2026-02-27 02:31:25
8137,W60 Toronto,271,Itf Women Singles,Hard (Indoor),2026-02-27 02:31:25
8147,W60 Toronto,287,Itf Women Doubles,Hard,2026-02-27 02:31:25
8016,W60 Trnava,287,Itf Women Doubles,Hard,2026-02-27 02:31:25
8000,W60 Trnava,271,Itf Women Singles,Hard,2026-02-27 02:31:25
8047,W60 Trnava 2,271,Itf Women Singles,Hard,2026-02-27 02:31:25
8058,W60 Trnava 2,287,Itf Women Doubles,Hard,2026-02-27 02:31:25
9332,W60 Trnava 3,287,Itf Women Doubles,Hard,2026-02-27 02:31:25
9323,W60 Trnava 3,271,Itf Women Singles,Hard,2026-02-27 02:31:25
10473,W60 Vacaria,271,Itf Women Singles,Clay,2026-02-27 02:31:25
10474,W60 Vacaria,287,Itf Women Doubles,Clay,2026-02-27 02:31:25
8514,"W60 Vero Beach, FL",287,Itf Women Doubles,Clay,2026-02-27 02:31:25
8513,"W60 Vero Beach, FL",271,Itf Women Singles,Clay,2026-02-27 02:31:25
4390,W60 Versmold,271,Itf Women Singles,Clay,2026-02-27 02:31:25
4391,W60 Versmold,287,Itf Women Doubles,Clay,2026-02-27 02:31:25
10102,W60 Vienna,287,Itf Women Doubles,Clay,2026-02-27 02:31:25
10101,W60 Vienna,271,Itf Women Singles,Clay,2026-02-27 02:31:25
4328,W60 Vitoria-Gasteiz,271,Itf Women Singles,Hard,2026-02-27 02:31:25
4342,W60 Vitoria-Gasteiz,287,Itf Women Doubles,Hard,2026-02-27 02:31:25
7885,W60 Vrnjacka Banja,287,Itf Women Doubles,Clay,2026-02-27 02:31:25
7882,W60 Vrnjacka Banja,271,Itf Women Singles,Clay,2026-02-27 02:31:25
4020,W60 Zagreb,271,Itf Women Singles,Clay,2026-02-27 02:31:25
4018,W60 Zagreb,287,Itf Women Doubles,Clay,2026-02-27 02:31:25
5163,W60+H Bendigo,287,Itf Women Doubles,Hard,2026-02-27 02:31:25
5160,W60+H Bendigo,271,Itf Women Singles,Hard,2026-02-27 02:31:25
4621,W60+H Caldas da Rainha,271,Itf Women Singles,Hard,2026-02-27 02:31:25
4622,W60+H Caldas da Rainha,287,Itf Women Doubles,Hard,2026-02-27 02:31:25
10365,W60+H Calgary,287,Itf Women Doubles,Hard,2026-02-27 02:31:25
10364,W60+H Calgary,271,Itf Women Singles,Hard,2026-02-27 02:31:25
5313,W60+H Irapuato,271,Itf Women Singles,Hard,2026-02-27 02:31:25
5330,W60+H Irapuato,287,Itf Women Doubles,Hard,2026-02-27 02:31:25
4046,W60+H La Bisbal D'Emporda,287,Itf Women Doubles,Clay,2026-02-27 02:31:25
4044,W60+H La Bisbal D'Emporda,271,Itf Women Singles,Clay,2026-02-27 02:31:25
7433,W60+H Rome,271,Itf Women Singles,Clay,2026-02-27 02:31:25
7434,W60+H Rome,287,Itf Women Doubles,Clay,2026-02-27 02:31:25
9143,W60+H Saint-Malo,287,Itf Women Doubles,Clay,2026-02-27 02:31:25
3576,W60+H Saint-Malo,271,Itf Women Singles,Clay,2026-02-27 02:31:25
4919,W60+H Santiago,271,Itf Women Singles,Clay,2026-02-27 02:31:25
4942,W60+H Santiago,287,Itf Women Doubles,Clay,2026-02-27 02:31:25
5168,W60+H Traralgon,287,Itf Women Doubles,Hard,2026-02-27 02:31:25
5159,W60+H Traralgon,271,Itf Women Singles,Hard,2026-02-27 02:31:25
10650,W75 Altenkirchen,271,Itf Women Singles,Hard,2026-02-27 02:31:25
10651,W75 Altenkirchen,287,Itf Women Doubles,Hard,2026-02-27 02:31:25
11452,W75 Amstetten,287,Itf Women Doubles,Clay,2026-02-27 02:31:25
11450,W75 Amstetten,271,Itf Women Singles,Clay,2026-02-27 02:31:25
10600,W75 Andrezieux-Boutheon,271,Itf Women Singles,Hard,2026-02-27 02:31:25
10601,W75 Andrezieux-Boutheon,287,Itf Women Doubles,Hard,2026-02-27 02:31:25
10869,W75 Bellinzona,287,Itf Women Doubles,Clay,2026-02-27 02:31:25
10868,W75 Bellinzona,271,Itf Women Singles,Clay,2026-02-27 02:31:25
12648,W75 Blois,271,Itf Women Singles,Clay,2026-02-27 02:31:25
12651,W75 Blois,287,Itf Women Doubles,Clay,2026-02-27 02:31:25
11838,W75 Bratislava,287,Itf Women Doubles,Hard,2026-02-27 02:31:25
11837,W75 Bratislava,271,Itf Women Singles,Hard,2026-02-27 02:31:25
11077,W75 Brescia,271,Itf Women Singles,Clay,2026-02-27 02:31:25
11080,W75 Brescia,287,Itf Women Doubles,Clay,2026-02-27 02:31:25
12210,W75 Brisbane,287,Itf Women Doubles,Hard,2026-02-27 02:31:25
12209,W75 Brisbane,271,Itf Women Singles,Hard,2026-02-27 02:31:25
12222,W75 Brisbane 2,271,Itf Women Singles,Hard,2026-02-27 02:31:25
12223,W75 Brisbane 2,287,Itf Women Doubles,Hard,2026-02-27 02:31:25
12684,W75 Bucharest,287,Itf Women Doubles,Clay,2026-02-27 02:31:25
12683,W75 Bucharest,271,Itf Women Singles,Clay,2026-02-27 02:31:25
13009,W75 Bucharest 2,271,Itf Women Singles,Clay,2026-02-27 02:31:25
13011,W75 Bucharest 2,287,Itf Women Doubles,Clay,2026-02-27 02:31:25
13299,W75 Bucharest 3,287,Itf Women Doubles,Clay,2026-02-27 02:31:25
13298,W75 Bucharest 3,271,Itf Women Singles,Clay,2026-02-27 02:31:25
10593,W75 Burnie,271,Itf Women Singles,Hard,2026-02-27 02:31:25
10594,W75 Burnie,287,Itf Women Doubles,Hard,2026-02-27 02:31:25
10622,W75 Burnie 2,287,Itf Women Doubles,Hard,2026-02-27 02:31:25
10621,W75 Burnie 2,271,Itf Women Singles,Hard,2026-02-27 02:31:25
12408,W75 Calvi,271,Itf Women Singles,Hard,2026-02-27 02:31:25
12409,W75 Calvi,287,Itf Women Doubles,Hard,2026-02-27 02:31:25
12092,W75 Carrara,287,Itf Women Doubles,Hard,2026-02-27 02:31:25
12091,W75 Carrara,271,Itf Women Singles,Hard,2026-02-27 02:31:25
11121,W75 Caserta,271,Itf Women Singles,Clay,2026-02-27 02:31:25
11119,W75 Caserta,287,Itf Women Doubles,Clay,2026-02-27 02:31:25
12581,W75 Ceska Lipa,287,Itf Women Doubles,Clay,2026-02-27 02:31:25
12580,W75 Ceska Lipa,271,Itf Women Singles,Clay,2026-02-27 02:31:25
10932,"W75 Charlottesville, VA",271,Itf Women Singles,Clay,2026-02-27 02:31:25
10933,"W75 Charlottesville, VA",287,Itf Women Doubles,Clay,2026-02-27 02:31:25
10914,W75 Chiasso,287,Itf Women Doubles,Clay,2026-02-27 02:31:25
10913,W75 Chiasso,271,Itf Women Singles,Clay,2026-02-27 02:31:25
11371,W75 Cordenons,271,Itf Women Singles,Clay,2026-02-27 02:31:25
11372,W75 Cordenons,287,Itf Women Doubles,Clay,2026-02-27 02:31:25
10833,W75 Croissy-Beaubourg,287,Itf Women Doubles,Hard,2026-02-27 02:31:25
10822,W75 Croissy-Beaubourg,271,Itf Women Singles,Hard,2026-02-27 02:31:25
11217,W75 Doksy - Stare Splavy,271,Itf Women Singles,Clay,2026-02-27 02:31:25
11218,W75 Doksy - Stare Splavy,287,Itf Women Doubles,Clay,2026-02-27 02:31:25
11844,"W75 Edmond, OK",287,Itf Women Doubles,Hard,2026-02-27 02:31:25
11843,"W75 Edmond, OK",271,Itf Women Singles,Hard,2026-02-27 02:31:25
11330,"W75 Evansville, IN",271,Itf Women Singles,Hard,2026-02-27 02:31:25
11331,"W75 Evansville, IN",287,Itf Women Doubles,Hard,2026-02-27 02:31:25
10839,W75 Florianópolis,287,Itf Women Doubles,Clay,2026-02-27 02:31:25
10838,W75 Florianópolis,271,Itf Women Singles,Clay,2026-02-27 02:31:25
13513,W75 Fujairah,271,Itf Women Singles,Hard,2026-02-27 02:31:25
13527,W75 Fujairah,287,Itf Women Doubles,Hard,2026-02-27 02:31:25
10991,W75 Fukuoka,287,Itf Women Doubles,Hard,2026-02-27 02:31:25
10980,W75 Fukuoka,271,Itf Women Singles,Hard,2026-02-27 02:31:25
11913,W75 Glasgow,271,Itf Women Singles,Hard,2026-02-27 02:31:25
11914,W75 Glasgow,287,Itf Women Doubles,Hard,2026-02-27 02:31:25
11051,W75 Grado,287,Itf Women Doubles,Clay,2026-02-27 02:31:25
11049,W75 Grado,271,Itf Women Singles,Clay,2026-02-27 02:31:25
12736,W75 Granby,271,Itf Women Singles,Hard,2026-02-27 02:31:25
12737,W75 Granby,287,Itf Women Doubles,Hard,2026-02-27 02:31:25
10628,W75 Grenoble,287,Itf Women Doubles,Hard,2026-02-27 02:31:25
10626,W75 Grenoble,271,Itf Women Singles,Hard,2026-02-27 02:31:25
11152,W75 Guimaraes,271,Itf Women Singles,Hard,2026-02-27 02:31:25
11153,W75 Guimaraes,287,Itf Women Doubles,Hard,2026-02-27 02:31:25
11977,W75 Hamburg,287,Itf Women Doubles,Hard,2026-02-27 02:31:25
11974,W75 Hamburg,271,Itf Women Singles,Hard,2026-02-27 02:31:25
11381,W75 Hechingen,271,Itf Women Singles,Clay,2026-02-27 02:31:25
11382,W75 Hechingen,287,Itf Women Doubles,Clay,2026-02-27 02:31:25
12009,W75 Ismaning,287,Itf Women Doubles,Hard,2026-02-27 02:31:25
12008,W75 Ismaning,271,Itf Women Singles,Hard,2026-02-27 02:31:25
10901,W75 Koper,271,Itf Women Singles,Clay,2026-02-27 02:31:25
10902,W75 Koper,287,Itf Women Doubles,Clay,2026-02-27 02:31:25
11470,W75 Kursumlijska Banja,287,Itf Women Doubles,Clay,2026-02-27 02:31:25
11451,W75 Kursumlijska Banja,271,Itf Women Singles,Clay,2026-02-27 02:31:25
11756,W75 Kursumlijska Banja 2,271,Itf Women Singles,Clay,2026-02-27 02:31:25
11764,W75 Kursumlijska Banja 2,287,Itf Women Doubles,Clay,2026-02-27 02:31:25
13239,W75 Kursumlijska Banja 3,287,Itf Women Doubles,Clay,2026-02-27 02:31:25
13238,W75 Kursumlijska Banja 3,271,Itf Women Singles,Clay,2026-02-27 02:31:25
11014,W75 Kurume,271,Itf Women Singles,Hard,2026-02-27 02:31:25
11015,W75 Kurume,287,Itf Women Doubles,Hard,2026-02-27 02:31:25
11668,W75 Le Neubourg,287,Itf Women Doubles,Hard,2026-02-27 02:31:25
11667,W75 Le Neubourg,271,Itf Women Singles,Hard,2026-02-27 02:31:25
12226,W75 Leszno,271,Itf Women Singles,Hard,2026-02-27 02:31:25
12227,W75 Leszno,287,Itf Women Doubles,Hard,2026-02-27 02:31:25
11400,"W75 Lexington, KY",287,Itf Women Doubles,Hard,2026-02-27 02:31:25
11399,"W75 Lexington, KY",271,Itf Women Singles,Hard,2026-02-27 02:31:25
11767,W75 Lisbon,271,Itf Women Singles,Clay,2026-02-27 02:31:25
11768,W75 Lisbon,287,Itf Women Doubles,Clay,2026-02-27 02:31:25
10992,W75 Luan,287,Itf Women Doubles,Hard,2026-02-27 02:31:25
10981,W75 Luan,271,Itf Women Singles,Hard,2026-02-27 02:31:25
13623,W75 Manama,271,Itf Women Singles,Hard,2026-02-27 02:31:25
13618,W75 Manama,287,Itf Women Doubles,Hard,2026-02-27 02:31:25
10784,W75 Maribor,287,Itf Women Doubles,Hard,2026-02-27 02:31:25
10783,W75 Maribor,271,Itf Women Singles,Hard,2026-02-27 02:31:25
11259,W75 Montpellier,271,Itf Women Singles,Clay,2026-02-27 02:31:25
11255,W75 Montpellier,287,Itf Women Doubles,Clay,2026-02-27 02:31:25
12369,W75 Murska Sobota,287,Itf Women Doubles,Hard,2026-02-27 02:31:25
12368,W75 Murska Sobota,271,Itf Women Singles,Hard,2026-02-27 02:31:25
12162,W75 Nonthaburi,271,Itf Women Singles,Hard,2026-02-27 02:31:25
12163,W75 Nonthaburi,287,Itf Women Doubles,Hard,2026-02-27 02:31:25
12177,W75 Nonthaburi 2,287,Itf Women Doubles,Hard,2026-02-27 02:31:25
12176,W75 Nonthaburi 2,271,Itf Women Singles,Hard,2026-02-27 02:31:25
13593,W75 Nonthaburi 3,271,Itf Women Singles,Hard,2026-02-27 02:31:25
13594,W75 Nonthaburi 3,287,Itf Women Doubles,Hard,2026-02-27 02:31:25
11189,W75 Olomouc,287,Itf Women Doubles,Clay,2026-02-27 02:31:25
11188,W75 Olomouc,271,Itf Women Singles,Clay,2026-02-27 02:31:25
11732,W75 Pazardzhik,271,Itf Women Singles,Clay,2026-02-27 02:31:25
11733,W75 Pazardzhik,287,Itf Women Doubles,Clay,2026-02-27 02:31:25
11660,W75 Perth,287,Itf Women Doubles,Hard,2026-02-27 02:31:25
11659,W75 Perth,271,Itf Women Singles,Hard,2026-02-27 02:31:25
11730,W75 Perth 2,271,Itf Women Singles,Hard,2026-02-27 02:31:25
11731,W75 Perth 2,287,Itf Women Doubles,Hard,2026-02-27 02:31:25
12001,W75 Petange,287,Itf Women Doubles,Hard,2026-02-27 02:31:25
12000,W75 Petange,271,Itf Women Singles,Hard,2026-02-27 02:31:25
11901,W75 Playford,271,Itf Women Singles,Hard,2026-02-27 02:31:25
11902,W75 Playford,287,Itf Women Doubles,Hard,2026-02-27 02:31:25
13373,W75 Poitiers,287,Itf Women Doubles,Hard,2026-02-27 02:31:25
13371,W75 Poitiers,271,Itf Women Singles,Hard,2026-02-27 02:31:25
10666,W75 Porto,271,Itf Women Singles,Hard,2026-02-27 02:31:25
10667,W75 Porto,287,Itf Women Doubles,Hard,2026-02-27 02:31:25
11313,W75 Porto 2,287,Itf Women Doubles,Hard,2026-02-27 02:31:25
11311,W75 Porto 2,271,Itf Women Singles,Hard,2026-02-27 02:31:25
10983,W75 Prague,271,Itf Women Singles,Clay,2026-02-27 02:31:25
10993,W75 Prague,287,Itf Women Doubles,Clay,2026-02-27 02:31:25
12467,W75 Prague 2,287,Itf Women Doubles,Clay,2026-02-27 02:31:25
12466,W75 Prague 2,271,Itf Women Singles,Clay,2026-02-27 02:31:25
11553,W75 Prerov,271,Itf Women Singles,Clay,2026-02-27 02:31:25
11554,W75 Prerov,287,Itf Women Doubles,Clay,2026-02-27 02:31:25
12211,W75 Pune,287,Itf Women Doubles,Hard,2026-02-27 02:31:25
12208,W75 Pune,271,Itf Women Singles,Hard,2026-02-27 02:31:25
13347,W75 Quinta do Lago,271,Itf Women Singles,Hard,2026-02-27 02:31:25
13348,W75 Quinta do Lago,287,Itf Women Doubles,Hard,2026-02-27 02:31:25
11812,"W75 Rancho Santa Fe, CA",287,Itf Women Doubles,Hard,2026-02-27 02:31:25
11811,"W75 Rancho Santa Fe, CA",271,Itf Women Singles,Hard,2026-02-27 02:31:25
10749,W75 Ricany,271,Itf Women Singles,Hard,2026-02-27 02:31:25
10750,W75 Ricany,287,Itf Women Doubles,Hard,2026-02-27 02:31:25
10605,"W75 Rome, GA",287,Itf Women Doubles,Hard,2026-02-27 02:31:25
10604,"W75 Rome, GA",271,Itf Women Singles,Hard,2026-02-27 02:31:25
13364,W75 Saguenay,271,Itf Women Singles,Hard,2026-02-27 02:31:25
13365,W75 Saguenay,287,Itf Women Doubles,Hard,2026-02-27 02:31:25
12468,W75 Saint-Gaudens,287,Itf Women Doubles,Clay,2026-02-27 02:31:25
12472,W75 Saint-Gaudens,271,Itf Women Singles,Clay,2026-02-27 02:31:25
11813,W75 Sao Paulo,271,Itf Women Singles,Clay,2026-02-27 02:31:25
11814,W75 Sao Paulo,287,Itf Women Doubles,Clay,2026-02-27 02:31:25
11792,W75 Sibenik,287,Itf Women Doubles,Clay,2026-02-27 02:31:25
11791,W75 Sibenik,271,Itf Women Singles,Clay,2026-02-27 02:31:25
10844,W75 Split,271,Itf Women Singles,Clay,2026-02-27 02:31:25
10845,W75 Split,287,Itf Women Doubles,Clay,2026-02-27 02:31:25
11126,"W75 Sumter, SC",287,Itf Women Doubles,Hard,2026-02-27 02:31:25
11125,"W75 Sumter, SC",271,Itf Women Singles,Hard,2026-02-27 02:31:25
11940,W75 Sydney,271,Itf Women Singles,Hard,2026-02-27 02:31:25
11941,W75 Sydney,287,Itf Women Doubles,Hard,2026-02-27 02:31:25
12316,W75 Szekesfehervar,287,Itf Women Doubles,Clay,2026-02-27 02:31:25
12314,W75 Szekesfehervar,271,Itf Women Singles,Clay,2026-02-27 02:31:25
12311,W75 Targu Mures,271,Itf Women Singles,Hard,2026-02-27 02:31:25
12312,W75 Targu Mures,287,Itf Women Doubles,Hard,2026-02-27 02:31:25
11775,"W75 Templeton, CA",287,Itf Women Doubles,Hard,2026-02-27 02:31:25
11774,"W75 Templeton, CA",271,Itf Women Singles,Hard,2026-02-27 02:31:25
11287,W75 The Hague,271,Itf Women Singles,Clay,2026-02-27 02:31:25
11291,W75 The Hague,287,Itf Women Doubles,Clay,2026-02-27 02:31:25
13413,W75 Toronto,287,Itf Women Doubles,Hard,2026-02-27 02:31:25
13412,W75 Toronto,271,Itf Women Singles,Hard,2026-02-27 02:31:25
10728,W75 Trnava,271,Itf Women Singles,Hard,2026-02-27 02:31:25
10729,W75 Trnava,287,Itf Women Doubles,Hard,2026-02-27 02:31:25
10979,W75 Trnava 2,287,Itf Women Doubles,Clay,2026-02-27 02:31:25
10978,W75 Trnava 2,271,Itf Women Singles,Clay,2026-02-27 02:31:25
12098,W75 Trnava 3,271,Itf Women Singles,Hard,2026-02-27 02:31:25
12099,W75 Trnava 3,287,Itf Women Doubles,Hard,2026-02-27 02:31:25
13535,W75 Trnava 4,287,Itf Women Doubles,Hard,2026-02-27 02:31:25
13534,W75 Trnava 4,271,Itf Women Singles,Hard,2026-02-27 02:31:25
12364,W75 Vacaria,271,Itf Women Singles,Clay,2026-02-27 02:31:25
12365,W75 Vacaria,287,Itf Women Doubles,Clay,2026-02-27 02:31:25
12202,"W75 Vero Beach, FL",287,Itf Women Doubles,Clay,2026-02-27 02:31:25
12201,"W75 Vero Beach, FL",271,Itf Women Singles,Clay,2026-02-27 02:31:25
11632,W75 Vienna,271,Itf Women Singles,Clay,2026-02-27 02:31:25
11633,W75 Vienna,287,Itf Women Doubles,Clay,2026-02-27 02:31:25
12752,W75 Vitoria - Gasteiz,287,Itf Women Doubles,Hard,2026-02-27 02:31:25
12761,W75 Vitoria - Gasteiz,271,Itf Women Singles,Hard,2026-02-27 02:31:25
11021,W75 Zagreb,271,Itf Women Singles,Clay,2026-02-27 02:31:25
11022,W75 Zagreb,287,Itf Women Doubles,Clay,2026-02-27 02:31:25
12642,W75 Zagreb 2,287,Itf Women Doubles,Clay,2026-02-27 02:31:25
12641,W75 Zagreb 2,271,Itf Women Singles,Clay,2026-02-27 02:31:25
10989,"W75 Zephyrhills, FL",271,Itf Women Singles,Clay,2026-02-27 02:31:25
10995,"W75 Zephyrhills, FL",287,Itf Women Doubles,Clay,2026-02-27 02:31:25
11979,W75+ H Toronto,287,Itf Women Doubles,Hard,2026-02-27 02:31:25
11978,W75+ H Toronto,271,Itf Women Singles,Hard,2026-02-27 02:31:25
11855,W75+H Calgary,271,Itf Women Singles,Hard,2026-02-27 02:31:25
11856,W75+H Calgary,287,Itf Women Doubles,Hard,2026-02-27 02:31:25
11327,W75+H Granby,287,Itf Women Doubles,Hard,2026-02-27 02:31:25
11301,W75+H Granby,271,Itf Women Singles,Hard,2026-02-27 02:31:25
11916,W75+H Poitiers,271,Itf Women Singles,Hard,2026-02-27 02:31:25
11917,W75+H Poitiers,287,Itf Women Doubles,Hard,2026-02-27 02:31:25
10567,W75+H Porto,287,Itf Women Doubles,Hard,2026-02-27 02:31:25
10566,W75+H Porto,271,Itf Women Singles,Hard,2026-02-27 02:31:25
11296,W75+H Rome,271,Itf Women Singles,Clay,2026-02-27 02:31:25
11297,W75+H Rome,287,Itf Women Doubles,Clay,2026-02-27 02:31:25
11896,W75+H Saguenay,287,Itf Women Doubles,Hard,2026-02-27 02:31:25
11895,W75+H Saguenay,271,Itf Women Singles,Hard,2026-02-27 02:31:25
10988,W75+H Saint-Gaudens,271,Itf Women Singles,Clay,2026-02-27 02:31:25
10994,W75+H Saint-Gaudens,287,Itf Women Doubles,Clay,2026-02-27 02:31:25
10574,"W75+H Vero Beach, FL",287,Itf Women Doubles,Clay,2026-02-27 02:31:25
10573,"W75+H Vero Beach, FL",271,Itf Women Singles,Clay,2026-02-27 02:31:25
9949,W80 Brasilia,271,Itf Women Singles,Hard,2026-02-27 02:31:25
9976,W80 Brasilia,287,Itf Women Doubles,Hard,2026-02-27 02:31:25
9146,W80 Cagnes-Sur-Mer,287,Itf Women Doubles,Clay,2026-02-27 02:31:25
3606,W80 Cagnes-Sur-Mer,271,Itf Women Singles,Clay,2026-02-27 02:31:25
9510,W80 Gifu,271,Itf Women Singles,Hard,2026-02-27 02:31:25
9533,W80 Gifu,287,Itf Women Doubles,Hard,2026-02-27 02:31:25
10138,W80 Le Neubourg,287,Itf Women Doubles,Hard,2026-02-27 02:31:25
10137,W80 Le Neubourg,271,Itf Women Singles,Hard,2026-02-27 02:31:25
3650,W80 Macon,271,Itf Women Singles,Hard,2026-02-27 02:31:25
4812,"W80 Macon, GA",271,Itf Women Singles,,2026-02-27 02:31:25
3654,"W80 Macon, GA",287,Itf Women Doubles,Hard,2026-02-27 02:31:25
8280,W80 Madrid,287,Itf Women Doubles,Clay,2026-02-27 02:31:25
8277,W80 Madrid,271,Itf Women Singles,Clay,2026-02-27 02:31:25
5414,W80 Oeiras,271,Itf Women Singles,Clay,2026-02-27 02:31:25
5415,W80 Oeiras,287,Itf Women Doubles,Clay,2026-02-27 02:31:25
4845,W80 Poitiers,287,Itf Women Doubles,Hard,2026-02-27 02:31:25
4841,W80 Poitiers,271,Itf Women Singles,Hard (Indoor),2026-02-27 02:31:25
8009,"W80 Rancho Santa Fe, CA",271,Itf Women Singles,Hard,2026-02-27 02:31:25
8010,"W80 Rancho Santa Fe, CA",287,Itf Women Doubles,Hard,2026-02-27 02:31:25
3784,"W80 Tyler, TX",287,Itf Women Doubles,Hard,2026-02-27 02:31:25
3828,"W80 Tyler, TX",271,Itf Women Singles,Hard,2026-02-27 02:31:25
4623,W80 Valencia,271,Itf Women Singles,Clay,2026-02-27 02:31:25
4624,W80 Valencia,287,Itf Women Doubles,Clay,2026-02-27 02:31:25
4660,W80 Valencia 2,287,Itf Women Doubles,Clay,2026-02-27 02:31:25
4659,W80 Valencia 2,271,Itf Women Singles,Clay,2026-02-27 02:31:25
4655,W80 Wiesbaden,271,Itf Women Singles,Clay,2026-02-27 02:31:25
4656,W80 Wiesbaden,287,Itf Women Doubles,Clay,2026-02-27 02:31:25
9448,W80 Zaragoza,287,Itf Women Doubles,Clay,2026-02-27 02:31:25
9447,W80 Zaragoza,271,Itf Women Singles,Clay,2026-02-27 02:31:25
4686,W80+H Le Neubourg,271,Itf Women Singles,Hard,2026-02-27 02:31:25
4687,W80+H Le Neubourg,287,Itf Women Doubles,Hard,2026-02-27 02:31:25
4843,W80+H Les Franqueses del Valles,287,Itf Women Doubles,Hard,2026-02-27 02:31:25
4842,W80+H Les Franqueses del Valles,271,Itf Women Singles,Hard,2026-02-27 02:31:25
8339,W80+H Valencia,271,Itf Women Singles,Clay,2026-02-27 02:31:25
8340,W80+H Valencia,287,Itf Women Doubles,Clay,2026-02-27 02:31:25
8619,Waco,282,Challenger Men Doubles,Hard,2026-02-27 02:31:25
2254,Waco,270,Itf Men Singles,Hard (Indoor),2026-02-27 02:31:25
2248,Waco,271,Itf Women Singles,Hard,2026-02-27 02:31:25
8620,Waco,281,Challenger Men Singles,Hard,2026-02-27 02:31:25
3093,Waco 2,270,Itf Men Singles,Hard (Indoor),2026-02-27 02:31:25
3799,Warsaw,265,Atp Singles,Clay,2026-02-27 02:31:25
2830,Warsaw,266,Wta Singles,Clay,2026-02-27 02:31:25
13065,Warsaw,267,Atp Doubles,Clay,2026-02-27 02:31:25
7498,Warsaw,268,Wta Doubles,Clay,2026-02-27 02:31:25
3156,Warsaw,271,Itf Women Singles,Clay,2026-02-27 02:31:25
11337,Warsaw,272,Challenger Women Singles,Hard,2026-02-27 02:31:25
11338,Warsaw,275,Challenger Women Doubles,Hard,2026-02-27 02:31:25
4503,Warsaw,281,Challenger Men Singles,Clay,2026-02-27 02:31:25
9257,Warsaw,282,Challenger Men Doubles,Clay,2026-02-27 02:31:25
1532,Washington,265,Atp Singles,Hard,2026-02-27 02:31:25
1534,Washington,266,Wta Singles,Hard,2026-02-27 02:31:25
1208,Washington,267,Atp Doubles,hard,2026-02-27 02:31:25
7562,Washington,268,Wta Doubles,hard,2026-02-27 02:31:25
3765,Washington 2,266,Wta Singles,Hard,2026-02-27 02:31:25
9249,Washington 2,268,Wta Doubles,Hard,2026-02-27 02:31:25
1431,Waterloo,271,Itf Women Singles,Clay,2026-02-27 02:31:25
3710,Wellington,265,Atp Singles,Hard,2026-02-27 02:31:25
3766,Wellington,266,Wta Singles,Hard,2026-02-27 02:31:25
9197,Wellington,267,Atp Doubles,Hard,2026-02-27 02:31:25
9250,Wellington,268,Wta Doubles,Hard,2026-02-27 02:31:25
1512,Wels,270,Itf Men Singles,Clay,2026-02-27 02:31:25
3800,Wembley,265,Atp Singles,Hard (Indoor),2026-02-27 02:31:25
13066,Wembley,267,Atp Doubles,Hard (Indoor),2026-02-27 02:31:25
1982,Wenshan,271,Itf Women Singles,Hard,2026-02-27 02:31:25
2630,West Lakes - Adelaide,281,Challenger Men Singles,Hard,2026-02-27 02:31:25
8781,West Lakes - Adelaide,282,Challenger Men Doubles,Hard,2026-02-27 02:31:25
3822,Westchester,266,Wta Singles,Hard,2026-02-27 02:31:25
13088,Westchester,268,Wta Doubles,Hard,2026-02-27 02:31:25
1449,Westende,270,Itf Men Singles,Hard,2026-02-27 02:31:25
1541,Westende-Middelkerke,271,Itf Women Singles,Hard,2026-02-27 02:31:25
1497,Wetzlar,270,Itf Men Singles,Clay,2026-02-27 02:31:25
3823,Wichita,266,Wta Singles,Hard,2026-02-27 02:31:25
13089,Wichita,268,Wta Doubles,Hard,2026-02-27 02:31:25
2223,Wichita,270,Itf Men Singles,Hard,2026-02-27 02:31:25
2001,Wiesbaden,271,Itf Women Singles,Clay,2026-02-27 02:31:25
3027,Williamsburg,271,Itf Women Singles,Clay,2026-02-27 02:31:25
9045,Williamsburg,287,Itf Women Doubles,Clay,2026-02-27 02:31:25
1378,Williamsburg 2,271,Itf Women Singles,Clay,2026-02-27 02:31:25
2053,Wimbledon,265,Atp Singles,Grass,2026-02-27 02:31:25
1379,Wimbledon,266,Wta Singles,Grass,2026-02-27 02:31:25
1380,Wimbledon,267,Atp Doubles,Grass,2026-02-27 02:31:25
1381,Wimbledon,268,Wta Doubles,Grass,2026-02-27 02:31:25
1400,Wimbledon,269,Mixed Doubles,Grass,2026-02-27 02:31:25
2295,Wimbledon,277,Boys Singles,Grass,2026-02-27 02:31:25
2296,Wimbledon,278,Girls Singles,Grass,2026-02-27 02:31:25
2297,Wimbledon,279,Boys Doubles,Grass,2026-02-27 02:31:25
2298,Wimbledon,280,Girls Doubles,Grass,2026-02-27 02:31:25
2412,Winnetka,281,Challenger Men Singles,Hard,2026-02-27 02:31:25
8741,Winnetka,282,Challenger Men Doubles,Hard,2026-02-27 02:31:25
7494,Winnipeg,282,Challenger Men Doubles,Hard,2026-02-27 02:31:25
1561,Winnipeg,270,Itf Men Singles,Hard,2026-02-27 02:31:25
2402,Winnipeg,281,Challenger Men Singles,Hard,2026-02-27 02:31:25
12994,Winston Salem,281,Challenger Men Singles,Hard,2026-02-27 02:31:25
12999,Winston Salem,282,Challenger Men Doubles,Hard,2026-02-27 02:31:25
1214,Winston-Salem,265,Atp Singles,Hard,2026-02-27 02:31:25
1216,Winston-Salem,267,Atp Doubles,Hard,2026-02-27 02:31:25
2213,Winston-Salem,270,Itf Men Singles,Hard,2026-02-27 02:31:25
2764,Winston-Salem 2,270,Itf Men Singles,Hard,2026-02-27 02:31:25
8981,Wirral,264,Itf Men Doubles,Hard,2026-02-27 02:31:25
1847,Wirral,270,Itf Men Singles,Hard (Indoor),2026-02-27 02:31:25
1458,Woking-Foxhills,271,Itf Women Singles,Hard,2026-02-27 02:31:25
2613,Wolfsburg,281,Challenger Men Singles,Hard,2026-02-27 02:31:25
3824,Worcester,266,Wta Singles,Hard (Indoor),2026-02-27 02:31:25
13090,Worcester,268,Wta Doubles,Hard (Indoor),2026-02-27 02:31:25
9251,World Doubles Cup,268,Wta Doubles,Clay,2026-02-27 02:31:25
3519,World TeamTennis,276,Exhibition Women,Hard,2026-02-27 02:31:25
3518,World TeamTennis,283,Exhibition Men,Hard,2026-02-27 02:31:25
3520,World TeamTennis,284,Exhibition Doubles Men,Hard,2026-02-27 02:31:25
3546,World TeamTennis,286,Exhibition Teams,Hard,2026-02-27 02:31:25
3521,World TeamTennis,288,Exhibition Doubles Women,Hard,2026-02-27 02:31:25
3522,World TeamTennis,289,Exhibition Mixed Doubles,Hard,2026-02-27 02:31:25
3033,World Tennis Challenge,286,Exhibition Teams,Hard,2026-02-27 02:31:25
8436,World Tennis Championship,283,Exhibition Men,Hard,2026-02-27 02:31:25
13222,World Tennis Day,284,Exhibition Doubles Men,Hard (Indoor),2026-02-27 02:31:25
3910,World Tennis Day,276,Exhibition Women,Hard,2026-02-27 02:31:25
8439,World Tennis League,276,Exhibition Women,Hard (Indoor),2026-02-27 02:31:25
8437,World Tennis League,283,Exhibition Men,Hard (Indoor),2026-02-27 02:31:25
10497,World Tennis League,284,Exhibition Doubles Men,Hard (Indoor),2026-02-27 02:31:25
10498,World Tennis League,288,Exhibition Doubles Women,Hard (Indoor),2026-02-27 02:31:25
8438,World Tennis League,289,Exhibition Mixed Doubles,Hard (Indoor),2026-02-27 02:31:25
8440,World Tennis League Teams,274,Teams Mix,Hard (Indoor),2026-02-27 02:31:25
1501,Wrexham,270,Itf Men Singles,Hard,2026-02-27 02:31:25
1482,Wrexham,271,Itf Women Singles,Hard,2026-02-27 02:31:25
13221,Wrexham,287,Itf Women Doubles,Hard,2026-02-27 02:31:25
1505,Wrexham 2,271,Itf Women Singles,Hard,2026-02-27 02:31:25
2652,Wroclaw,281,Challenger Men Singles,Hard (Indoor),2026-02-27 02:31:25
8777,Wroclaw,282,Challenger Men Doubles,Hard (Indoor),2026-02-27 02:31:25
3872,WTA Abu Dhabi,266,Wta Singles,Hard,2026-02-27 02:31:25
8550,WTA Abu Dhabi,268,Wta Doubles,Hard,2026-02-27 02:31:25
3224,WTA Adelaide,266,Wta Singles,Hard,2026-02-27 02:31:25
3228,WTA Adelaide,268,Wta Doubles,Hard,2026-02-27 02:31:25
1230,WTA Auckland,266,Wta Singles,Hard,2026-02-27 02:31:25
8470,WTA Auckland,268,Wta Doubles,Hard,2026-02-27 02:31:25
8618,WTA Austin,266,Wta Singles,Hard,2026-02-27 02:31:25
8621,WTA Austin,268,Wta Doubles,Hard,2026-02-27 02:31:25
1237,WTA Australian Open,266,Wta Singles,Hard,2026-02-27 02:31:25
1234,WTA Australian Open,268,Wta Doubles,Hard,2026-02-27 02:31:25
2741,WTA Billie Jean King Cup - Group I,266,Wta Singles,- Promotion,2026-02-27 02:31:25
2742,WTA Billie Jean King Cup - Group I,268,Wta Doubles,- Promotion,2026-02-27 02:31:25
2732,WTA Billie Jean King Cup - Group II,266,Wta Singles,- Relegation,2026-02-27 02:31:25
2731,WTA Billie Jean King Cup - Group II,268,Wta Doubles,- Promotion,2026-02-27 02:31:25
2762,WTA Billie Jean King Cup - Group III,266,Wta Singles,- Promotion,2026-02-27 02:31:25
2763,WTA Billie Jean King Cup - Group III,268,Wta Doubles,- Promotion,2026-02-27 02:31:25
11133,WTA Billie Jean King Cup - Group IV,266,Wta Singles,,2026-02-27 02:31:25
11134,WTA Billie Jean King Cup - Group IV,268,Wta Doubles,,2026-02-27 02:31:25
3330,WTA Billie Jean King Cup - World Group,266,Wta Singles,- Qualification,2026-02-27 02:31:25
2714,WTA Billie Jean King Cup - World Group,268,Wta Doubles,,2026-02-27 02:31:25
1227,WTA Brisbane,266,Wta Singles,Hard,2026-02-27 02:31:25
8661,WTA Brisbane,268,Wta Doubles,Hard,2026-02-27 02:31:25
4407,WTA Cluj-Napoca,266,Wta Singles,Clay,2026-02-27 02:31:25
4409,WTA Cluj-Napoca,268,Wta Doubles,Clay,2026-02-27 02:31:25
1853,WTA Doha,266,Wta Singles,Hard,2026-02-27 02:31:25
1241,WTA Doha,268,Wta Doubles,Hard,2026-02-27 02:31:25
1243,WTA Dubai,266,Wta Singles,Hard,2026-02-27 02:31:25
1247,WTA Dubai,268,Wta Doubles,Hard,2026-02-27 02:31:25
1808,WTA Hobart,266,Wta Singles,Hard,2026-02-27 02:31:25
8484,WTA Hobart,268,Wta Doubles,Hard,2026-02-27 02:31:25
12735,WTA Hopman Cup,266,Wta Singles,Clay,2026-02-27 02:31:25
8587,WTA Merida,266,Wta Singles,Hard,2026-02-27 02:31:25
8591,WTA Merida,268,Wta Doubles,Hard,2026-02-27 02:31:25
3646,WTA Ostrava,266,Wta Singles,Hard (Indoor),2026-02-27 02:31:25
3649,WTA Ostrava,268,Wta Doubles,Hard (Indoor),2026-02-27 02:31:25
8456,WTA United Cup,266,Wta Singles,Hard,2026-02-27 02:31:25
2885,Wuhai,281,Challenger Men Singles,Hard,2026-02-27 02:31:25
13049,Wuhai,282,Challenger Men Doubles,Hard,2026-02-27 02:31:25
13050,Wuhan,282,Challenger Men Doubles,Hard,2026-02-27 02:31:25
2236,Wuhan,266,Wta Singles,Hard,2026-02-27 02:31:25
8696,Wuhan,268,Wta Doubles,Hard,2026-02-27 02:31:25
2173,Wuhan,271,Itf Women Singles,Hard,2026-02-27 02:31:25
2614,Wuhan,281,Challenger Men Singles,Hard,2026-02-27 02:31:25
10974,Wuxi,281,Challenger Men Singles,Hard,2026-02-27 02:31:25
10977,Wuxi,282,Challenger Men Doubles,Hard,2026-02-27 02:31:25
2812,Xabia,270,Itf Men Singles,Clay,2026-02-27 02:31:25
1494,Xativa,270,Itf Men Singles,Clay,2026-02-27 02:31:25
2165,Xi'an,271,Itf Women Singles,Hard,2026-02-27 02:31:25
2210,Xuzhou,271,Itf Women Singles,Hard,2026-02-27 02:31:25
1439,Yakima,271,Itf Women Singles,Hard,2026-02-27 02:31:25
1575,Yeong Wol,271,Itf Women Singles,Hard,2026-02-27 02:31:25
2631,Yeongwol,281,Challenger Men Singles,Hard,2026-02-27 02:31:25
9307,Yeongwol,282,Challenger Men Doubles,,2026-02-27 02:31:25
8322,Yokkaichi,282,Challenger Men Doubles,Hard,2026-02-27 02:31:25
3155,Yokkaichi,281,Challenger Men Singles,Hard,2026-02-27 02:31:25
2510,Yokohama,281,Challenger Men Singles,Hard,2026-02-27 02:31:25
8154,Yokohama,282,Challenger Men Doubles,Hard,2026-02-27 02:31:25
8982,Yoshkar Ola,264,Itf Men Doubles,Hard,2026-02-27 02:31:25
1885,Yoshkar Ola,270,Itf Men Singles,Hard (Indoor),2026-02-27 02:31:25
2886,Yuba City,281,Challenger Men Singles,Hard,2026-02-27 02:31:25
13176,Yuxi,264,Itf Men Doubles,Hard,2026-02-27 02:31:25
1991,Yuxi,270,Itf Men Singles,Hard,2026-02-27 02:31:25
13177,Zacatecas,264,Itf Men Doubles,Hard,2026-02-27 02:31:25
2951,Zacatecas,270,Itf Men Singles,Hard,2026-02-27 02:31:25
3964,Zadar,281,Challenger Men Singles,Clay,2026-02-27 02:31:25
3965,Zadar,282,Challenger Men Doubles,Clay,2026-02-27 02:31:25
4038,Zagreb,282,Challenger Men Doubles,Clay,2026-02-27 02:31:25
9046,Zagreb,287,Itf Women Doubles,Clay,2026-02-27 02:31:25
8983,Zagreb,264,Itf Men Doubles,Hard,2026-02-27 02:31:25
1843,Zagreb,265,Atp Singles,Hard (Indoor),2026-02-27 02:31:25
8679,Zagreb,267,Atp Doubles,Hard (Indoor),2026-02-27 02:31:25
1858,Zagreb,270,Itf Men Singles,Hard (Indoor),2026-02-27 02:31:25
3028,Zagreb,271,Itf Women Singles,Clay,2026-02-27 02:31:25
2887,Zagreb,281,Challenger Men Singles,Clay,2026-02-27 02:31:25
8984,Zagreb 2,264,Itf Men Doubles,Hard,2026-02-27 02:31:25
1873,Zagreb 2,270,Itf Men Singles,Hard (Indoor),2026-02-27 02:31:25
3711,Zaragoza,265,Atp Singles,Hard (Indoor),2026-02-27 02:31:25
9198,Zaragoza,267,Atp Doubles,Hard (Indoor),2026-02-27 02:31:25
1766,Zawada,271,Itf Women Singles,Hard (Indoor),2026-02-27 02:31:25
1294,Zhangjiagang,270,Itf Men Singles,Hard,2026-02-27 02:31:25
2778,Zhangjiagang,281,Challenger Men Singles,Hard,2026-02-27 02:31:25
8887,Zhangjiagang,282,Challenger Men Doubles,Hard,2026-02-27 02:31:25
3163,Zhengzhou,266,Wta Singles,Hard,2026-02-27 02:31:25
9073,Zhengzhou,268,Wta Doubles,Hard,2026-02-27 02:31:25
2279,Zhengzhou,271,Itf Women Singles,Hard,2026-02-27 02:31:25
2728,Zhengzhou,272,Challenger Women Singles,Hard,2026-02-27 02:31:25
8874,Zhengzhou,275,Challenger Women Doubles,Hard,2026-02-27 02:31:25
3174,Zhuhai,265,Atp Singles,Hard,2026-02-27 02:31:25
2247,Zhuhai,266,Wta Singles,Hard (Indoor),2026-02-27 02:31:25
9075,Zhuhai,267,Atp Doubles,Hard,2026-02-27 02:31:25
13028,Zhuhai,268,Wta Doubles,Hard (Indoor),2026-02-27 02:31:25
2239,Zhuhai,271,Itf Women Singles,Hard,2026-02-27 02:31:25
2441,Zhuhai,281,Challenger Men Singles,Hard,2026-02-27 02:31:25
8770,Zhuhai,282,Challenger Men Doubles,Hard,2026-02-27 02:31:25
3544,Zilina Open,283,Exhibition Men,Clay,2026-02-27 02:31:25
9131,Zilina Open,284,Exhibition Doubles Men,Clay,2026-02-27 02:31:25
9132,Zilina Open,288,Exhibition Doubles Women,Clay,2026-02-27 02:31:25
3545,Zilina Open,276,Exhibition Women,Clay,2026-02-27 02:31:25
1336,Zlin,271,Itf Women Singles,Clay,2026-02-27 02:31:25
7497,Zug,281,Challenger Men Singles,Clay,2026-02-27 02:31:25
7496,Zug,282,Challenger Men Doubles,Clay,2026-02-27 02:31:25
1344,Zuidwolde,270,Itf Men Singles,Clay,2026-02-27 02:31:25
2831,Zürich,266,Wta Singles,Hard,2026-02-27 02:31:25
9252,Zürich,268,Wta Doubles,Hard,2026-02-27 02:31:25
